liga,player,team,nation,pos,age,born,mp,min,msc_Performance_CrdY,msc_Performance_CrdR,msc_Performance_2CrdY,msc_Performance_Fls,msc_Performance_Fld,msc_Performance_Off,msc_Performance_Crs,msc_Performance_Int,msc_Performance_TklW,msc_Performance_PKwon,msc_Performance_PKcon,msc_Performance_OG
Bundesliga,Arne Engels,Augsburg,BEL,"MF,DF",19,2003,32,1405,1.0,1.0,0.0,24.0,15.0,1.0,82.0,14.0,21.0,,,0.0
Bundesliga,Arne Maier,Augsburg,GER,"MF,FW",24,1999,22,1003,0.0,0.0,0.0,4.0,4.0,0.0,83.0,6.0,9.0,,,0.0
Bundesliga,Dion Drena Beljo,Augsburg,CRO,"FW,MF",21,2002,26,581,2.0,0.0,0.0,9.0,7.0,6.0,3.0,1.0,0.0,,,0.0
Bundesliga,Elvis Rexhbeçaj,Augsburg,KVX,MF,25,1997,25,1985,4.0,0.0,0.0,20.0,42.0,2.0,22.0,20.0,21.0,,,0.0
Bundesliga,Ermedin Demirović,Augsburg,BIH,"FW,MF",25,1998,33,2873,7.0,0.0,0.0,60.0,35.0,16.0,10.0,11.0,14.0,,,0.0
Bundesliga,Finn Dahmen,Augsburg,GER,GK,25,1998,31,2790,4.0,0.0,0.0,2.0,4.0,0.0,0.0,0.0,0.0,,,1.0
Bundesliga,Fredrik Jensen,Augsburg,FIN,MF,25,1997,22,1338,1.0,0.0,0.0,14.0,2.0,5.0,91.0,13.0,13.0,,,0.0
Bundesliga,Iago,Augsburg,BRA,"DF,MF",26,1997,23,1622,4.0,0.0,0.0,15.0,23.0,4.0,45.0,17.0,17.0,,,0.0
Bundesliga,Irvin Cardona,Augsburg,MLT,"FW,MF",25,1997,3,54,1.0,0.0,0.0,1.0,0.0,0.0,5.0,0.0,1.0,,,0.0
Bundesliga,Jeffrey Gouweleeuw,Augsburg,NED,DF,32,1991,30,2593,7.0,0.0,0.0,26.0,9.0,4.0,16.0,34.0,24.0,,,0.0
Bundesliga,Kevin Mbabu,Augsburg,SUI,"DF,MF",28,1995,25,2047,5.0,0.0,0.0,45.0,26.0,2.0,100.0,22.0,40.0,,,0.0
Bundesliga,Kristijan Jakić,Augsburg,CRO,MF,26,1997,14,1051,4.0,0.0,0.0,18.0,17.0,0.0,6.0,18.0,12.0,,,0.0
Bundesliga,Mads Pedersen,Augsburg,DEN,"DF,MF",26,1996,27,1786,5.0,1.0,0.0,34.0,26.0,2.0,54.0,18.0,40.0,,,0.0
Bundesliga,Mahmut Kücüksahin,Augsburg,,DF,19,2004,1,1,0.0,0.0,0.0,0.0,0.0,0.0,0.0,0.0,0.0,,,0.0
Bundesliga,Masaya Okugawa,Augsburg,JPN,"FW,MF",27,1996,2,32,0.0,0.0,0.0,0.0,0.0,0.0,0.0,0.0,0.0,,,0.0
Bundesliga,Maximilian Bauer,Augsburg,GER,DF,23,2000,14,810,3.0,0.0,0.0,13.0,11.0,0.0,1.0,12.0,10.0,,,0.0
Bundesliga,Mergim Berisha,Augsburg,GER,FW,25,1998,2,122,0.0,0.0,0.0,0.0,3.0,1.0,1.0,0.0,0.0,,,0.0
Bundesliga,Mert Kömür,Augsburg,GER,FW,18,2005,4,118,0.0,0.0,0.0,2.0,2.0,0.0,1.0,1.0,3.0,,,0.0
Bundesliga,Nathanaël Mbuku,Augsburg,COD,"FW,MF",21,2002,1,5,0.0,0.0,0.0,0.0,0.0,0.0,0.0,0.0,0.0,,,0.0
Bundesliga,Niklas Dorsch,Augsburg,GER,MF,25,1998,21,1386,5.0,0.0,0.0,19.0,27.0,0.0,3.0,16.0,24.0,,,0.0
Bundesliga,Ohis Felix Uduokhai,Augsburg,GER,DF,25,1997,33,2921,5.0,1.0,1.0,28.0,23.0,0.0,3.0,44.0,18.0,,,1.0
Bundesliga,Patric Pfeiffer,Augsburg,GHA,DF,23,1999,11,511,0.0,0.0,0.0,7.0,4.0,0.0,2.0,12.0,7.0,,,0.0
Bundesliga,Pep Biel,Augsburg,ESP,"FW,MF",26,1996,11,285,1.0,0.0,0.0,8.0,0.0,0.0,12.0,2.0,3.0,,,0.0
Bundesliga,Phillip Tietz,Augsburg,GER,FW,26,1997,34,2382,1.0,0.0,0.0,41.0,17.0,16.0,7.0,5.0,14.0,,,0.0
Bundesliga,Robert Gumny,Augsburg,POL,"DF,MF",25,1998,13,481,3.0,0.0,0.0,8.0,5.0,0.0,9.0,7.0,5.0,,,0.0
Bundesliga,Ruben Vargas,Augsburg,SUI,"MF,FW",24,1998,31,1962,3.0,0.0,0.0,33.0,28.0,17.0,63.0,5.0,13.0,,,0.0
Bundesliga,Sven Michel,Augsburg,GER,"FW,MF",33,1990,22,583,2.0,0.0,0.0,11.0,4.0,4.0,11.0,0.0,5.0,,,0.0
Bundesliga,Tim Breithaupt,Augsburg,GER,MF,21,2002,16,629,3.0,0.0,0.0,12.0,4.0,0.0,2.0,8.0,12.0,,,0.0
Bundesliga,Tomáš Koubek,Augsburg,CZE,GK,30,1992,3,270,0.0,0.0,0.0,0.0,0.0,0.0,0.0,0.0,1.0,,,0.0
Bundesliga,Aleksandar Pavlovic,Bayern Munich,GER,MF,19,2004,19,1227,6.0,0.0,0.0,20.0,16.0,0.0,18.0,17.0,19.0,,,0.0
Bundesliga,Alphonso Davies,Bayern Munich,CAN,DF,22,2000,29,2065,0.0,0.0,0.0,16.0,20.0,0.0,31.0,25.0,24.0,,,0.0
Bundesliga,Bouna Sarr,Bayern Munich,SEN,DF,31,1992,2,106,0.0,0.0,0.0,0.0,1.0,0.0,1.0,0.0,0.0,,,0.0
Bundesliga,Bryan Zaragoza,Bayern Munich,ESP,MF,21,2001,7,183,1.0,0.0,0.0,2.0,1.0,1.0,10.0,1.0,3.0,,,0.0
Bundesliga,Daniel Peretz,Bayern Munich,ISR,GK,23,2000,1,17,0.0,0.0,0.0,0.0,0.0,0.0,0.0,0.0,0.0,,,0.0
Bundesliga,Dayot Upamecano,Bayern Munich,FRA,DF,24,1998,25,1762,3.0,1.0,1.0,22.0,8.0,2.0,3.0,16.0,21.0,,,0.0
Bundesliga,Eric Dier,Bayern Munich,ENG,DF,29,1994,15,1166,1.0,0.0,0.0,12.0,9.0,1.0,7.0,9.0,8.0,,,0.0
Bundesliga,Eric Maxim Choupo-Moting,Bayern Munich,CMR,MF,34,1989,27,717,1.0,0.0,0.0,10.0,7.0,2.0,11.0,6.0,12.0,,,0.0
Bundesliga,Frans Krätzig,Bayern Munich,GER,"DF,MF",20,2003,4,56,0.0,0.0,0.0,0.0,0.0,1.0,0.0,0.0,0.0,,,0.0
Bundesliga,Harry Kane,Bayern Munich,ENG,FW,30,1993,32,2839,2.0,0.0,0.0,10.0,39.0,13.0,30.0,8.0,9.0,,,0.0
Bundesliga,Jamal Musiala,Bayern Munich,GER,MF,20,2003,24,1755,2.0,0.0,0.0,26.0,39.0,2.0,9.0,13.0,25.0,,,0.0
Bundesliga,Jonathan Asp Jensen,Bayern Munich,DEN,FW,17,2006,1,1,0.0,0.0,0.0,0.0,0.0,0.0,0.0,0.0,0.0,,,0.0
Bundesliga,Joshua Kimmich,Bayern Munich,GER,"MF,DF",28,1995,28,2176,1.0,1.0,0.0,11.0,24.0,2.0,194.0,13.0,33.0,,,0.0
Bundesliga,Kim Min-jae,Bayern Munich,KOR,DF,26,1996,25,1970,3.0,0.0,0.0,19.0,2.0,1.0,2.0,42.0,23.0,,,0.0
Bundesliga,Kingsley Coman,Bayern Munich,FRA,MF,27,1996,17,1113,1.0,0.0,0.0,6.0,19.0,1.0,60.0,2.0,7.0,,,0.0
Bundesliga,Konrad Laimer,Bayern Munich,AUT,"MF,DF",26,1997,29,1772,3.0,0.0,0.0,28.0,15.0,2.0,29.0,15.0,34.0,,,0.0
Bundesliga,Leon Goretzka,Bayern Munich,GER,MF,28,1995,30,2241,3.0,0.0,0.0,23.0,14.0,2.0,10.0,30.0,21.0,,,0.0
Bundesliga,Leroy Sané,Bayern Munich,GER,MF,27,1996,27,2137,4.0,0.0,0.0,26.0,21.0,10.0,87.0,7.0,8.0,,,0.0
Bundesliga,Lovro Zvonarek,Bayern Munich,CRO,MF,18,2005,5,163,0.0,0.0,0.0,3.0,0.0,1.0,1.0,0.0,0.0,,,0.0
Bundesliga,Manuel Neuer,Bayern Munich,GER,GK,37,1986,23,2053,1.0,0.0,0.0,1.0,2.0,0.0,0.0,0.0,1.0,,,0.0
Bundesliga,Mathys Tel,Bayern Munich,FRA,"MF,FW",18,2005,30,1050,2.0,0.0,0.0,18.0,15.0,3.0,19.0,7.0,3.0,,,0.0
Bundesliga,Matteo Perez Vinlöf,Bayern Munich,SWE,DF,17,2005,1,16,0.0,0.0,0.0,1.0,1.0,0.0,1.0,1.0,0.0,,,0.0
Bundesliga,Matthijs de Ligt,Bayern Munich,NED,DF,23,1999,22,1390,5.0,0.0,0.0,12.0,8.0,0.0,2.0,13.0,11.0,,,0.0
Bundesliga,Noussair Mazraoui,Bayern Munich,MAR,DF,25,1997,19,1197,3.0,0.0,0.0,10.0,11.0,0.0,19.0,21.0,20.0,,,0.0
Bundesliga,Raphaël Guerreiro,Bayern Munich,POR,"MF,DF",29,1993,20,1191,2.0,0.0,0.0,3.0,7.0,0.0,43.0,13.0,16.0,,,0.0
Bundesliga,Ryan Gravenberch,Bayern Munich,NED,MF,21,2002,1,10,1.0,0.0,0.0,1.0,0.0,0.0,0.0,0.0,0.0,,,0.0
Bundesliga,Sacha Boey,Bayern Munich,FRA,MF,22,2000,2,109,1.0,0.0,0.0,6.0,3.0,0.0,0.0,1.0,0.0,,,0.0
Bundesliga,Serge Gnabry,Bayern Munich,GER,MF,28,1995,10,432,0.0,0.0,0.0,6.0,2.0,1.0,10.0,3.0,5.0,,,0.0
Bundesliga,Sven Ulreich,Bayern Munich,GER,GK,34,1988,11,990,1.0,0.0,0.0,0.0,0.0,0.0,0.0,0.0,0.0,,,0.0
Bundesliga,Thomas Müller,Bayern Munich,GER,MF,33,1989,31,1654,0.0,0.0,0.0,12.0,22.0,15.0,56.0,2.0,14.0,,,0.0
Bundesliga,Andreas Luthe,Bochum,GER,GK,36,1987,1,90,0.0,0.0,0.0,0.0,0.0,0.0,0.0,0.0,0.0,,,0.0
Bundesliga,Anthony Losilla,Bochum,FRA,MF,37,1986,31,2576,10.0,0.0,0.0,38.0,22.0,5.0,6.0,24.0,36.0,,,0.0
Bundesliga,Bernardo,Bochum,BRA,DF,28,1995,33,2924,9.0,0.0,0.0,53.0,28.0,1.0,30.0,50.0,61.0,,,0.0
Bundesliga,Christopher Antwi-Adjei,Bochum,GHA,"FW,MF",29,1994,25,1216,5.0,0.0,0.0,13.0,17.0,18.0,53.0,2.0,12.0,,,0.0
Bundesliga,Cristian Gamboa,Bochum,CRC,"DF,MF",33,1989,22,1187,6.0,0.0,0.0,14.0,6.0,0.0,24.0,16.0,16.0,,,0.0
Bundesliga,Danilo Soares,Bochum,BRA,MF,31,1991,5,351,0.0,0.0,0.0,5.0,5.0,0.0,4.0,7.0,6.0,,,0.0
Bundesliga,Erhan Mašović,Bochum,SRB,"DF,MF",24,1998,29,2219,7.0,0.0,0.0,22.0,16.0,0.0,5.0,21.0,42.0,,,1.0
Bundesliga,Felix Passlack,Bochum,GER,"DF,MF",25,1998,15,960,2.0,1.0,0.0,14.0,12.0,2.0,39.0,6.0,14.0,,,0.0
Bundesliga,Gonçalo Paciência,Bochum,POR,FW,28,1994,19,650,3.0,0.0,0.0,9.0,22.0,2.0,10.0,0.0,4.0,,,0.0
Bundesliga,Ivan Ordets,Bochum,UKR,DF,31,1992,24,1880,4.0,0.0,0.0,29.0,20.0,3.0,1.0,30.0,13.0,,,1.0
Bundesliga,Keven Schlotterbeck,Bochum,GER,DF,26,1997,27,2185,9.0,0.0,0.0,38.0,32.0,1.0,12.0,34.0,24.0,,,2.0
Bundesliga,Kevin Stöger,Bochum,AUT,MF,29,1993,32,2668,8.0,0.0,0.0,36.0,63.0,1.0,251.0,19.0,30.0,,,0.0
Bundesliga,Lukas Daschner,Bochum,GER,"FW,MF",24,1998,20,536,2.0,0.0,0.0,4.0,9.0,0.0,20.0,2.0,5.0,,,0.0
Bundesliga,Manuel Riemann,Bochum,GER,GK,34,1988,33,2970,5.0,0.0,0.0,2.0,4.0,0.0,1.0,1.0,1.0,,,0.0
Bundesliga,Matúš Bero,Bochum,SVK,"MF,FW",27,1995,24,1661,6.0,0.0,0.0,39.0,20.0,5.0,15.0,12.0,23.0,,,0.0
Bundesliga,Maximilian Wittek,Bochum,GER,"MF,DF",27,1995,21,1070,4.0,0.0,0.0,21.0,26.0,2.0,51.0,18.0,18.0,,,0.0
Bundesliga,Moritz Broschinski,Bochum,GER,"FW,MF",22,2000,26,1247,4.0,0.0,0.0,31.0,13.0,11.0,12.0,0.0,7.0,,,0.0
Bundesliga,Moritz-Broni Kwarteng,Bochum,GHA,"MF,FW",25,1998,11,281,1.0,1.0,0.0,5.0,5.0,2.0,5.0,2.0,2.0,,,0.0
Bundesliga,Noah Loosli,Bochum,SUI,DF,26,1997,10,346,1.0,0.0,0.0,4.0,0.0,0.0,2.0,8.0,7.0,,,0.0
Bundesliga,Patrick Osterhage,Bochum,GER,MF,23,2000,24,1861,5.0,0.0,0.0,21.0,24.0,3.0,21.0,25.0,26.0,,,0.0
Bundesliga,Philipp Förster,Bochum,GER,MF,28,1995,13,385,1.0,0.0,0.0,6.0,9.0,0.0,28.0,7.0,5.0,,,0.0
Bundesliga,Philipp Hofmann,Bochum,GER,FW,30,1993,29,1571,1.0,0.0,0.0,19.0,26.0,4.0,3.0,5.0,5.0,,,0.0
Bundesliga,Simon Zoller,Bochum,GER,"FW,MF",32,1991,1,45,0.0,0.0,0.0,1.0,0.0,0.0,0.0,0.0,0.0,,,0.0
Bundesliga,Takuma Asano,Bochum,JPN,"FW,MF",28,1994,29,1986,2.0,0.0,0.0,14.0,22.0,23.0,38.0,4.0,6.0,,,0.0
Bundesliga,Tim Oermann,Bochum,GER,DF,19,2003,16,714,2.0,0.0,0.0,8.0,8.0,0.0,8.0,3.0,11.0,,,0.0
Bundesliga,Aaron Seydel,Darmstadt 98,GER,FW,27,1996,16,619,1.0,0.0,0.0,9.0,7.0,2.0,1.0,1.0,3.0,,,0.0
Bundesliga,Alexander Brunst,Darmstadt 98,GER,GK,28,1995,3,270,2.0,0.0,0.0,0.0,2.0,0.0,0.0,0.0,0.0,,,0.0
Bundesliga,Andreas Müller,Darmstadt 98,GER,MF,23,2000,11,349,3.0,0.0,0.0,5.0,4.0,0.0,2.0,4.0,9.0,,,0.0
Bundesliga,Asaf Arania,Darmstadt 98,ISR,FW,17,2005,1,6,0.0,0.0,0.0,0.0,0.0,0.0,0.0,0.0,0.0,,,0.0
Bundesliga,Bartol Franjić,Darmstadt 98,CRO,MF,23,2000,20,1229,5.0,0.0,0.0,20.0,2.0,0.0,4.0,30.0,10.0,,,0.0
Bundesliga,Braydon Manu,Darmstadt 98,GHA,MF,26,1997,4,171,1.0,0.0,0.0,4.0,1.0,0.0,4.0,0.0,0.0,,,0.0
Bundesliga,Christoph Klarer,Darmstadt 98,AUT,DF,23,2000,30,2354,9.0,0.0,0.0,29.0,13.0,4.0,8.0,22.0,22.0,,,0.0
Bundesliga,Christoph Zimmermann,Darmstadt 98,GER,DF,30,1993,19,1220,5.0,0.0,0.0,13.0,10.0,1.0,0.0,20.0,21.0,,,1.0
Bundesliga,Clemens Riedel,Darmstadt 98,GER,"DF,MF",20,2003,14,755,2.0,0.0,0.0,10.0,4.0,0.0,8.0,12.0,13.0,,,0.0
Bundesliga,Emir Karic,Darmstadt 98,BIH,"MF,DF",26,1997,27,1783,4.0,0.0,0.0,17.0,8.0,5.0,52.0,13.0,27.0,,,0.0
Bundesliga,Fabian Holland,Darmstadt 98,GER,"MF,DF",33,1990,23,1835,4.0,1.0,0.0,34.0,33.0,1.0,26.0,23.0,25.0,,,0.0
Bundesliga,Fabian Nürnberger,Darmstadt 98,BUL,MF,24,1999,21,1513,2.0,0.0,0.0,18.0,16.0,0.0,61.0,17.0,21.0,,,0.0
Bundesliga,Fabian Schnellhardt,Darmstadt 98,GER,MF,29,1994,10,235,1.0,0.0,0.0,2.0,3.0,0.0,4.0,4.0,1.0,,,0.0
Bundesliga,Fabio Torsiello,Darmstadt 98,ITA,FW,18,2005,10,156,0.0,0.0,0.0,4.0,0.0,0.0,2.0,1.0,0.0,,,0.0
Bundesliga,Filip Stojilković,Darmstadt 98,SUI,FW,23,2000,6,154,1.0,0.0,0.0,3.0,1.0,2.0,3.0,0.0,1.0,,,0.0
Bundesliga,Frank Ronstadt,Darmstadt 98,GER,"DF,MF",26,1997,4,76,0.0,0.0,0.0,0.0,2.0,0.0,2.0,1.0,1.0,,,0.0
Bundesliga,Fraser Hornby,Darmstadt 98,SCO,FW,23,1999,7,217,1.0,0.0,0.0,5.0,1.0,1.0,4.0,0.0,0.0,,,0.0
Bundesliga,Gerrit Holtmann,Darmstadt 98,PHI,MF,28,1995,10,392,1.0,0.0,0.0,8.0,2.0,0.0,12.0,2.0,5.0,,,0.0
Bundesliga,Jannik Müller,Darmstadt 98,GER,DF,29,1994,16,1134,5.0,0.0,0.0,19.0,7.0,0.0,7.0,19.0,16.0,,,0.0
Bundesliga,Julian Justvan,Darmstadt 98,GER,MF,25,1998,14,1023,1.0,0.0,0.0,2.0,5.0,0.0,40.0,11.0,5.0,,,0.0
Bundesliga,Klaus Gjasula,Darmstadt 98,ALB,"DF,MF",33,1989,22,1363,7.0,1.0,0.0,23.0,11.0,0.0,7.0,18.0,21.0,,,0.0
Bundesliga,Luca Pfeiffer,Darmstadt 98,GER,"FW,MF",26,1996,24,1619,3.0,0.0,0.0,28.0,26.0,1.0,5.0,2.0,8.0,,,0.0
Bundesliga,Marcel Schuhen,Darmstadt 98,GER,GK,30,1993,31,2790,2.0,0.0,0.0,0.0,8.0,0.0,1.0,1.0,0.0,,,0.0
Bundesliga,Marvin Mehlem,Darmstadt 98,GER,MF,25,1997,20,1482,3.0,0.0,0.0,20.0,34.0,8.0,18.0,31.0,23.0,,,0.0
Bundesliga,Matej Maglica,Darmstadt 98,CRO,DF,24,1998,26,1698,7.0,2.0,0.0,31.0,7.0,1.0,7.0,21.0,21.0,,,0.0
Bundesliga,Mathias Honsak,Darmstadt 98,AUT,"MF,FW",26,1996,23,1021,1.0,0.0,0.0,14.0,11.0,3.0,10.0,9.0,6.0,,,0.0
Bundesliga,Matthias Bader,Darmstadt 98,GER,"MF,DF",26,1997,24,1802,1.0,0.0,0.0,17.0,41.0,1.0,31.0,25.0,27.0,,,0.0
Bundesliga,Oscar Vilhelmsson,Darmstadt 98,SWE,FW,19,2003,26,1374,2.0,0.0,0.0,32.0,28.0,7.0,12.0,3.0,5.0,,,0.0
Bundesliga,Sebastian Polter,Darmstadt 98,GER,FW,32,1991,9,446,0.0,0.0,0.0,9.0,10.0,2.0,4.0,0.0,0.0,,,0.0
Bundesliga,Thomas Isherwood,Darmstadt 98,SWE,DF,25,1998,12,636,1.0,0.0,0.0,8.0,3.0,1.0,1.0,9.0,5.0,,,1.0
Bundesliga,Tim Skarke,Darmstadt 98,GER,"FW,MF",26,1996,30,2404,7.0,0.0,0.0,31.0,40.0,17.0,96.0,6.0,15.0,,,0.0
Bundesliga,Tobias Kempe,Darmstadt 98,GER,MF,34,1989,24,1350,1.0,0.0,0.0,14.0,11.0,0.0,80.0,8.0,13.0,,,0.0
Bundesliga,Alexander Meyer,Dortmund,GER,GK,32,1991,8,695,0.0,0.0,0.0,0.0,0.0,0.0,0.0,0.0,1.0,,,0.0
Bundesliga,Antonios Papadopoulos,Dortmund,GER,DF,23,1999,2,117,0.0,0.0,0.0,1.0,1.0,0.0,0.0,2.0,3.0,,,0.0
Bundesliga,Donyell Malen,Dortmund,NED,"MF,FW",24,1999,27,1781,5.0,0.0,0.0,11.0,24.0,3.0,38.0,2.0,7.0,,,0.0
Bundesliga,Emre Can,Dortmund,GER,MF,29,1994,25,1953,5.0,0.0,0.0,27.0,23.0,0.0,2.0,20.0,46.0,,,0.0
Bundesliga,Felix Nmecha,Dortmund,GER,MF,22,2000,20,1021,3.0,0.0,0.0,9.0,27.0,1.0,3.0,11.0,14.0,,,0.0
Bundesliga,Gio Reyna,Dortmund,USA,MF,20,2002,11,280,1.0,0.0,0.0,2.0,5.0,1.0,4.0,2.0,6.0,,,0.0
Bundesliga,Gregor Kobel,Dortmund,SUI,GK,25,1997,27,2365,1.0,0.0,0.0,2.0,3.0,0.0,0.0,0.0,0.0,,,0.0
Bundesliga,Hendry Blank,Dortmund,GER,DF,18,2004,1,45,0.0,0.0,0.0,0.0,0.0,0.0,0.0,0.0,0.0,,,0.0
Bundesliga,Ian Maatsen,Dortmund,NED,DF,21,2002,16,1264,5.0,0.0,0.0,20.0,9.0,0.0,26.0,14.0,19.0,,,0.0
Bundesliga,Jadon Sancho,Dortmund,ENG,"MF,FW",23,2000,14,947,1.0,0.0,0.0,3.0,10.0,3.0,29.0,4.0,4.0,,,0.0
Bundesliga,Jamie Gittens,Dortmund,ENG,"MF,FW",18,2004,25,1058,1.0,0.0,0.0,12.0,25.0,0.0,14.0,4.0,9.0,,,0.0
Bundesliga,Julian Brandt,Dortmund,GER,MF,27,1996,32,2223,2.0,0.0,0.0,8.0,15.0,5.0,165.0,8.0,15.0,,,0.0
Bundesliga,Julian Ryerson,Dortmund,NOR,DF,25,1997,21,1767,3.0,0.0,0.0,18.0,25.0,0.0,39.0,8.0,22.0,,,0.0
Bundesliga,Julien Duranville,Dortmund,BEL,FW,17,2006,2,12,0.0,0.0,0.0,3.0,0.0,0.0,0.0,0.0,0.0,,,0.0
Bundesliga,Karim Adeyemi,Dortmund,GER,"FW,MF",21,2002,21,913,6.0,1.0,1.0,20.0,19.0,1.0,24.0,3.0,14.0,,,0.0
Bundesliga,Kjell-Arik Wätjen,Dortmund,GER,MF,17,2006,2,105,0.0,0.0,0.0,1.0,1.0,0.0,0.0,0.0,2.0,,,0.0
Bundesliga,Marcel Sabitzer,Dortmund,AUT,MF,29,1994,25,1961,3.0,1.0,0.0,15.0,28.0,1.0,31.0,11.0,22.0,,,0.0
Bundesliga,Marco Reus,Dortmund,GER,MF,34,1989,26,1601,2.0,0.0,0.0,20.0,21.0,4.0,32.0,6.0,25.0,,,0.0
Bundesliga,Marius Wolf,Dortmund,GER,DF,28,1995,22,1166,2.0,0.0,0.0,12.0,7.0,1.0,42.0,9.0,13.0,,,0.0
Bundesliga,Mateu Morey,Dortmund,ESP,DF,23,2000,3,110,0.0,0.0,0.0,3.0,5.0,1.0,1.0,1.0,2.0,,,0.0
Bundesliga,Mats Hummels,Dortmund,GER,DF,34,1988,25,1581,4.0,1.0,0.0,12.0,9.0,0.0,3.0,31.0,36.0,,,0.0
Bundesliga,Niclas Füllkrug,Dortmund,GER,FW,30,1993,29,2212,1.0,0.0,0.0,26.0,37.0,11.0,5.0,2.0,1.0,,,0.0
Bundesliga,Nico Schlotterbeck,Dortmund,GER,DF,23,1999,33,2859,4.0,0.0,0.0,17.0,32.0,0.0,7.0,44.0,51.0,,,1.0
Bundesliga,Niklas Süle,Dortmund,GER,DF,27,1995,23,1514,0.0,0.0,0.0,9.0,1.0,0.0,2.0,24.0,10.0,,,0.0
Bundesliga,Ole Pohlmann,Dortmund,GER,"FW,MF",22,2001,2,54,0.0,0.0,0.0,0.0,0.0,0.0,3.0,0.0,0.0,,,0.0
Bundesliga,Ramy Bensebaini,Dortmund,ALG,DF,28,1995,17,1033,4.0,1.0,1.0,15.0,29.0,0.0,21.0,16.0,21.0,,,1.0
Bundesliga,Salih Özcan,Dortmund,TUR,MF,25,1998,23,1184,3.0,0.0,0.0,22.0,22.0,2.0,2.0,17.0,13.0,,,0.0
Bundesliga,Samuel Bamba,Dortmund,GER,FW,19,2004,2,47,0.0,0.0,0.0,1.0,1.0,0.0,4.0,1.0,1.0,,,0.0
Bundesliga,Sébastien Haller,Dortmund,CIV,FW,29,1994,14,396,2.0,0.0,0.0,8.0,10.0,3.0,0.0,0.0,0.0,,,0.0
Bundesliga,Thomas Meunier,Dortmund,BEL,DF,31,1991,8,586,0.0,0.0,0.0,10.0,0.0,0.0,17.0,5.0,2.0,,,0.0
Bundesliga,Thorgan Hazard,Dortmund,BEL,"FW,MF",30,1993,1,7,0.0,0.0,0.0,0.0,0.0,0.0,0.0,0.0,0.0,,,0.0
Bundesliga,Youssoufa Moukoko,Dortmund,GER,FW,18,2004,20,625,1.0,0.0,0.0,8.0,2.0,7.0,3.0,2.0,1.0,,,0.0
Bundesliga,Ansgar Knauff,Frankfurt,GER,"MF,FW",21,2002,31,2109,7.0,1.0,1.0,32.0,24.0,2.0,46.0,17.0,28.0,,,0.0
Bundesliga,Aurélio Buta,Frankfurt,POR,"MF,DF",26,1997,30,1744,5.0,0.0,0.0,23.0,24.0,1.0,45.0,14.0,26.0,,,0.0
Bundesliga,Christopher Lenz,Frankfurt,GER,"DF,MF",28,1994,1,10,0.0,0.0,0.0,0.0,1.0,0.0,0.0,0.0,1.0,,,0.0
Bundesliga,Donny van de Beek,Frankfurt,NED,"MF,FW",26,1997,8,357,1.0,0.0,0.0,7.0,1.0,5.0,7.0,3.0,3.0,,,0.0
Bundesliga,Elias Baum,Frankfurt,GER,DF,17,2005,4,28,0.0,0.0,0.0,1.0,0.0,0.0,0.0,0.0,0.0,,,0.0
Bundesliga,Ellyes Skhiri,Frankfurt,TUN,MF,28,1995,27,2168,1.0,0.0,0.0,15.0,18.0,3.0,4.0,37.0,25.0,,,0.0
Bundesliga,Fares Chaïbi,Frankfurt,ALG,"MF,FW",20,2002,28,1912,2.0,0.0,0.0,15.0,11.0,9.0,174.0,5.0,17.0,,,0.0
Bundesliga,Hrvoje Smolčić,Frankfurt,CRO,DF,22,2000,11,347,0.0,0.0,0.0,3.0,2.0,0.0,0.0,6.0,3.0,,,0.0
Bundesliga,Hugo Ekitike,Frankfurt,FRA,FW,21,2002,14,716,3.0,0.0,0.0,12.0,12.0,6.0,10.0,2.0,7.0,,,0.0
Bundesliga,Hugo Larsson,Frankfurt,SWE,MF,19,2004,29,1886,1.0,0.0,0.0,16.0,2.0,1.0,8.0,29.0,19.0,,,0.0
Bundesliga,Jean Mattéo Bahoya,Frankfurt,FRA,MF,18,2005,8,177,0.0,0.0,0.0,1.0,1.0,1.0,5.0,1.0,1.0,,,0.0
Bundesliga,Jens Grahl,Frankfurt,GER,GK,34,1988,2,180,0.0,0.0,0.0,0.0,0.0,0.0,0.0,0.0,0.0,,,0.0
Bundesliga,Jens Petter Hauge,Frankfurt,NOR,"DF,FW",23,1999,10,147,0.0,0.0,0.0,1.0,2.0,1.0,2.0,0.0,1.0,,,0.0
Bundesliga,Jesper Lindstrøm,Frankfurt,DEN,FW,23,2000,1,83,0.0,0.0,0.0,1.0,0.0,0.0,1.0,0.0,1.0,,,0.0
Bundesliga,Jessic Ngankam,Frankfurt,GER,FW,23,2000,15,280,2.0,0.0,0.0,10.0,7.0,2.0,0.0,0.0,3.0,,,0.0
Bundesliga,Junior Dina Ebimbe,Frankfurt,CMR,MF,22,2000,31,1956,5.0,0.0,0.0,49.0,15.0,3.0,22.0,10.0,26.0,,,0.0
Bundesliga,Kevin Trapp,Frankfurt,GER,GK,33,1990,32,2880,2.0,0.0,0.0,0.0,6.0,0.0,0.0,1.0,0.0,,,0.0
Bundesliga,Kristijan Jakić,Frankfurt,CRO,MF,26,1997,4,200,1.0,0.0,0.0,5.0,3.0,0.0,1.0,2.0,2.0,,,0.0
Bundesliga,Makoto Hasebe,Frankfurt,JPN,"MF,DF",39,1984,8,218,1.0,0.0,0.0,4.0,3.0,0.0,1.0,1.0,2.0,,,0.0
Bundesliga,Mario Götze,Frankfurt,GER,MF,31,1992,30,2068,5.0,1.0,1.0,14.0,35.0,1.0,54.0,15.0,35.0,,,0.0
Bundesliga,Marko Mladenović,Frankfurt,SRB,MF,18,2005,1,6,0.0,0.0,0.0,0.0,0.0,0.0,0.0,0.0,0.0,,,0.0
Bundesliga,Nacho Ferri,Frankfurt,ESP,FW,18,2004,8,74,0.0,0.0,0.0,2.0,2.0,0.0,0.0,0.0,3.0,,,0.0
Bundesliga,Niels Nkounkou,Frankfurt,FRA,"MF,DF",22,2000,29,1309,5.0,1.0,1.0,27.0,2.0,0.0,53.0,16.0,31.0,,,0.0
Bundesliga,Nnamdi Collins,Frankfurt,GER,DF,19,2004,2,90,0.0,0.0,0.0,0.0,1.0,0.0,2.0,2.0,0.0,,,0.0
Bundesliga,Omar Marmoush,Frankfurt,EGY,"FW,MF",24,1999,29,2301,7.0,0.0,0.0,28.0,74.0,12.0,32.0,11.0,10.0,,,0.0
Bundesliga,Paxten Aaronson,Frankfurt,USA,MF,19,2003,7,101,0.0,0.0,0.0,6.0,4.0,0.0,0.0,0.0,2.0,,,0.0
Bundesliga,Philipp Max,Frankfurt,GER,"MF,DF",29,1993,23,1350,2.0,0.0,0.0,7.0,9.0,2.0,61.0,7.0,19.0,,,0.0
Bundesliga,Randal Kolo Muani,Frankfurt,FRA,FW,24,1998,2,153,0.0,0.0,0.0,4.0,5.0,0.0,0.0,0.0,0.0,,,0.0
Bundesliga,Robin Koch,Frankfurt,GER,DF,27,1996,31,2738,10.0,0.0,0.0,20.0,13.0,0.0,5.0,31.0,21.0,,,0.0
Bundesliga,Saša Kalajdžić,Frankfurt,AUT,FW,26,1997,5,325,0.0,0.0,0.0,3.0,10.0,1.0,1.0,2.0,2.0,,,0.0
Bundesliga,Sebastian Rode,Frankfurt,GER,MF,32,1990,8,61,0.0,0.0,0.0,0.0,1.0,0.0,1.0,1.0,4.0,,,0.0
Bundesliga,Timothy Chandler,Frankfurt,USA,"DF,MF",33,1990,6,18,0.0,0.0,0.0,0.0,0.0,0.0,4.0,0.0,0.0,,,0.0
Bundesliga,Tuta,Frankfurt,BRA,"DF,MF",24,1999,30,2600,3.0,2.0,1.0,28.0,16.0,0.0,11.0,34.0,34.0,,,0.0
Bundesliga,Willian Pacho,Frankfurt,ECU,DF,21,2001,33,2970,7.0,0.0,0.0,22.0,14.0,1.0,7.0,44.0,38.0,,,0.0
Bundesliga,Attila Szalai,Freiburg,HUN,"DF,MF",25,1998,3,103,0.0,0.0,0.0,0.0,0.0,1.0,0.0,1.0,1.0,,,0.0
Bundesliga,Christian Günter,Freiburg,GER,"MF,DF",30,1993,15,1060,1.0,0.0,0.0,8.0,3.0,1.0,63.0,2.0,12.0,,,0.0
Bundesliga,Fabian Rüdlin,Freiburg,GER,MF,26,1997,1,7,0.0,0.0,0.0,0.0,0.0,0.0,0.0,0.0,0.0,,,0.0
Bundesliga,Florent Muslija,Freiburg,KVX,"FW,MF",25,1998,10,105,0.0,0.0,0.0,1.0,2.0,0.0,9.0,0.0,4.0,,,0.0
Bundesliga,Jordy Makengo,Freiburg,FRA,"DF,MF",21,2001,20,1026,1.0,0.0,0.0,14.0,11.0,1.0,24.0,11.0,11.0,,,0.0
Bundesliga,Junior Adamu,Freiburg,AUT,FW,22,2001,15,105,0.0,0.0,0.0,7.0,4.0,2.0,1.0,0.0,1.0,,,0.0
Bundesliga,Kenneth Schmidt,Freiburg,GER,DF,21,2002,5,68,0.0,0.0,0.0,1.0,0.0,0.0,2.0,1.0,2.0,,,0.0
Bundesliga,Kiliann Sildillia,Freiburg,FRA,DF,21,2002,27,1806,2.0,1.0,0.0,28.0,10.0,4.0,37.0,23.0,20.0,,,0.0
Bundesliga,Lucas Höler,Freiburg,GER,"FW,MF",29,1994,33,2305,7.0,0.0,0.0,25.0,48.0,7.0,13.0,14.0,24.0,,,0.0
Bundesliga,Lukas Kübler,Freiburg,GER,DF,30,1992,26,1847,7.0,0.0,0.0,19.0,25.0,3.0,21.0,38.0,24.0,,,0.0
Bundesliga,Manuel Gulde,Freiburg,GER,DF,32,1991,27,2047,5.0,1.0,1.0,17.0,15.0,1.0,3.0,22.0,27.0,,,0.0
Bundesliga,Matthias Ginter,Freiburg,GER,DF,29,1994,23,1913,3.0,0.0,0.0,8.0,15.0,0.0,16.0,17.0,16.0,,,1.0
Bundesliga,Maximilian Breunig,Freiburg,GER,FW,22,2000,2,9,0.0,0.0,0.0,1.0,0.0,0.0,0.0,0.0,0.0,,,0.0
Bundesliga,Maximilian Eggestein,Freiburg,GER,MF,26,1996,33,2914,6.0,0.0,0.0,32.0,23.0,2.0,9.0,29.0,22.0,,,0.0
Bundesliga,Maximilian Philipp,Freiburg,GER,FW,29,1994,17,323,2.0,0.0,0.0,10.0,3.0,0.0,4.0,1.0,5.0,,,0.0
Bundesliga,Merlin Röhl,Freiburg,GER,"MF,FW",21,2002,24,1477,3.0,1.0,0.0,35.0,28.0,2.0,16.0,9.0,13.0,,,0.0
Bundesliga,Michael Gregoritsch,Freiburg,AUT,FW,29,1994,32,1682,2.0,0.0,0.0,17.0,19.0,6.0,11.0,8.0,12.0,,,0.0
Bundesliga,Nicolas Höfler,Freiburg,GER,MF,33,1990,28,2330,10.0,1.0,0.0,29.0,31.0,0.0,2.0,32.0,37.0,,,0.0
Bundesliga,Noah Atubolu,Freiburg,GER,GK,21,2002,34,3060,0.0,0.0,0.0,0.0,3.0,0.0,0.0,0.0,0.0,,,0.0
Bundesliga,Noah Weißhaupt,Freiburg,GER,MF,21,2001,24,759,1.0,0.0,0.0,8.0,31.0,2.0,50.0,6.0,4.0,,,0.0
Bundesliga,Philipp Lienhart,Freiburg,AUT,DF,27,1996,15,1265,3.0,0.0,0.0,12.0,6.0,1.0,4.0,15.0,13.0,,,0.0
Bundesliga,Ritsu Doan,Freiburg,JPN,MF,25,1998,30,2246,2.0,0.0,0.0,26.0,35.0,2.0,61.0,8.0,25.0,,,0.0
Bundesliga,Roland Sallai,Freiburg,HUN,"MF,FW",26,1997,27,1840,6.0,0.0,0.0,41.0,42.0,11.0,75.0,5.0,11.0,,,0.0
Bundesliga,Vincenzo Grifo,Freiburg,ITA,MF,30,1993,32,2325,3.0,0.0,0.0,13.0,16.0,6.0,172.0,15.0,19.0,,,0.0
Bundesliga,Yannik Keitel,Freiburg,GER,"DF,MF",23,2000,15,920,0.0,0.0,0.0,12.0,6.0,0.0,2.0,11.0,17.0,,,0.0
Bundesliga,Alassane Pléa,Gladbach,FRA,"FW,MF",30,1993,27,1913,1.0,0.0,0.0,15.0,29.0,6.0,43.0,2.0,6.0,,,0.0
Bundesliga,Christoph Kramer,Gladbach,GER,MF,32,1991,14,249,4.0,0.0,0.0,6.0,3.0,0.0,3.0,4.0,6.0,,,0.0
Bundesliga,Fabio Chiarodia,Gladbach,ITA,DF,18,2005,7,152,0.0,0.0,0.0,1.0,0.0,0.0,1.0,3.0,5.0,,,0.0
Bundesliga,Florian Neuhaus,Gladbach,GER,MF,26,1997,25,1224,4.0,0.0,0.0,9.0,18.0,0.0,10.0,13.0,12.0,,,0.0
Bundesliga,Franck Honorat,Gladbach,FRA,"MF,FW",26,1996,32,2345,1.0,0.0,0.0,9.0,15.0,6.0,237.0,8.0,14.0,,,0.0
Bundesliga,Grant Ranos,Gladbach,ARM,FW,20,2003,9,49,0.0,0.0,0.0,0.0,0.0,1.0,1.0,0.0,0.0,,,0.0
Bundesliga,Joe Scally,Gladbach,USA,"DF,MF",20,2002,31,2236,4.0,0.0,0.0,16.0,46.0,1.0,46.0,19.0,26.0,,,0.0
Bundesliga,Jonas Omlin,Gladbach,SUI,GK,29,1994,7,630,1.0,0.0,0.0,0.0,2.0,0.0,0.0,0.0,0.0,,,0.0
Bundesliga,Jordan Pefok,Gladbach,USA,FW,27,1996,25,1420,2.0,0.0,0.0,36.0,30.0,7.0,0.0,4.0,4.0,,,0.0
Bundesliga,Julian Weigl,Gladbach,GER,MF,27,1995,31,2764,10.0,0.0,0.0,33.0,30.0,0.0,3.0,47.0,41.0,,,0.0
Bundesliga,Ko Itakura,Gladbach,JPN,"DF,MF",26,1997,20,1596,9.0,0.0,0.0,28.0,4.0,0.0,5.0,23.0,20.0,,,0.0
Bundesliga,Luca Netz,Gladbach,GER,"MF,DF",20,2003,30,2225,2.0,0.0,0.0,26.0,16.0,1.0,74.0,18.0,25.0,,,0.0
Bundesliga,Lukas Ullrich,Gladbach,GER,DF,19,2004,4,47,0.0,0.0,0.0,0.0,1.0,0.0,5.0,0.0,0.0,,,0.0
Bundesliga,Manu Koné,Gladbach,FRA,MF,22,2001,22,1561,4.0,1.0,0.0,28.0,36.0,3.0,3.0,14.0,26.0,,,0.0
Bundesliga,Marvin Friedrich,Gladbach,GER,DF,27,1995,24,1566,1.0,0.0,0.0,10.0,10.0,0.0,2.0,19.0,15.0,,,0.0
Bundesliga,Maximilian Wöber,Gladbach,AUT,DF,25,1998,25,2066,4.0,1.0,1.0,27.0,3.0,5.0,21.0,34.0,32.0,,,0.0
Bundesliga,Moritz Nicolas,Gladbach,GER,GK,25,1997,27,2430,2.0,0.0,0.0,1.0,2.0,0.0,0.0,0.0,0.0,,,0.0
Bundesliga,Nathan N'Goumou,Gladbach,CMR,"MF,FW",23,2000,32,1385,1.0,0.0,0.0,13.0,17.0,6.0,29.0,5.0,23.0,,,0.0
Bundesliga,Nico Elvedi,Gladbach,SUI,DF,26,1996,30,2482,5.0,0.0,0.0,13.0,17.0,1.0,2.0,41.0,21.0,,,0.0
Bundesliga,Patrick Herrmann,Gladbach,GER,"FW,MF",32,1991,8,86,1.0,0.0,0.0,3.0,2.0,0.0,5.0,1.0,4.0,,,0.0
Bundesliga,Robin Hack,Gladbach,GER,"FW,MF",24,1998,29,1348,2.0,0.0,0.0,17.0,22.0,9.0,44.0,14.0,9.0,,,0.0
Bundesliga,Rocco Reitz,Gladbach,GER,MF,21,2002,34,2136,2.0,0.0,0.0,25.0,45.0,2.0,13.0,40.0,37.0,,,0.0
Bundesliga,Shiō Fukuda,Gladbach,JPN,FW,19,2004,5,36,0.0,0.0,0.0,1.0,0.0,0.0,0.0,1.0,0.0,,,0.0
Bundesliga,Stefan Lainer,Gladbach,AUT,"MF,DF",30,1992,15,751,2.0,0.0,0.0,8.0,7.0,1.0,19.0,5.0,16.0,,,0.0
Bundesliga,Tomáš Čvančara,Gladbach,CZE,"FW,MF",22,2000,21,896,4.0,0.0,0.0,9.0,13.0,4.0,4.0,2.0,3.0,,,0.0
Bundesliga,Tony Jantschke,Gladbach,GER,"DF,MF",33,1990,4,27,0.0,0.0,0.0,1.0,2.0,0.0,0.0,1.0,1.0,,,0.0
Bundesliga,Yvandro Borges Sanches,Gladbach,LUX,MF,19,2004,3,18,0.0,0.0,0.0,2.0,2.0,0.0,3.0,0.0,0.0,,,0.0
Bundesliga,Adrian Beck,Heidenheim,GER,MF,26,1997,23,974,1.0,0.0,0.0,14.0,10.0,2.0,6.0,4.0,13.0,,,0.0
Bundesliga,Benedikt Gimber,Heidenheim,GER,DF,26,1997,24,2021,9.0,0.0,0.0,40.0,27.0,0.0,3.0,15.0,23.0,,,1.0
Bundesliga,Christian Kühlwetter,Heidenheim,GER,"FW,MF",27,1996,1,8,0.0,0.0,0.0,0.0,0.0,0.0,0.0,0.0,0.0,,,0.0
Bundesliga,Denis Thomalla,Heidenheim,GER,MF,30,1992,21,446,0.0,0.0,0.0,6.0,2.0,1.0,2.0,4.0,6.0,,,0.0
Bundesliga,Eren Dinkçi,Heidenheim,GER,MF,21,2001,33,2650,8.0,0.0,0.0,28.0,22.0,2.0,78.0,12.0,18.0,,,0.0
Bundesliga,Florian Pick,Heidenheim,GER,MF,27,1995,22,327,2.0,0.0,0.0,6.0,7.0,1.0,33.0,3.0,4.0,,,0.0
Bundesliga,Jan Schöppner,Heidenheim,GER,MF,24,1999,26,1998,3.0,0.0,0.0,14.0,12.0,1.0,7.0,27.0,26.0,,,0.0
Bundesliga,Jan-Niklas Beste,Heidenheim,GER,MF,24,1999,31,2603,4.0,0.0,0.0,28.0,51.0,4.0,279.0,17.0,50.0,,,0.0
Bundesliga,Jonas Föhrenbach,Heidenheim,GER,DF,27,1996,33,2788,2.0,0.0,0.0,15.0,16.0,2.0,72.0,32.0,24.0,,,1.0
Bundesliga,Kevin Müller,Heidenheim,GER,GK,32,1991,34,3060,1.0,0.0,0.0,1.0,2.0,0.0,0.0,0.0,0.0,,,0.0
Bundesliga,Kevin Sessa,Heidenheim,GER,MF,23,2000,30,1011,1.0,0.0,0.0,16.0,20.0,1.0,21.0,4.0,9.0,,,0.0
Bundesliga,Lennard Maloney,Heidenheim,USA,MF,23,1999,29,2284,1.0,0.0,0.0,44.0,15.0,0.0,3.0,25.0,27.0,,,1.0
Bundesliga,Marnon Busch,Heidenheim,GER,DF,28,1994,16,595,1.0,0.0,0.0,9.0,4.0,0.0,26.0,10.0,9.0,,,0.0
Bundesliga,Marvin Pieringer,Heidenheim,GER,"FW,MF",23,1999,31,1513,5.0,0.0,0.0,38.0,30.0,6.0,7.0,12.0,12.0,,,0.0
Bundesliga,Nikola Dovedan,Heidenheim,AUT,MF,29,1994,21,656,0.0,1.0,0.0,10.0,24.0,0.0,8.0,1.0,9.0,,,0.0
Bundesliga,Norman Theuerkauf,Heidenheim,GER,"MF,DF",36,1987,25,1259,3.0,0.0,0.0,13.0,16.0,0.0,23.0,16.0,18.0,,,0.0
Bundesliga,Omar Traoré,Heidenheim,GER,DF,25,1998,31,2472,5.0,0.0,0.0,30.0,31.0,1.0,74.0,42.0,30.0,,,0.0
Bundesliga,Patrick Mainka,Heidenheim,GER,DF,28,1994,34,3060,1.0,0.0,0.0,24.0,16.0,2.0,0.0,46.0,46.0,,,0.0
Bundesliga,Stefan Schimmer,Heidenheim,GER,FW,29,1994,16,153,0.0,0.0,0.0,1.0,1.0,0.0,1.0,1.0,1.0,,,0.0
Bundesliga,Thomas Keller,Heidenheim,GER,"DF,MF",23,1999,2,2,0.0,0.0,0.0,1.0,0.0,0.0,0.0,0.0,0.0,,,0.0
Bundesliga,Tim Kleindienst,Heidenheim,GER,FW,27,1995,33,2869,6.0,0.0,0.0,88.0,13.0,15.0,20.0,11.0,13.0,,,0.0
Bundesliga,Tim Siersleben,Heidenheim,GER,DF,23,2000,14,910,1.0,0.0,0.0,16.0,5.0,0.0,1.0,21.0,11.0,,,0.0
Bundesliga,Andrej Kramarić,Hoffenheim,CRO,"MF,FW",32,1991,30,2199,4.0,0.0,0.0,8.0,35.0,8.0,112.0,9.0,2.0,,,0.0
Bundesliga,Angelo Stiller,Hoffenheim,GER,MF,22,2001,1,84,0.0,0.0,0.0,0.0,1.0,0.0,3.0,0.0,0.0,,,0.0
Bundesliga,Anton Stach,Hoffenheim,GER,MF,24,1998,31,2321,4.0,0.0,0.0,30.0,41.0,0.0,54.0,72.0,41.0,,,0.0
Bundesliga,Attila Szalai,Hoffenheim,HUN,DF,25,1998,4,288,1.0,0.0,0.0,7.0,0.0,0.0,5.0,1.0,1.0,,,1.0
Bundesliga,Bambasé Conté,Hoffenheim,GER,MF,20,2003,7,48,0.0,0.0,0.0,3.0,6.0,0.0,2.0,0.0,3.0,,,0.0
Bundesliga,David Jurásek,Hoffenheim,CZE,"MF,DF",22,2000,13,496,1.0,0.0,0.0,3.0,1.0,0.0,24.0,3.0,11.0,,,0.0
Bundesliga,Dennis Geiger,Hoffenheim,GER,MF,25,1998,3,64,1.0,0.0,0.0,2.0,0.0,0.0,0.0,0.0,0.0,,,0.0
Bundesliga,Diadie Samassékou,Hoffenheim,MLI,MF,27,1996,1,1,0.0,0.0,0.0,0.0,1.0,0.0,0.0,1.0,0.0,,,0.0
Bundesliga,Finn Ole Becker,Hoffenheim,GER,MF,23,2000,22,606,1.0,0.0,0.0,6.0,7.0,0.0,7.0,1.0,7.0,,,0.0
Bundesliga,Florian Grillitsch,Hoffenheim,AUT,"DF,MF",27,1995,30,2295,8.0,0.0,0.0,27.0,24.0,0.0,17.0,55.0,28.0,,,0.0
Bundesliga,Grischa Prömel,Hoffenheim,GER,MF,28,1995,28,2139,10.0,1.0,1.0,33.0,29.0,1.0,11.0,20.0,22.0,,,0.0
Bundesliga,Ihlas Bebou,Hoffenheim,TOG,"FW,MF",29,1994,32,1636,3.0,0.0,0.0,24.0,21.0,7.0,35.0,13.0,10.0,,,0.0
Bundesliga,John Brooks,Hoffenheim,USA,DF,30,1993,21,1539,6.0,1.0,0.0,16.0,13.0,1.0,3.0,26.0,16.0,,,0.0
Bundesliga,Julian Justvan,Hoffenheim,GER,"FW,MF",25,1998,4,49,0.0,0.0,0.0,0.0,0.0,0.0,9.0,0.0,0.0,,,0.0
Bundesliga,Kasim Nuhu,Hoffenheim,GHA,DF,28,1995,1,5,0.0,0.0,0.0,1.0,0.0,0.0,0.0,0.0,0.0,,,0.0
Bundesliga,Kevin Akpoguma,Hoffenheim,NGA,DF,28,1995,17,1097,7.0,0.0,0.0,15.0,14.0,0.0,4.0,19.0,18.0,,,0.0
Bundesliga,Kevin Vogt,Hoffenheim,GER,DF,31,1991,16,1319,2.0,0.0,0.0,11.0,9.0,0.0,3.0,11.0,10.0,,,0.0
Bundesliga,Marius Bülter,Hoffenheim,GER,MF,30,1993,30,1351,3.0,1.0,1.0,13.0,17.0,4.0,74.0,11.0,11.0,,,0.0
Bundesliga,Max Moerstedt,Hoffenheim,GER,FW,17,2006,1,12,0.0,0.0,0.0,0.0,0.0,0.0,0.0,0.0,0.0,,,0.0
Bundesliga,Maximilian Beier,Hoffenheim,GER,"FW,MF",20,2002,33,2420,0.0,0.0,0.0,21.0,32.0,13.0,38.0,10.0,12.0,,,0.0
Bundesliga,Mergim Berisha,Hoffenheim,GER,FW,25,1998,6,144,0.0,0.0,0.0,5.0,2.0,1.0,2.0,0.0,0.0,,,0.0
Bundesliga,Oliver Baumann,Hoffenheim,GER,GK,33,1990,34,3060,1.0,0.0,0.0,1.0,6.0,0.0,0.0,0.0,0.0,,,0.0
Bundesliga,Ozan Kabak,Hoffenheim,TUR,DF,23,2000,28,2282,11.0,1.0,1.0,30.0,9.0,0.0,4.0,46.0,35.0,,,0.0
Bundesliga,Pavel Kadeřábek,Hoffenheim,CZE,"MF,DF",31,1992,29,2412,7.0,0.0,0.0,17.0,12.0,1.0,100.0,22.0,19.0,,,0.0
Bundesliga,Robert Skov,Hoffenheim,DEN,MF,27,1996,25,1260,2.0,0.0,0.0,15.0,20.0,1.0,72.0,10.0,16.0,,,0.0
Bundesliga,Stanley N'Soki,Hoffenheim,FRA,"DF,MF",24,1999,11,631,3.0,1.0,1.0,12.0,2.0,0.0,7.0,8.0,10.0,,,0.0
Bundesliga,Tim Drexler,Hoffenheim,GER,DF,18,2005,8,573,1.0,0.0,0.0,4.0,5.0,0.0,0.0,9.0,9.0,,,0.0
Bundesliga,Tom Bischof,Hoffenheim,GER,MF,18,2005,13,178,0.0,0.0,0.0,1.0,1.0,2.0,11.0,1.0,3.0,,,0.0
Bundesliga,Umut Tohumcu,Hoffenheim,GER,MF,18,2004,20,1011,5.0,0.0,0.0,10.0,24.0,0.0,7.0,6.0,13.0,,,0.0
Bundesliga,Wout Weghorst,Hoffenheim,NED,FW,30,1992,28,1977,4.0,0.0,0.0,24.0,34.0,13.0,4.0,4.0,6.0,,,0.0
Bundesliga,Benno Schmitz,Köln,GER,DF,28,1994,22,1155,5.0,0.0,0.0,9.0,10.0,0.0,38.0,7.0,16.0,,,0.0
Bundesliga,Damion Downs,Köln,USA,FW,19,2004,10,181,0.0,0.0,0.0,1.0,0.0,0.0,1.0,0.0,1.0,,,0.0
Bundesliga,Davie Selke,Köln,GER,FW,28,1995,19,1265,3.0,0.0,0.0,24.0,18.0,10.0,4.0,0.0,1.0,,,0.0
Bundesliga,Dejan Ljubičić,Köln,AUT,MF,25,1997,26,2048,6.0,0.0,0.0,32.0,13.0,1.0,29.0,20.0,24.0,,,0.0
Bundesliga,Denis Huseinbasic,Köln,BIH,MF,22,2001,26,1627,5.0,0.0,0.0,28.0,14.0,0.0,15.0,13.0,20.0,,,0.0
Bundesliga,Dominique Heintz,Köln,GER,DF,29,1993,12,568,0.0,0.0,0.0,7.0,4.0,1.0,22.0,3.0,4.0,,,0.0
Bundesliga,Eric Martel,Köln,GER,MF,21,2002,30,2457,6.0,0.0,0.0,52.0,41.0,2.0,21.0,43.0,46.0,,,0.0
Bundesliga,Faride Alidou,Köln,GER,"MF,FW",22,2001,26,1282,4.0,0.0,0.0,21.0,23.0,3.0,40.0,8.0,4.0,,,0.0
Bundesliga,Florian Dietz,Köln,GER,FW,24,1998,5,70,0.0,0.0,0.0,1.0,0.0,0.0,0.0,0.0,0.0,,,0.0
Bundesliga,Florian Kainz,Köln,AUT,MF,30,1992,33,2197,4.0,0.0,0.0,19.0,33.0,1.0,164.0,17.0,19.0,,,0.0
Bundesliga,Jacob Christensen,Köln,DEN,MF,22,2001,7,219,1.0,0.0,0.0,4.0,0.0,0.0,5.0,4.0,6.0,,,0.0
Bundesliga,Jan Thielmann,Köln,GER,"FW,MF",21,2002,22,1579,4.0,1.0,0.0,27.0,27.0,6.0,42.0,8.0,19.0,,,0.0
Bundesliga,Julian Chabot,Köln,GER,DF,25,1998,32,2703,9.0,1.0,1.0,27.0,42.0,4.0,4.0,45.0,41.0,,,0.0
Bundesliga,Justin Diehl,Köln,GER,MF,18,2004,7,168,0.0,0.0,0.0,2.0,4.0,0.0,18.0,0.0,0.0,,,0.0
Bundesliga,Leart Paqarada,Köln,KVX,DF,28,1994,17,1075,0.0,0.0,0.0,7.0,8.0,1.0,91.0,12.0,11.0,,,0.0
Bundesliga,Linton Maina,Köln,GER,MF,24,1999,31,1901,4.0,0.0,0.0,10.0,17.0,5.0,75.0,6.0,14.0,,,0.0
Bundesliga,Luca Kilian,Köln,GER,DF,23,1999,13,635,1.0,0.0,0.0,4.0,0.0,0.0,2.0,7.0,10.0,,,0.0
Bundesliga,Luca Waldschmidt,Köln,GER,MF,27,1996,22,1146,0.0,0.0,0.0,20.0,15.0,5.0,39.0,4.0,12.0,,,0.0
Bundesliga,Mark Uth,Köln,GER,"MF,FW",31,1991,11,373,2.0,0.0,0.0,9.0,12.0,0.0,31.0,1.0,4.0,,,0.0
Bundesliga,Marvin Schwäbe,Köln,GER,GK,28,1995,34,3060,0.0,0.0,0.0,0.0,1.0,0.0,0.0,0.0,0.0,,,0.0
Bundesliga,Mathias Olesen,Köln,LUX,MF,22,2001,6,112,2.0,1.0,1.0,3.0,2.0,0.0,1.0,3.0,1.0,,,0.0
Bundesliga,Max Finkgräfe,Köln,GER,DF,19,2004,24,1756,4.0,0.0,0.0,19.0,21.0,0.0,61.0,23.0,42.0,,,0.0
Bundesliga,Rasmus Carstensen,Köln,DEN,"DF,MF",22,2000,23,1659,2.0,1.0,1.0,22.0,13.0,3.0,56.0,19.0,25.0,,,0.0
Bundesliga,Sargis Adamyan,Köln,ARM,"FW,MF",30,1993,20,801,2.0,0.0,0.0,18.0,13.0,8.0,4.0,5.0,10.0,,,0.0
Bundesliga,Steffen Tigges,Köln,GER,FW,25,1998,25,727,0.0,0.0,0.0,7.0,8.0,2.0,7.0,1.0,5.0,,,0.0
Bundesliga,Timo Hübers,Köln,GER,DF,27,1996,31,2778,6.0,0.0,0.0,45.0,25.0,1.0,3.0,59.0,46.0,,,0.0
Bundesliga,Adam Hložek,Leverkusen,CZE,"MF,FW",21,2002,23,459,1.0,0.0,0.0,8.0,7.0,1.0,0.0,2.0,4.0,,,0.0
Bundesliga,Amine Adli,Leverkusen,MAR,"MF,FW",23,2000,23,898,5.0,0.0,0.0,14.0,28.0,7.0,22.0,5.0,7.0,,,0.0
Bundesliga,Arthur,Leverkusen,BRA,MF,20,2003,4,184,0.0,0.0,0.0,2.0,0.0,0.0,7.0,0.0,3.0,,,0.0
Bundesliga,Borja Iglesias,Leverkusen,ESP,FW,30,1993,7,256,0.0,0.0,0.0,2.0,3.0,1.0,1.0,1.0,0.0,,,0.0
Bundesliga,Edmond Tapsoba,Leverkusen,BFA,DF,24,1999,28,2087,4.0,0.0,0.0,25.0,4.0,1.0,5.0,25.0,26.0,,,0.0
Bundesliga,Exequiel Palacios,Leverkusen,ARG,MF,24,1998,24,1831,6.0,0.0,0.0,16.0,55.0,0.0,5.0,31.0,35.0,,,0.0
Bundesliga,Florian Wirtz,Leverkusen,GER,MF,20,2003,32,2372,3.0,0.0,0.0,23.0,27.0,6.0,37.0,8.0,20.0,,,0.0
Bundesliga,Granit Xhaka,Leverkusen,SUI,MF,30,1992,33,2821,5.0,0.0,0.0,30.0,43.0,0.0,10.0,17.0,21.0,,,0.0
Bundesliga,Gustavo Puerta,Leverkusen,COL,MF,20,2003,7,46,0.0,0.0,0.0,2.0,1.0,0.0,1.0,0.0,3.0,,,0.0
Bundesliga,Jeremie Frimpong,Leverkusen,NED,MF,22,2000,31,2251,6.0,0.0,0.0,21.0,34.0,12.0,93.0,7.0,18.0,,,0.0
Bundesliga,Jonas Hofmann,Leverkusen,GER,MF,31,1992,32,2204,3.0,0.0,0.0,14.0,19.0,13.0,126.0,8.0,14.0,,,0.0
Bundesliga,Jonathan Tah,Leverkusen,GER,DF,27,1996,31,2631,6.0,0.0,0.0,33.0,4.0,1.0,3.0,22.0,8.0,,,0.0
Bundesliga,Josip Stanišić,Leverkusen,CRO,"DF,MF",23,2000,20,1261,3.0,0.0,0.0,5.0,7.0,1.0,16.0,9.0,19.0,,,0.0
Bundesliga,Lukáš Hrádecký,Leverkusen,FIN,GK,33,1989,33,2970,2.0,0.0,0.0,0.0,1.0,0.0,0.0,0.0,0.0,,,0.0
Bundesliga,Matej Kovar,Leverkusen,CZE,GK,23,2000,1,90,0.0,0.0,0.0,0.0,0.0,0.0,0.0,0.0,0.0,,,0.0
Bundesliga,Nadiem Amiri,Leverkusen,GER,MF,26,1996,8,86,0.0,0.0,0.0,1.0,3.0,0.0,1.0,0.0,2.0,,,0.0
Bundesliga,Nathan Tella,Leverkusen,NGA,MF,24,1999,24,819,2.0,0.0,0.0,11.0,18.0,4.0,27.0,3.0,8.0,,,0.0
Bundesliga,Noah Mbamba,Leverkusen,BEL,MF,18,2005,3,16,0.0,0.0,0.0,1.0,0.0,0.0,1.0,1.0,0.0,,,0.0
Bundesliga,Odilon Kossounou,Leverkusen,CIV,DF,22,2001,22,1811,3.0,0.0,0.0,17.0,7.0,0.0,2.0,25.0,22.0,,,0.0
Bundesliga,Patrik Schick,Leverkusen,CZE,FW,27,1996,20,1063,1.0,0.0,0.0,11.0,13.0,5.0,1.0,2.0,4.0,,,0.0
Bundesliga,Piero Hincapié,Leverkusen,ECU,DF,21,2002,26,1484,2.0,0.0,0.0,16.0,11.0,0.0,8.0,13.0,22.0,,,0.0
Bundesliga,Robert Andrich,Leverkusen,GER,"MF,DF",28,1994,28,1690,4.0,0.0,0.0,23.0,14.0,0.0,14.0,20.0,18.0,,,0.0
Bundesliga,Victor Boniface,Leverkusen,NGA,FW,22,2000,23,1546,2.0,0.0,0.0,16.0,17.0,18.0,3.0,0.0,3.0,,,0.0
Bundesliga,Álex Grimaldo,Leverkusen,ESP,MF,27,1995,33,2784,1.0,0.0,0.0,14.0,26.0,3.0,202.0,22.0,25.0,,,0.0
Bundesliga,Andreas Hanche-Olsen,Mainz 05,NOR,DF,26,1997,15,992,5.0,0.0,0.0,13.0,8.0,1.0,0.0,11.0,13.0,,,0.0
Bundesliga,Anthony Caci,Mainz 05,FRA,"MF,DF",26,1997,31,2486,8.0,0.0,0.0,34.0,15.0,0.0,74.0,28.0,23.0,,,0.0
Bundesliga,Anton Stach,Mainz 05,GER,MF,24,1998,2,170,0.0,0.0,0.0,2.0,4.0,0.0,2.0,2.0,0.0,,,0.0
Bundesliga,Anwar El Ghazi,Mainz 05,NED,"FW,MF",28,1995,3,54,0.0,0.0,0.0,1.0,0.0,0.0,1.0,0.0,0.0,,,0.0
Bundesliga,Aymen Barkok,Mainz 05,MAR,MF,25,1998,13,321,2.0,0.0,0.0,15.0,3.0,0.0,14.0,2.0,5.0,,,0.0
Bundesliga,Brajan Gruda,Mainz 05,GER,"MF,FW",19,2004,28,1641,5.0,0.0,0.0,28.0,47.0,9.0,52.0,5.0,14.0,,,0.0
Bundesliga,Daniel Batz,Mainz 05,GER,GK,32,1991,4,360,0.0,0.0,0.0,0.0,0.0,0.0,0.0,0.0,0.0,,,0.0
Bundesliga,Danny da Costa,Mainz 05,GER,"MF,DF",30,1993,19,830,1.0,0.0,0.0,7.0,4.0,0.0,40.0,16.0,10.0,,,0.0
Bundesliga,David Mamutovic,Mainz 05,GER,MF,22,2000,2,11,0.0,0.0,0.0,0.0,2.0,0.0,1.0,0.0,1.0,,,0.0
Bundesliga,Dominik Kohr,Mainz 05,GER,"DF,MF",29,1994,31,2184,15.0,1.0,1.0,47.0,26.0,0.0,22.0,44.0,40.0,,,0.0
Bundesliga,Edimilson Fernandes,Mainz 05,SUI,DF,27,1996,21,1290,4.0,0.0,0.0,10.0,8.0,2.0,52.0,24.0,15.0,,,0.0
Bundesliga,Jessic Ngankam,Mainz 05,GER,"MF,FW",23,2000,7,184,0.0,1.0,0.0,8.0,3.0,1.0,2.0,4.0,1.0,,,0.0
Bundesliga,Jonathan Burkardt,Mainz 05,GER,"FW,MF",23,2000,21,1538,2.0,0.0,0.0,19.0,36.0,3.0,33.0,2.0,9.0,,,0.0
Bundesliga,Josuha Guilavogui,Mainz 05,FRA,DF,32,1990,11,409,1.0,0.0,0.0,5.0,2.0,0.0,0.0,13.0,10.0,,,0.0
Bundesliga,Karim Onisiwo,Mainz 05,AUT,"FW,MF",31,1992,24,1493,1.0,0.0,0.0,31.0,44.0,15.0,21.0,2.0,8.0,,,0.0
Bundesliga,Leandro Barreiro Martins,Mainz 05,LUX,MF,23,2000,31,2606,8.0,0.0,0.0,57.0,52.0,3.0,6.0,33.0,42.0,,,0.0
Bundesliga,Lee Jae-sung,Mainz 05,KOR,MF,30,1992,29,2113,6.0,0.0,0.0,19.0,27.0,9.0,18.0,27.0,20.0,,,0.0
Bundesliga,Ludovic Ajorque,Mainz 05,FRA,FW,29,1994,26,1360,4.0,0.0,0.0,28.0,15.0,5.0,3.0,4.0,2.0,,,0.0
Bundesliga,Marco Richter,Mainz 05,GER,MF,25,1997,20,717,3.0,0.0,0.0,10.0,17.0,4.0,37.0,2.0,5.0,,,0.0
Bundesliga,Marcus Müller,Mainz 05,GER,FW,20,2002,1,18,0.0,0.0,0.0,1.0,0.0,0.0,0.0,0.0,0.0,,,0.0
Bundesliga,Maxim Leitsch,Mainz 05,GER,DF,25,1998,7,379,0.0,0.0,0.0,2.0,2.0,0.0,0.0,4.0,3.0,,,0.0
Bundesliga,Merveille Papela,Mainz 05,GER,MF,22,2001,11,257,1.0,0.0,0.0,6.0,1.0,0.0,2.0,4.0,3.0,,,0.0
Bundesliga,Nadiem Amiri,Mainz 05,GER,MF,26,1996,15,1315,5.0,0.0,0.0,11.0,32.0,1.0,124.0,14.0,11.0,,,0.0
Bundesliga,Nelson Weiper,Mainz 05,GER,FW,18,2005,5,124,0.0,0.0,0.0,0.0,0.0,0.0,1.0,1.0,1.0,,,0.0
Bundesliga,Phillipp Mwene,Mainz 05,AUT,"MF,DF",29,1994,23,1996,4.0,1.0,0.0,34.0,13.0,2.0,88.0,16.0,16.0,,,0.0
Bundesliga,Robin Zentner,Mainz 05,GER,GK,28,1994,30,2700,3.0,0.0,0.0,1.0,5.0,0.0,0.0,0.0,2.0,,,0.0
Bundesliga,Sepp van den Berg,Mainz 05,NED,DF,21,2001,33,2839,9.0,0.0,0.0,33.0,17.0,0.0,2.0,40.0,24.0,,,1.0
Bundesliga,Silvan Widmer,Mainz 05,SUI,"MF,DF",30,1993,20,1242,4.0,0.0,0.0,9.0,3.0,3.0,34.0,15.0,10.0,,,0.0
Bundesliga,Stefan Bell,Mainz 05,GER,DF,31,1991,10,666,3.0,0.0,0.0,10.0,8.0,1.0,1.0,6.0,8.0,,,0.0
Bundesliga,Tom Krauß,Mainz 05,GER,MF,22,2001,29,1346,5.0,0.0,0.0,31.0,16.0,0.0,7.0,19.0,33.0,,,0.0
Bundesliga,Amadou Haidara,RB Leipzig,MLI,MF,25,1998,21,1526,5.0,0.0,0.0,14.0,15.0,2.0,3.0,21.0,27.0,,,0.0
Bundesliga,Benjamin Henrichs,RB Leipzig,GER,"DF,MF",26,1997,33,2526,5.0,0.0,0.0,27.0,34.0,2.0,67.0,32.0,41.0,,,0.0
Bundesliga,Benjamin Šeško,RB Leipzig,SVN,FW,20,2003,31,1526,0.0,0.0,0.0,14.0,10.0,12.0,4.0,3.0,5.0,,,0.0
Bundesliga,Castello Lukeba,RB Leipzig,FRA,DF,20,2002,32,2191,3.0,0.0,0.0,8.0,23.0,1.0,5.0,14.0,12.0,,,0.0
Bundesliga,Christoph Baumgartner,RB Leipzig,AUT,"MF,FW",23,1999,32,1158,3.0,0.0,0.0,27.0,27.0,1.0,9.0,5.0,14.0,,,0.0
Bundesliga,Christopher Lenz,RB Leipzig,GER,"DF,MF",28,1994,5,47,0.0,0.0,0.0,2.0,0.0,0.0,5.0,2.0,1.0,,,0.0
Bundesliga,Dani Olmo,RB Leipzig,ESP,MF,25,1998,21,1449,0.0,0.0,0.0,15.0,17.0,1.0,21.0,13.0,17.0,,,0.0
Bundesliga,David Raum,RB Leipzig,GER,DF,25,1998,31,2739,6.0,0.0,0.0,28.0,11.0,4.0,305.0,29.0,33.0,,,0.0
Bundesliga,El Chadaille Bitshiabu,RB Leipzig,FRA,DF,18,2005,6,34,0.0,0.0,0.0,0.0,0.0,0.0,2.0,1.0,0.0,,,0.0
Bundesliga,Elif Elmas,RB Leipzig,MKD,MF,23,1999,14,266,0.0,0.0,0.0,4.0,4.0,0.0,0.0,1.0,6.0,,,0.0
Bundesliga,Emil Forsberg,RB Leipzig,SWE,MF,31,1991,14,464,0.0,0.0,0.0,4.0,9.0,0.0,8.0,0.0,3.0,,,0.0
Bundesliga,Fabio Carvalho,RB Leipzig,POR,MF,20,2002,9,165,0.0,0.0,0.0,0.0,3.0,0.0,6.0,0.0,1.0,,,0.0
Bundesliga,Janis Blaswich,RB Leipzig,GER,GK,32,1991,21,1890,0.0,0.0,0.0,0.0,2.0,0.0,0.0,0.0,1.0,,,0.0
Bundesliga,Jonathan Norbye,RB Leipzig,NOR,DF,16,2007,1,1,0.0,0.0,0.0,0.0,0.0,0.0,0.0,0.0,0.0,,,0.0
Bundesliga,Kevin Kampl,RB Leipzig,SVN,MF,32,1990,26,1363,3.0,0.0,0.0,16.0,3.0,0.0,11.0,10.0,7.0,,,0.0
Bundesliga,Loïs Openda,RB Leipzig,BEL,FW,23,2000,34,2697,4.0,0.0,0.0,38.0,64.0,33.0,32.0,4.0,3.0,,,0.0
Bundesliga,Lukas Klostermann,RB Leipzig,GER,DF,27,1996,25,1436,3.0,0.0,0.0,11.0,5.0,1.0,8.0,14.0,10.0,,,0.0
Bundesliga,Mohamed Simakan,RB Leipzig,FRA,DF,23,2000,32,2138,8.0,0.0,0.0,35.0,25.0,3.0,19.0,27.0,31.0,,,0.0
Bundesliga,Nicolas Seiwald,RB Leipzig,AUT,MF,22,2001,21,718,1.0,0.0,0.0,5.0,1.0,0.0,4.0,10.0,17.0,,,1.0
Bundesliga,Nuha Jatta,RB Leipzig,GAM,MF,17,2006,1,1,0.0,0.0,0.0,0.0,0.0,0.0,0.0,0.0,0.0,,,0.0
Bundesliga,Péter Gulácsi,RB Leipzig,HUN,GK,33,1990,13,1170,0.0,0.0,0.0,0.0,0.0,0.0,0.0,0.0,0.0,,,0.0
Bundesliga,Timo Werner,RB Leipzig,GER,"MF,FW",27,1996,8,207,0.0,0.0,0.0,2.0,0.0,0.0,4.0,1.0,1.0,,,0.0
Bundesliga,Willi Orban,RB Leipzig,HUN,DF,30,1992,19,1582,2.0,0.0,0.0,16.0,10.0,0.0,1.0,16.0,12.0,,,0.0
Bundesliga,Xaver Schlager,RB Leipzig,AUT,MF,25,1997,29,2477,7.0,0.0,0.0,34.0,25.0,2.0,14.0,19.0,52.0,,,0.0
Bundesliga,Xavi Simons,RB Leipzig,NED,MF,20,2003,32,2653,11.0,1.0,1.0,32.0,71.0,1.0,76.0,17.0,18.0,,,0.0
Bundesliga,Yussuf Poulsen,RB Leipzig,DEN,FW,29,1994,28,1217,0.0,0.0,0.0,22.0,29.0,4.0,3.0,3.0,7.0,,,0.0
Bundesliga,Alexander Nübel,Stuttgart,GER,GK,26,1996,30,2700,1.0,0.0,0.0,0.0,4.0,0.0,0.0,0.0,2.0,,,1.0
Bundesliga,Angelo Stiller,Stuttgart,GER,MF,22,2001,31,2694,5.0,0.0,0.0,37.0,33.0,0.0,81.0,28.0,33.0,,,0.0
Bundesliga,Anthony Rouault,Stuttgart,FRA,DF,22,2001,22,1010,3.0,0.0,0.0,8.0,4.0,1.0,3.0,10.0,12.0,,,0.0
Bundesliga,Atakan Karazor,Stuttgart,TUR,MF,26,1996,33,2623,9.0,0.0,0.0,27.0,61.0,0.0,4.0,26.0,48.0,,,0.0
Bundesliga,Borna Sosa,Stuttgart,CRO,"DF,MF",25,1998,2,46,0.0,0.0,0.0,0.0,0.0,0.0,12.0,0.0,0.0,,,0.0
Bundesliga,Chris Führich,Stuttgart,GER,MF,25,1998,34,2567,2.0,0.0,0.0,6.0,10.0,3.0,100.0,5.0,20.0,,,0.0
Bundesliga,Dan-Axel Zagadou,Stuttgart,FRA,DF,24,1999,19,1453,1.0,0.0,0.0,17.0,3.0,1.0,0.0,22.0,15.0,,,1.0
Bundesliga,Deniz Undav,Stuttgart,GER,"FW,MF",27,1996,30,2089,5.0,0.0,0.0,29.0,27.0,4.0,9.0,6.0,15.0,,,0.0
Bundesliga,Enzo Millot,Stuttgart,FRA,MF,21,2002,31,2241,5.0,0.0,0.0,36.0,35.0,4.0,40.0,17.0,22.0,,,0.0
Bundesliga,Fabian Bredlow,Stuttgart,GER,GK,28,1995,4,360,0.0,0.0,0.0,0.0,1.0,0.0,0.0,0.0,0.0,,,0.0
Bundesliga,Genki Haraguchi,Stuttgart,JPN,"FW,MF",32,1991,2,27,0.0,0.0,0.0,2.0,0.0,0.0,0.0,0.0,1.0,,,0.0
Bundesliga,Hiroki Ito,Stuttgart,JPN,DF,24,1999,26,2228,1.0,0.0,0.0,17.0,8.0,2.0,23.0,32.0,17.0,,,0.0
Bundesliga,Jamie Leweling,Stuttgart,GER,MF,22,2001,34,1523,3.0,0.0,0.0,22.0,23.0,8.0,46.0,5.0,11.0,,,0.0
Bundesliga,Jeong Woo-yeong,Stuttgart,KOR,MF,23,1999,26,633,1.0,0.0,0.0,4.0,9.0,2.0,8.0,9.0,9.0,,,0.0
Bundesliga,Josha Vagnoman,Stuttgart,GER,"MF,DF",22,2000,18,1183,2.0,0.0,0.0,11.0,8.0,2.0,22.0,3.0,19.0,,,0.0
Bundesliga,Jovan Milošević,Stuttgart,SRB,FW,18,2005,5,28,0.0,0.0,0.0,1.0,1.0,0.0,0.0,0.0,0.0,,,0.0
Bundesliga,Leonidas Stergiou,Stuttgart,SUI,DF,21,2002,15,594,0.0,0.0,0.0,5.0,1.0,0.0,12.0,5.0,7.0,,,0.0
Bundesliga,Lilian Egloff,Stuttgart,GER,MF,20,2002,5,106,1.0,0.0,0.0,2.0,2.0,0.0,0.0,1.0,1.0,,,0.0
Bundesliga,Luca Raimund,Stuttgart,GER,MF,18,2005,3,30,1.0,0.0,0.0,2.0,0.0,0.0,1.0,0.0,1.0,,,0.0
Bundesliga,Mahmoud Dahoud,Stuttgart,GER,MF,27,1996,13,227,0.0,0.0,0.0,0.0,2.0,0.0,6.0,0.0,1.0,,,0.0
Bundesliga,Maximilian Mittelstädt,Stuttgart,GER,"DF,MF",26,1997,31,2103,5.0,0.0,0.0,29.0,31.0,1.0,106.0,43.0,49.0,,,0.0
Bundesliga,Pascal Stenzel,Stuttgart,GER,DF,27,1996,23,1064,3.0,1.0,1.0,16.0,11.0,0.0,26.0,17.0,7.0,,,0.0
Bundesliga,Roberto Massimo,Stuttgart,GER,"FW,MF",22,2000,5,84,1.0,0.0,0.0,2.0,1.0,0.0,0.0,1.0,0.0,,,0.0
Bundesliga,Samuele Di Benedetto,Stuttgart,GER,MF,18,2005,1,7,0.0,0.0,0.0,0.0,2.0,0.0,0.0,1.0,0.0,,,0.0
Bundesliga,Serhou Guirassy,Stuttgart,GUI,FW,27,1996,28,2208,0.0,0.0,0.0,18.0,55.0,17.0,1.0,6.0,3.0,,,0.0
Bundesliga,Silas Katompa,Stuttgart,COD,MF,24,1998,27,900,0.0,0.0,0.0,13.0,15.0,5.0,28.0,0.0,3.0,,,0.0
Bundesliga,Waldemar Anton,Stuttgart,GER,DF,27,1996,33,2886,7.0,0.0,0.0,25.0,26.0,0.0,13.0,39.0,27.0,,,1.0
Bundesliga,Alex Král,Union Berlin,CZE,MF,25,1998,24,1370,2.0,0.0,0.0,16.0,13.0,2.0,17.0,11.0,13.0,,,0.0
Bundesliga,Alexander Schwolow,Union Berlin,GER,GK,31,1992,1,90,0.0,0.0,0.0,0.0,0.0,0.0,0.0,0.0,0.0,,,0.0
Bundesliga,Aljoscha Kemlein,Union Berlin,GER,MF,18,2004,2,29,0.0,0.0,0.0,2.0,0.0,0.0,0.0,0.0,0.0,,,0.0
Bundesliga,András Schäfer,Union Berlin,HUN,MF,24,1999,20,1214,1.0,1.0,0.0,22.0,17.0,2.0,18.0,20.0,15.0,,,0.0
Bundesliga,Aïssa Laïdouni,Union Berlin,TUN,MF,26,1996,23,1071,2.0,0.0,0.0,20.0,27.0,0.0,22.0,12.0,12.0,,,0.0
Bundesliga,Benedict Hollerbach,Union Berlin,GER,"FW,MF",22,2001,28,1282,2.0,0.0,0.0,29.0,20.0,4.0,44.0,5.0,12.0,,,0.0
Bundesliga,Brenden Aaronson,Union Berlin,USA,"MF,FW",22,2000,30,1267,3.0,1.0,1.0,15.0,25.0,5.0,22.0,2.0,18.0,,,0.0
Bundesliga,Chris Bedia,Union Berlin,CIV,FW,27,1996,7,145,0.0,0.0,0.0,7.0,2.0,0.0,0.0,0.0,1.0,,,0.0
Bundesliga,Christopher Trimmel,Union Berlin,AUT,"MF,DF",36,1987,26,1646,2.0,1.0,0.0,13.0,4.0,3.0,165.0,9.0,15.0,,,0.0
Bundesliga,Danilho Doekhi,Union Berlin,NED,DF,25,1998,24,2160,2.0,0.0,0.0,13.0,20.0,0.0,3.0,37.0,25.0,,,0.0
Bundesliga,David Datro Fofana,Union Berlin,CIV,"FW,MF",20,2002,12,682,0.0,0.0,0.0,8.0,12.0,4.0,11.0,0.0,7.0,,,0.0
Bundesliga,Diogo Leite,Union Berlin,POR,DF,24,1999,32,2702,6.0,0.0,0.0,40.0,31.0,1.0,4.0,46.0,35.0,,,0.0
Bundesliga,Frederik Rønnow,Union Berlin,DEN,GK,30,1992,33,2970,2.0,0.0,0.0,0.0,4.0,0.0,0.0,1.0,1.0,,,0.0
Bundesliga,Janik Haberer,Union Berlin,GER,MF,29,1994,21,1221,7.0,0.0,0.0,22.0,16.0,1.0,15.0,13.0,24.0,,,0.0
Bundesliga,Jordan Pefok,Union Berlin,USA,FW,27,1996,1,27,0.0,0.0,0.0,2.0,0.0,0.0,0.0,0.0,0.0,,,0.0
Bundesliga,Josip Juranović,Union Berlin,CRO,"MF,DF",27,1995,21,1294,4.0,0.0,0.0,4.0,10.0,0.0,103.0,13.0,14.0,,,0.0
Bundesliga,Jérôme Roussillon,Union Berlin,GLP,"DF,MF",30,1993,23,752,2.0,0.0,0.0,4.0,10.0,0.0,21.0,5.0,9.0,,,0.0
Bundesliga,Kevin Behrens,Union Berlin,GER,FW,32,1991,18,1262,3.0,0.0,0.0,22.0,20.0,8.0,6.0,5.0,10.0,,,0.0
Bundesliga,Kevin Vogt,Union Berlin,GER,DF,31,1991,16,1323,5.0,0.0,0.0,17.0,9.0,1.0,0.0,8.0,9.0,,,0.0
Bundesliga,Kevin Volland,Union Berlin,GER,"FW,MF",31,1992,26,1345,3.0,2.0,1.0,28.0,13.0,7.0,56.0,6.0,11.0,,,0.0
Bundesliga,Leonardo Bonucci,Union Berlin,ITA,DF,36,1987,7,460,0.0,0.0,0.0,2.0,1.0,0.0,6.0,9.0,4.0,,,0.0
Bundesliga,Lucas Tousart,Union Berlin,FRA,MF,26,1997,23,1572,5.0,0.0,0.0,31.0,8.0,0.0,9.0,24.0,21.0,,,0.0
Bundesliga,Mikkel Kaufmann,Union Berlin,DEN,FW,22,2001,18,486,0.0,0.0,0.0,7.0,10.0,0.0,5.0,1.0,3.0,,,0.0
Bundesliga,Miloš Pantović,Union Berlin,SRB,"FW,MF",27,1996,1,15,0.0,0.0,0.0,0.0,2.0,0.0,0.0,0.0,0.0,,,0.0
Bundesliga,Paul Jaeckel,Union Berlin,GER,DF,25,1998,6,234,0.0,0.0,0.0,0.0,2.0,0.0,0.0,4.0,2.0,,,0.0
Bundesliga,Rani Khedira,Union Berlin,TUN,MF,29,1994,20,1343,5.0,1.0,0.0,25.0,13.0,1.0,6.0,20.0,20.0,,,0.0
Bundesliga,Robin Gosens,Union Berlin,GER,"MF,DF",29,1994,30,2283,9.0,1.0,1.0,29.0,24.0,17.0,63.0,34.0,44.0,,,0.0
Bundesliga,Robin Knoche,Union Berlin,GER,DF,31,1992,24,1917,1.0,0.0,0.0,10.0,11.0,0.0,3.0,13.0,24.0,,,1.0
Bundesliga,Sheraldo Becker,Union Berlin,SUR,"FW,MF",28,1995,11,645,0.0,0.0,0.0,6.0,5.0,4.0,58.0,0.0,3.0,,,0.0
Bundesliga,Yorbe Vertessen,Union Berlin,BEL,"FW,MF",22,2001,13,593,1.0,0.0,0.0,8.0,11.0,1.0,3.0,1.0,2.0,,,0.0
Bundesliga,Amos Pieper,Werder Bremen,GER,DF,25,1998,7,590,0.0,0.0,0.0,5.0,5.0,0.0,2.0,9.0,11.0,,,0.0
Bundesliga,Anthony Jung,Werder Bremen,GER,"DF,MF",31,1991,31,2579,4.0,1.0,0.0,15.0,15.0,1.0,24.0,26.0,25.0,,,0.0
Bundesliga,Christian Groß,Werder Bremen,GER,"DF,MF",34,1989,20,797,1.0,0.0,0.0,14.0,5.0,2.0,8.0,14.0,18.0,,,0.0
Bundesliga,Dawid Kownacki,Werder Bremen,POL,FW,26,1997,22,380,0.0,0.0,0.0,9.0,9.0,1.0,2.0,0.0,1.0,,,0.0
Bundesliga,Felix Agu,Werder Bremen,NGA,MF,23,1999,24,1614,2.0,0.0,0.0,15.0,44.0,2.0,46.0,13.0,29.0,,,0.0
Bundesliga,Ilia Gruev,Werder Bremen,BUL,MF,23,2000,1,4,0.0,0.0,0.0,0.0,0.0,0.0,0.0,0.0,0.0,,,0.0
Bundesliga,Isak Hansen-Aarøen,Werder Bremen,NOR,MF,18,2004,3,27,1.0,0.0,0.0,1.0,0.0,0.0,0.0,1.0,0.0,,,0.0
Bundesliga,Jens Stage,Werder Bremen,DEN,MF,26,1996,30,2327,5.0,1.0,0.0,49.0,39.0,2.0,10.0,24.0,27.0,,,0.0
Bundesliga,Jiří Pavlenka,Werder Bremen,CZE,GK,31,1992,7,630,0.0,0.0,0.0,0.0,0.0,0.0,0.0,0.0,0.0,,,0.0
Bundesliga,Joel Imasuen,Werder Bremen,USA,FW,18,2004,1,2,0.0,0.0,0.0,0.0,0.0,0.0,0.0,0.0,0.0,,,0.0
Bundesliga,Julián Malatini,Werder Bremen,ARG,DF,22,2001,11,602,1.0,0.0,0.0,10.0,1.0,0.0,6.0,14.0,13.0,,,0.0
Bundesliga,Justin Njinmah,Werder Bremen,GER,FW,22,2000,24,1016,1.0,0.0,0.0,6.0,20.0,9.0,10.0,2.0,2.0,,,0.0
Bundesliga,Leon Opitz,Werder Bremen,GER,MF,18,2005,3,18,0.0,0.0,0.0,0.0,0.0,0.0,2.0,0.0,0.0,,,0.0
Bundesliga,Leonardo Bittencourt,Werder Bremen,GER,MF,29,1993,29,1578,9.0,0.0,0.0,34.0,31.0,2.0,41.0,12.0,17.0,,,0.0
Bundesliga,Marco Friedl,Werder Bremen,AUT,DF,25,1998,25,2197,6.0,0.0,0.0,31.0,17.0,1.0,3.0,33.0,33.0,,,0.0
Bundesliga,Marvin Ducksch,Werder Bremen,GER,FW,29,1994,33,2696,9.0,0.0,0.0,6.0,19.0,18.0,157.0,5.0,4.0,,,0.0
Bundesliga,Michael Zetterer,Werder Bremen,GER,GK,28,1995,27,2430,2.0,0.0,0.0,0.0,7.0,1.0,0.0,0.0,1.0,,,0.0
Bundesliga,Miloš Veljković,Werder Bremen,SRB,DF,27,1995,23,1920,2.0,0.0,0.0,9.0,5.0,0.0,21.0,15.0,15.0,,,0.0
Bundesliga,Mitchell Weiser,Werder Bremen,GER,MF,29,1994,30,2636,5.0,0.0,0.0,29.0,38.0,4.0,83.0,22.0,35.0,,,0.0
Bundesliga,Naby Keïta,Werder Bremen,GUI,MF,28,1995,5,109,2.0,0.0,0.0,2.0,1.0,0.0,0.0,2.0,1.0,,,0.0
Bundesliga,Nick Woltemade,Werder Bremen,GER,"FW,MF",21,2002,30,1189,1.0,0.0,0.0,22.0,23.0,6.0,3.0,5.0,21.0,,,0.0
Bundesliga,Niclas Füllkrug,Werder Bremen,GER,FW,30,1993,2,180,0.0,0.0,0.0,2.0,7.0,3.0,0.0,0.0,1.0,,,0.0
Bundesliga,Nicolai Rapp,Werder Bremen,GER,DF,26,1996,2,76,1.0,0.0,0.0,2.0,0.0,0.0,0.0,2.0,2.0,,,0.0
Bundesliga,Niklas Stark,Werder Bremen,GER,DF,28,1995,17,1088,4.0,0.0,0.0,21.0,16.0,1.0,0.0,15.0,16.0,,,0.0
Bundesliga,Oliver Burke,Werder Bremen,SCO,"FW,MF",26,1997,1,32,0.0,0.0,0.0,0.0,0.0,0.0,2.0,0.0,0.0,,,0.0
Bundesliga,Olivier Deman,Werder Bremen,BEL,MF,23,2000,29,1365,5.0,0.0,0.0,27.0,13.0,0.0,45.0,13.0,14.0,,,1.0
Bundesliga,Rafael Borré,Werder Bremen,COL,FW,27,1995,19,991,0.0,0.0,0.0,17.0,8.0,14.0,12.0,2.0,9.0,,,0.0
Bundesliga,Romano Schmid,Werder Bremen,AUT,"MF,FW",23,2000,33,2601,5.0,0.0,0.0,33.0,53.0,3.0,64.0,13.0,21.0,,,0.0
Bundesliga,Senne Lynen,Werder Bremen,BEL,MF,24,1999,32,1797,6.0,0.0,0.0,35.0,17.0,0.0,4.0,42.0,36.0,,,0.0
Bundesliga,Skelly Alvero,Werder Bremen,FRA,MF,21,2002,6,123,1.0,0.0,0.0,2.0,3.0,0.0,0.0,1.0,4.0,,,0.0
Bundesliga,Amin Sarr,Wolfsburg,SWE,"MF,FW",22,2001,14,386,0.0,0.0,0.0,3.0,3.0,2.0,1.0,2.0,2.0,,,0.0
Bundesliga,Aster Vranckx,Wolfsburg,BEL,MF,20,2002,24,1153,6.0,0.0,0.0,29.0,24.0,0.0,10.0,14.0,17.0,,,0.0
Bundesliga,Bennit Bröger,Wolfsburg,GER,MF,17,2006,1,11,0.0,0.0,0.0,1.0,2.0,0.0,0.0,0.0,0.0,,,0.0
Bundesliga,Cedric Zesiger,Wolfsburg,SUI,DF,25,1998,23,1634,5.0,0.0,0.0,23.0,10.0,0.0,5.0,15.0,8.0,,,0.0
Bundesliga,Dženan Pejčinović,Wolfsburg,GER,FW,18,2005,4,37,1.0,0.0,0.0,2.0,0.0,0.0,0.0,0.0,0.0,,,0.0
Bundesliga,Jakub Kamiński,Wolfsburg,POL,MF,21,2002,17,473,0.0,0.0,0.0,3.0,5.0,2.0,16.0,2.0,5.0,,,0.0
Bundesliga,Joakim Mæhle,Wolfsburg,DEN,"DF,MF",26,1997,30,2452,5.0,0.0,0.0,19.0,14.0,2.0,58.0,29.0,41.0,,,0.0
Bundesliga,Jonas Wind,Wolfsburg,DEN,FW,24,1999,34,2651,3.0,0.0,0.0,29.0,45.0,9.0,8.0,3.0,10.0,,,0.0
Bundesliga,Kevin Behrens,Wolfsburg,GER,FW,32,1991,13,616,1.0,0.0,0.0,8.0,5.0,4.0,4.0,3.0,1.0,,,0.0
Bundesliga,Kevin Paredes,Wolfsburg,USA,"MF,DF",20,2003,28,1432,4.0,0.0,0.0,11.0,53.0,5.0,33.0,24.0,21.0,,,0.0
Bundesliga,Kilian Fischer,Wolfsburg,GER,"MF,DF",22,2000,6,291,1.0,0.0,0.0,4.0,3.0,0.0,11.0,1.0,5.0,,,0.0
Bundesliga,Koen Casteels,Wolfsburg,BEL,GK,31,1992,25,2250,2.0,0.0,0.0,1.0,3.0,0.0,0.0,0.0,0.0,,,0.0
Bundesliga,Kofi Amoako,Wolfsburg,GER,MF,18,2005,2,2,0.0,0.0,0.0,0.0,0.0,0.0,0.0,0.0,0.0,,,0.0
Bundesliga,Lovro Majer,Wolfsburg,CRO,"MF,FW",25,1998,32,2106,5.0,0.0,0.0,37.0,37.0,1.0,88.0,12.0,19.0,,,0.0
Bundesliga,Lukas Nmecha,Wolfsburg,GER,FW,24,1998,3,42,0.0,0.0,0.0,1.0,1.0,0.0,0.0,0.0,1.0,,,0.0
Bundesliga,Mattias Svanberg,Wolfsburg,SWE,MF,24,1999,25,1715,8.0,0.0,0.0,42.0,33.0,2.0,54.0,24.0,18.0,,,0.0
Bundesliga,Maxence Lacroix,Wolfsburg,FRA,DF,23,2000,28,2362,5.0,3.0,1.0,27.0,19.0,0.0,5.0,25.0,29.0,,,0.0
Bundesliga,Maximilian Arnold,Wolfsburg,GER,MF,29,1994,30,2506,9.0,0.0,0.0,37.0,46.0,0.0,110.0,26.0,33.0,,,0.0
Bundesliga,Moritz Jenz,Wolfsburg,GER,DF,24,1999,22,1742,7.0,1.0,1.0,26.0,3.0,0.0,0.0,24.0,24.0,,,1.0
Bundesliga,Nicolas Cozza,Wolfsburg,FRA,DF,24,1999,6,276,1.0,0.0,0.0,1.0,0.0,0.0,4.0,3.0,6.0,,,0.0
Bundesliga,Patrick Wimmer,Wolfsburg,AUT,"MF,FW",22,2001,14,589,3.0,1.0,0.0,14.0,11.0,1.0,12.0,4.0,5.0,,,0.0
Bundesliga,Pavao Pervan,Wolfsburg,AUT,GK,35,1987,9,810,1.0,0.0,0.0,0.0,1.0,0.0,0.0,0.0,0.0,,,0.0
Bundesliga,Ridle Baku,Wolfsburg,GER,"MF,DF",25,1998,33,2013,4.0,0.0,0.0,24.0,35.0,3.0,54.0,23.0,24.0,,,0.0
Bundesliga,Rogério,Wolfsburg,BRA,"DF,MF",25,1998,13,906,0.0,0.0,0.0,7.0,12.0,0.0,27.0,3.0,8.0,,,0.0
Bundesliga,Sebastiaan Bornauw,Wolfsburg,BEL,DF,24,1999,20,1431,5.0,0.0,0.0,27.0,5.0,1.0,1.0,18.0,12.0,,,2.0
Bundesliga,Tiago Tomás,Wolfsburg,POR,"FW,MF",21,2002,26,1032,3.0,0.0,0.0,12.0,26.0,3.0,28.0,4.0,2.0,,,0.0
Bundesliga,Václav Černý,Wolfsburg,CZE,"MF,FW",25,1997,22,921,2.0,0.0,0.0,9.0,0.0,4.0,33.0,7.0,4.0,,,0.0
Bundesliga,Yannick Gerhardt,Wolfsburg,GER,MF,29,1994,25,1630,5.0,0.0,0.0,18.0,16.0,2.0,27.0,8.0,21.0,,,0.0
La Liga,Abde Rebbach,Alavés,ALG,MF,24,1998,23,722,1.0,0.0,0.0,13.0,10.0,3.0,63.0,4.0,5.0,,,0.0
La Liga,Abdel Abqar,Alavés,MAR,DF,24,1999,27,2312,10.0,0.0,0.0,32.0,23.0,1.0,2.0,25.0,21.0,,,1.0
La Liga,Aleksandar Sedlar,Alavés,SRB,DF,31,1991,11,946,2.0,0.0,0.0,14.0,4.0,1.0,0.0,15.0,8.0,,,0.0
La Liga,Alex Sola,Alavés,ESP,MF,24,1999,29,1262,2.0,0.0,0.0,11.0,28.0,10.0,82.0,10.0,15.0,,,0.0
La Liga,Ander Guevara,Alavés,ESP,MF,26,1997,37,2932,7.0,0.0,0.0,49.0,30.0,0.0,10.0,14.0,34.0,,,0.0
La Liga,Andoni Gorosabel,Alavés,ESP,DF,26,1996,36,2854,6.0,0.0,0.0,29.0,41.0,0.0,83.0,25.0,40.0,,,0.0
La Liga,Antonio Blanco,Alavés,ESP,MF,23,2000,33,2426,5.0,1.0,0.0,35.0,40.0,0.0,14.0,33.0,37.0,,,0.0
La Liga,Antonio Sivera,Alavés,ESP,GK,26,1996,34,3060,3.0,0.0,0.0,0.0,2.0,0.0,0.0,0.0,0.0,,,0.0
La Liga,Carlos Benavídez,Alavés,URU,MF,25,1998,29,1136,5.0,0.0,0.0,37.0,9.0,1.0,6.0,18.0,35.0,,,0.0
La Liga,Carlos Vicente,Alavés,ESP,MF,24,1999,18,1114,1.0,0.0,0.0,18.0,25.0,9.0,90.0,5.0,7.0,,,0.0
La Liga,Eneko Ortiz,Alavés,ESP,MF,20,2003,1,14,0.0,0.0,0.0,0.0,0.0,0.0,1.0,0.0,0.0,,,0.0
La Liga,Giuliano Simeone,Alavés,ARG,MF,20,2002,14,630,1.0,0.0,0.0,11.0,6.0,2.0,14.0,5.0,5.0,,,0.0
La Liga,Ianis Hagi,Alavés,ROU,MF,24,1998,22,804,3.0,0.0,0.0,13.0,19.0,1.0,54.0,4.0,12.0,,,0.0
La Liga,Javi López,Alavés,ESP,DF,21,2002,32,2386,3.0,0.0,0.0,26.0,28.0,1.0,102.0,11.0,12.0,,,0.0
La Liga,Jesús Owono,Alavés,EQG,GK,22,2001,4,360,1.0,0.0,0.0,0.0,0.0,0.0,0.0,0.0,0.0,,,0.0
La Liga,Joaquín Panichelli,Alavés,ARG,"MF,FW",20,2002,8,226,0.0,0.0,0.0,8.0,4.0,1.0,0.0,1.0,3.0,,,0.0
La Liga,Jon Guridi,Alavés,ESP,MF,28,1995,36,2678,2.0,0.0,0.0,22.0,30.0,2.0,21.0,19.0,24.0,,,0.0
La Liga,Jon Karrikaburu,Alavés,ESP,FW,20,2002,2,16,0.0,0.0,0.0,1.0,0.0,1.0,0.0,0.0,0.0,,,0.0
La Liga,Kiké,Alavés,ESP,FW,33,1989,33,1423,3.0,0.0,0.0,24.0,36.0,7.0,9.0,2.0,5.0,,,0.0
La Liga,Luis Rioja,Alavés,ESP,MF,29,1993,37,2498,4.0,0.0,0.0,23.0,18.0,10.0,175.0,17.0,19.0,,,0.0
La Liga,Mamadou Sylla,Alavés,SEN,FW,29,1994,2,18,0.0,0.0,0.0,1.0,2.0,0.0,0.0,0.0,0.0,,,0.0
La Liga,Miguel,Alavés,ESP,FW,23,1999,3,65,0.0,0.0,0.0,2.0,3.0,0.0,0.0,0.0,0.0,,,0.0
La Liga,Nahuel Tenaglia,Alavés,ARG,DF,27,1996,25,1141,5.0,0.0,0.0,13.0,14.0,2.0,17.0,13.0,15.0,,,0.0
La Liga,Rafa Marín,Alavés,ESP,DF,21,2002,33,2443,6.0,0.0,0.0,28.0,16.0,0.0,2.0,31.0,18.0,,,1.0
La Liga,Rubén Duarte,Alavés,ESP,DF,27,1995,28,1878,7.0,0.0,0.0,31.0,31.0,0.0,71.0,20.0,17.0,,,0.0
La Liga,Samu Omorodion,Alavés,ESP,FW,19,2004,34,1918,6.0,0.0,0.0,30.0,30.0,16.0,2.0,1.0,3.0,,,0.0
La Liga,Tomás Mendes,Alavés,ESP,MF,18,2004,1,6,0.0,0.0,0.0,0.0,0.0,0.0,0.0,0.0,0.0,,,0.0
La Liga,Unai Ropero,Alavés,ESP,FW,21,2001,1,5,0.0,0.0,0.0,1.0,0.0,0.0,0.0,0.0,0.0,,,0.0
La Liga,Victor Parada,Alavés,ESP,DF,21,2002,2,3,0.0,0.0,0.0,0.0,0.0,0.0,0.0,0.0,1.0,,,0.0
La Liga,Xeber,Alavés,ESP,"MF,FW",26,1997,10,302,1.0,0.0,0.0,9.0,0.0,1.0,14.0,1.0,5.0,,,0.0
La Liga,Adri Embarba,Almería,ESP,"MF,FW",31,1992,36,2476,5.0,0.0,0.0,37.0,41.0,15.0,172.0,15.0,38.0,,,0.0
La Liga,Alejandro Pozo Pozo,Almería,ESP,"DF,MF",24,1999,21,976,3.0,0.0,0.0,16.0,6.0,0.0,41.0,7.0,13.0,,,0.0
La Liga,Aleksandar Radovanović,Almería,SRB,DF,29,1993,9,569,2.0,0.0,0.0,7.0,2.0,0.0,0.0,11.0,7.0,,,0.0
La Liga,Anthony Lozano,Almería,HON,FW,30,1993,13,772,1.0,0.0,0.0,22.0,20.0,5.0,4.0,3.0,5.0,,,0.0
La Liga,Arnau Puigmal,Almería,ESP,"MF,DF",22,2001,11,255,3.0,0.0,0.0,7.0,4.0,0.0,14.0,3.0,1.0,,,0.0
La Liga,Bruno Langa,Almería,MOZ,DF,25,1997,11,820,1.0,1.0,0.0,4.0,12.0,0.0,16.0,5.0,11.0,,,0.0
La Liga,Chumi,Almería,ESP,DF,24,1999,31,2434,4.0,0.0,0.0,23.0,8.0,0.0,2.0,15.0,23.0,,,0.0
La Liga,César Montes,Almería,MEX,DF,26,1997,21,1788,5.0,0.0,0.0,22.0,11.0,2.0,3.0,10.0,15.0,,,0.0
La Liga,Diego Mariño,Almería,ESP,GK,33,1990,1,90,0.0,0.0,0.0,0.0,0.0,0.0,0.0,0.0,0.0,,,0.0
La Liga,Dion Lopy,Almería,SEN,MF,21,2002,30,1916,5.0,0.0,0.0,30.0,40.0,0.0,7.0,14.0,36.0,,,0.0
La Liga,Fernando,Almería,ESP,GK,33,1990,4,360,0.0,0.0,0.0,0.0,0.0,0.0,0.0,0.0,0.0,,,0.0
La Liga,Gonzalo Melero,Almería,ESP,"MF,FW",29,1994,28,1103,3.0,0.0,0.0,21.0,17.0,0.0,3.0,4.0,9.0,,,0.0
La Liga,Houboulang Mendes,Almería,GNB,DF,25,1998,7,396,0.0,0.0,0.0,6.0,10.0,1.0,5.0,2.0,14.0,,,0.0
La Liga,Ibrahima Koné,Almería,MLI,FW,24,1999,9,277,0.0,0.0,0.0,3.0,4.0,6.0,2.0,0.0,0.0,,,0.0
La Liga,Iddrisu Baba,Almería,GHA,MF,27,1996,25,1430,5.0,0.0,0.0,29.0,34.0,0.0,4.0,11.0,24.0,,,0.0
La Liga,Jonathan Viera,Almería,ESP,MF,33,1989,12,912,3.0,1.0,1.0,10.0,16.0,4.0,6.0,4.0,9.0,,,0.0
La Liga,Kaiky,Almería,BRA,DF,19,2004,8,523,2.0,0.0,0.0,7.0,0.0,0.0,1.0,3.0,4.0,,,0.0
La Liga,Largie Ramazani,Almería,BEL,"MF,FW",22,2001,29,1555,11.0,2.0,2.0,27.0,24.0,9.0,31.0,35.0,7.0,,,0.0
La Liga,Lucas Robertone,Almería,ARG,MF,26,1997,33,2381,11.0,0.0,0.0,38.0,54.0,2.0,65.0,47.0,35.0,,,0.0
La Liga,Luis Suárez,Almería,COL,"FW,MF",25,1997,15,917,3.0,0.0,0.0,18.0,17.0,5.0,7.0,0.0,5.0,,,0.0
La Liga,Luka Romero,Almería,ARG,MF,18,2004,13,438,2.0,0.0,0.0,8.0,11.0,0.0,2.0,1.0,1.0,,,0.0
La Liga,Luís Maximiano,Almería,POR,GK,24,1999,33,2970,1.0,0.0,0.0,1.0,3.0,0.0,0.0,0.0,0.0,,,0.0
La Liga,Lázaro,Almería,BRA,MF,21,2002,14,285,0.0,0.0,0.0,3.0,7.0,2.0,11.0,1.0,1.0,,,0.0
La Liga,Léo Baptistão,Almería,BRA,"FW,MF",30,1992,32,1837,6.0,1.0,0.0,21.0,29.0,13.0,26.0,12.0,16.0,,,0.0
La Liga,Marc Pubill,Almería,ESP,DF,20,2003,23,1883,2.0,0.0,0.0,21.0,34.0,0.0,67.0,14.0,26.0,,,0.0
La Liga,Marciano Tchami,Almería,GNB,FW,19,2004,6,43,0.0,0.0,0.0,0.0,0.0,0.0,1.0,0.0,0.0,,,0.0
La Liga,Marcos Peña,Almería,ESP,MF,18,2005,7,441,3.0,0.0,0.0,8.0,4.0,0.0,0.0,13.0,14.0,,,0.0
La Liga,Marko Milovanović,Almería,SRB,FW,19,2003,11,308,0.0,0.0,0.0,15.0,6.0,4.0,1.0,0.0,4.0,,,0.0
La Liga,Paco Sanz,Almería,ESP,DF,18,2004,1,24,0.0,0.0,0.0,0.0,0.0,0.0,0.0,0.0,0.0,,,0.0
La Liga,Rachad Fettal,Almería,MAR,FW,18,2005,1,17,0.0,0.0,0.0,1.0,0.0,0.0,0.0,0.0,0.0,,,0.0
La Liga,Sergio Akieme,Almería,ESP,"DF,MF",25,1997,19,1675,2.0,0.0,0.0,18.0,17.0,1.0,56.0,10.0,15.0,,,0.0
La Liga,Sergio Arribas,Almería,ESP,"MF,FW",21,2001,34,2047,1.0,0.0,0.0,14.0,42.0,2.0,59.0,14.0,17.0,,,0.0
La Liga,Srđan Babić,Almería,SRB,DF,27,1996,1,90,0.0,0.0,0.0,2.0,0.0,0.0,0.0,0.0,2.0,,,0.0
La Liga,Álex Centelles,Almería,ESP,DF,25,1997,14,980,2.0,0.0,0.0,10.0,13.0,1.0,43.0,16.0,7.0,,,0.0
La Liga,Édgar González,Almería,ESP,"DF,MF",26,1997,31,2522,7.0,1.0,1.0,29.0,7.0,3.0,2.0,35.0,21.0,,,0.0
La Liga,Adu Ares,Athletic Club,ESP,MF,21,2001,12,265,2.0,0.0,0.0,5.0,12.0,1.0,11.0,1.0,4.0,,,0.0
La Liga,Aingeru Olabarrieta,Athletic Club,ESP,FW,17,2005,1,9,0.0,0.0,0.0,0.0,0.0,0.0,2.0,0.0,0.0,,,0.0
La Liga,Aitor Paredes,Athletic Club,ESP,DF,23,2000,34,2704,9.0,1.0,1.0,37.0,11.0,0.0,1.0,31.0,12.0,,,0.0
La Liga,Ander Herrera,Athletic Club,ESP,MF,33,1989,23,1030,4.0,0.0,0.0,21.0,11.0,0.0,12.0,16.0,33.0,,,0.0
La Liga,Asier Villalibre,Athletic Club,ESP,FW,25,1997,18,513,0.0,0.0,0.0,7.0,11.0,3.0,2.0,0.0,1.0,,,0.0
La Liga,Beñat Prados,Athletic Club,ESP,MF,22,2001,26,1449,1.0,0.0,0.0,29.0,24.0,0.0,10.0,23.0,28.0,,,0.0
La Liga,Dani García,Athletic Club,ESP,MF,33,1990,17,745,4.0,0.0,0.0,11.0,7.0,0.0,0.0,8.0,11.0,,,0.0
La Liga,Daniel Vivian,Athletic Club,ESP,DF,24,1999,33,2878,6.0,0.0,0.0,37.0,26.0,1.0,5.0,29.0,29.0,,,0.0
La Liga,Gorka Guruzeta,Athletic Club,ESP,FW,26,1996,32,2217,2.0,0.0,0.0,44.0,23.0,11.0,12.0,15.0,22.0,,,0.0
La Liga,Iker Muniain,Athletic Club,ESP,MF,30,1992,20,594,1.0,0.0,0.0,5.0,11.0,0.0,33.0,0.0,1.0,,,0.0
La Liga,Imanol,Athletic Club,ESP,DF,23,2000,9,525,2.0,0.0,0.0,5.0,2.0,0.0,21.0,9.0,6.0,,,0.0
La Liga,Iñaki Williams,Athletic Club,GHA,MF,29,1994,34,2844,4.0,0.0,0.0,32.0,45.0,25.0,110.0,13.0,18.0,,,1.0
La Liga,Iñigo Lekue,Athletic Club,ESP,DF,30,1993,27,2002,4.0,0.0,0.0,15.0,7.0,0.0,37.0,16.0,21.0,,,0.0
La Liga,Iñigo Ruiz de Galarreta,Athletic Club,ESP,MF,29,1993,29,2091,7.0,0.0,0.0,54.0,41.0,0.0,58.0,12.0,32.0,,,1.0
La Liga,Julen Agirrezabala,Athletic Club,ESP,GK,22,2000,4,238,0.0,0.0,0.0,0.0,0.0,0.0,0.0,0.0,0.0,,,0.0
La Liga,Mikel Jauregizar,Athletic Club,ESP,MF,19,2003,7,151,0.0,0.0,0.0,4.0,1.0,0.0,6.0,0.0,0.0,,,0.0
La Liga,Mikel Vesga,Athletic Club,ESP,MF,30,1993,27,1534,2.0,0.0,0.0,28.0,6.0,0.0,15.0,31.0,20.0,,,0.0
La Liga,Nico Williams,Athletic Club,ESP,MF,21,2002,31,2263,6.0,1.0,1.0,19.0,37.0,12.0,152.0,4.0,12.0,,,0.0
La Liga,Oihan Sancet,Athletic Club,ESP,MF,23,2000,30,1975,5.0,2.0,1.0,30.0,35.0,3.0,29.0,10.0,11.0,,,0.0
La Liga,Peru Nolaskoain,Athletic Club,ESP,"DF,MF",24,1998,2,10,0.0,0.0,0.0,0.0,0.0,0.0,0.0,0.0,1.0,,,0.0
La Liga,Raúl García,Athletic Club,ESP,FW,37,1986,20,420,3.0,0.0,0.0,20.0,10.0,5.0,6.0,2.0,6.0,,,0.0
La Liga,Unai Gómez,Athletic Club,ESP,MF,20,2003,25,875,1.0,0.0,0.0,11.0,20.0,0.0,20.0,2.0,9.0,,,0.0
La Liga,Unai Simón,Athletic Club,ESP,GK,26,1997,36,3182,2.0,0.0,0.0,0.0,8.0,0.0,0.0,1.0,1.0,,,1.0
La Liga,Yeray Álvarez,Athletic Club,ESP,DF,28,1995,19,1152,1.0,1.0,0.0,15.0,14.0,0.0,1.0,10.0,9.0,,,0.0
La Liga,Yuri Berchiche,Athletic Club,ESP,DF,33,1990,27,1930,5.0,0.0,0.0,29.0,33.0,0.0,43.0,19.0,26.0,,,1.0
La Liga,Álex Berenguer,Athletic Club,ESP,MF,28,1995,35,1592,4.0,0.0,0.0,30.0,22.0,12.0,139.0,5.0,15.0,,,0.0
La Liga,Óscar de Marcos,Athletic Club,ESP,DF,34,1989,28,2258,5.0,0.0,0.0,22.0,12.0,5.0,119.0,12.0,41.0,,,0.0
La Liga,Abdellah Raihani,Atlético Madrid,MAR,FW,19,2004,1,10,0.0,0.0,0.0,0.0,1.0,0.0,0.0,0.0,0.0,,,0.0
La Liga,Antoine Griezmann,Atlético Madrid,FRA,"FW,MF",32,1991,33,2644,5.0,0.0,0.0,16.0,26.0,14.0,125.0,11.0,20.0,,,0.0
La Liga,Arthur Vermeeren,Atlético Madrid,BEL,MF,18,2005,5,162,2.0,0.0,0.0,7.0,1.0,0.0,0.0,6.0,0.0,,,0.0
La Liga,Axel Witsel,Atlético Madrid,BEL,DF,34,1989,35,2783,5.0,0.0,0.0,24.0,28.0,0.0,4.0,16.0,21.0,,,0.0
La Liga,César Azpilicueta,Atlético Madrid,ESP,"DF,MF",33,1989,25,1423,4.0,0.0,0.0,29.0,12.0,0.0,11.0,16.0,15.0,,,0.0
La Liga,Gabriel Paulista,Atlético Madrid,BRA,DF,32,1990,5,405,1.0,0.0,0.0,4.0,0.0,0.0,0.0,3.0,5.0,,,0.0
La Liga,Jan Oblak,Atlético Madrid,SVN,GK,30,1993,38,3420,1.0,0.0,0.0,0.0,2.0,0.0,0.0,0.0,0.0,,,0.0
La Liga,Javi Galán,Atlético Madrid,ESP,"DF,MF",28,1994,5,88,1.0,0.0,0.0,1.0,4.0,0.0,6.0,1.0,3.0,,,0.0
La Liga,José María Giménez,Atlético Madrid,URU,DF,28,1995,22,1326,5.0,0.0,0.0,17.0,2.0,0.0,1.0,10.0,9.0,,,0.0
La Liga,Koke,Atlético Madrid,ESP,MF,31,1992,35,2493,5.0,0.0,0.0,19.0,19.0,0.0,10.0,15.0,42.0,,,0.0
La Liga,Marcos Llorente,Atlético Madrid,ESP,"MF,DF",28,1995,37,2565,5.0,0.0,0.0,31.0,27.0,19.0,70.0,13.0,23.0,,,0.0
La Liga,Mario Hermoso,Atlético Madrid,ESP,DF,28,1995,31,2557,9.0,0.0,0.0,32.0,23.0,1.0,38.0,28.0,25.0,,,0.0
La Liga,Memphis,Atlético Madrid,NED,FW,29,1994,23,893,2.0,0.0,0.0,14.0,16.0,8.0,12.0,1.0,2.0,,,0.0
La Liga,Nahuel Molina,Atlético Madrid,ARG,"MF,DF",25,1998,30,1852,4.0,1.0,0.0,20.0,16.0,7.0,87.0,8.0,22.0,,,0.0
La Liga,Pablo Barrios,Atlético Madrid,ESP,MF,20,2003,24,1555,5.0,0.0,0.0,23.0,24.0,0.0,16.0,27.0,25.0,,,0.0
La Liga,Reinildo Mandava,Atlético Madrid,MOZ,DF,29,1994,16,731,2.0,0.0,0.0,14.0,8.0,0.0,6.0,15.0,21.0,,,0.0
La Liga,Rodrigo De Paul,Atlético Madrid,ARG,MF,29,1994,34,2075,7.0,0.0,0.0,26.0,59.0,1.0,45.0,11.0,21.0,,,0.0
La Liga,Rodrigo Riquelme,Atlético Madrid,ESP,"MF,DF",23,2000,34,1528,1.0,0.0,0.0,11.0,28.0,9.0,63.0,9.0,19.0,,,0.0
La Liga,Salim El Jebari,Atlético Madrid,MAR,MF,19,2004,1,13,0.0,0.0,0.0,1.0,0.0,0.0,1.0,0.0,0.0,,,0.0
La Liga,Samuel Lino,Atlético Madrid,BRA,"MF,DF",23,1999,34,2080,1.0,0.0,0.0,27.0,56.0,9.0,41.0,14.0,34.0,,,0.0
La Liga,Saúl Ñíguez,Atlético Madrid,ESP,MF,28,1994,34,1374,10.0,1.0,1.0,42.0,14.0,2.0,16.0,15.0,39.0,,,0.0
La Liga,Stefan Savić,Atlético Madrid,MNE,DF,32,1991,23,1630,7.0,1.0,1.0,16.0,6.0,1.0,4.0,25.0,18.0,,,0.0
La Liga,Thomas Lemar,Atlético Madrid,FRA,MF,27,1995,3,164,0.0,0.0,0.0,3.0,2.0,0.0,6.0,0.0,1.0,,,0.0
La Liga,Yannick Carrasco,Atlético Madrid,BEL,"DF,MF",29,1993,3,221,0.0,0.0,0.0,2.0,2.0,1.0,8.0,1.0,4.0,,,0.0
La Liga,Álvaro Morata,Atlético Madrid,ESP,FW,30,1992,32,1904,4.0,1.0,1.0,33.0,36.0,33.0,10.0,1.0,10.0,,,0.0
La Liga,Ángel Correa,Atlético Madrid,ARG,"FW,MF",28,1995,32,1528,3.0,0.0,0.0,24.0,32.0,17.0,41.0,2.0,14.0,,,0.0
La Liga,Çağlar Söyüncü,Atlético Madrid,TUR,DF,27,1996,6,114,0.0,1.0,0.0,3.0,1.0,1.0,0.0,1.0,1.0,,,0.0
La Liga,Abde Ezzalzouli,Barcelona,MAR,"FW,MF",21,2001,2,68,0.0,0.0,0.0,1.0,3.0,0.0,7.0,0.0,1.0,,,0.0
La Liga,Alejandro Balde,Barcelona,ESP,"DF,MF",19,2003,18,1378,1.0,0.0,0.0,8.0,18.0,4.0,37.0,5.0,9.0,,,0.0
La Liga,Andreas Christensen,Barcelona,DEN,"DF,MF",27,1996,30,1979,4.0,0.0,0.0,26.0,10.0,0.0,0.0,20.0,15.0,,,0.0
La Liga,Ansu Fati,Barcelona,ESP,"FW,MF",20,2002,3,50,0.0,0.0,0.0,0.0,4.0,1.0,0.0,1.0,0.0,,,0.0
La Liga,Eric García,Barcelona,ESP,"DF,MF",22,2001,2,57,1.0,0.0,0.0,1.0,0.0,0.0,0.0,0.0,0.0,,,0.0
La Liga,Fermin López,Barcelona,ESP,"MF,FW",20,2003,31,1446,2.0,0.0,0.0,43.0,17.0,10.0,18.0,3.0,20.0,,,0.0
La Liga,Ferran Torres,Barcelona,ESP,FW,23,2000,29,1211,2.0,0.0,0.0,8.0,16.0,16.0,21.0,5.0,8.0,,,0.0
La Liga,Frenkie de Jong,Barcelona,NED,MF,26,1997,20,1634,7.0,0.0,0.0,19.0,22.0,1.0,26.0,15.0,26.0,,,0.0
La Liga,Gavi,Barcelona,ESP,"MF,FW",18,2004,12,944,5.0,0.0,0.0,31.0,23.0,4.0,8.0,8.0,23.0,,,0.0
La Liga,Héctor Fort,Barcelona,ESP,DF,16,2006,7,318,0.0,0.0,0.0,8.0,1.0,1.0,6.0,2.0,6.0,,,0.0
La Liga,Iñaki Peña,Barcelona,ESP,GK,24,1999,10,900,0.0,0.0,0.0,0.0,1.0,0.0,0.0,0.0,0.0,,,0.0
La Liga,Iñigo Martínez,Barcelona,ESP,DF,32,1991,20,1296,5.0,0.0,0.0,10.0,11.0,1.0,3.0,13.0,5.0,,,0.0
La Liga,João Cancelo,Barcelona,POR,DF,29,1994,32,2503,7.0,0.0,0.0,39.0,26.0,4.0,82.0,33.0,47.0,,,0.0
La Liga,João Félix,Barcelona,POR,FW,23,1999,30,1540,3.0,0.0,0.0,21.0,54.0,9.0,18.0,11.0,16.0,,,0.0
La Liga,Jules Koundé,Barcelona,FRA,DF,24,1998,35,2899,4.0,0.0,0.0,23.0,16.0,2.0,35.0,28.0,24.0,,,0.0
La Liga,Lamine Yamal,Barcelona,ESP,"FW,MF",16,2007,37,2201,3.0,0.0,0.0,23.0,52.0,4.0,87.0,20.0,37.0,,,0.0
La Liga,Marc Casado,Barcelona,ESP,MF,19,2003,2,15,0.0,0.0,0.0,0.0,2.0,0.0,0.0,1.0,1.0,,,0.0
La Liga,Marc Guiu,Barcelona,ESP,FW,17,2006,3,74,1.0,0.0,0.0,1.0,2.0,1.0,0.0,0.0,0.0,,,0.0
La Liga,Marc-André ter Stegen,Barcelona,GER,GK,31,1992,28,2520,3.0,0.0,0.0,0.0,1.0,0.0,0.0,0.0,0.0,,,0.0
La Liga,Marcos Alonso,Barcelona,ESP,DF,32,1990,5,252,0.0,0.0,0.0,7.0,6.0,0.0,15.0,3.0,3.0,,,0.0
La Liga,Oriol Romeu,Barcelona,ESP,MF,31,1991,28,936,4.0,0.0,0.0,15.0,11.0,0.0,7.0,11.0,22.0,,,0.0
La Liga,Pau Cubarsí,Barcelona,ESP,DF,16,2007,19,1558,4.0,0.0,0.0,15.0,2.0,0.0,1.0,11.0,13.0,,,0.0
La Liga,Pedri,Barcelona,ESP,"MF,FW",20,2002,24,1476,3.0,0.0,0.0,11.0,22.0,1.0,9.0,14.0,22.0,,,0.0
La Liga,Raphinha,Barcelona,BRA,"FW,MF",26,1996,28,1368,4.0,1.0,0.0,17.0,25.0,7.0,81.0,13.0,8.0,,,0.0
La Liga,Robert Lewandowski,Barcelona,POL,FW,34,1988,35,2750,5.0,0.0,0.0,23.0,55.0,24.0,18.0,9.0,4.0,,,0.0
La Liga,Ronald Araújo,Barcelona,URU,DF,24,1999,25,1997,6.0,0.0,0.0,25.0,9.0,0.0,7.0,10.0,22.0,,,0.0
La Liga,Sergi Roberto,Barcelona,ESP,"MF,DF",31,1992,14,860,4.0,0.0,0.0,8.0,7.0,1.0,9.0,8.0,11.0,,,0.0
La Liga,Vitor Roque,Barcelona,BRA,FW,18,2005,14,328,4.0,1.0,1.0,13.0,11.0,2.0,2.0,0.0,2.0,,,0.0
La Liga,İlkay Gündoğan,Barcelona,GER,MF,32,1990,36,2994,5.0,0.0,0.0,16.0,42.0,6.0,157.0,20.0,20.0,,,0.0
La Liga,Anastasios Douvikas,Celta Vigo,GRE,FW,23,1999,32,905,2.0,0.0,0.0,17.0,30.0,6.0,3.0,0.0,7.0,,,0.0
La Liga,Carl Starfelt,Celta Vigo,SWE,DF,28,1995,27,2216,4.0,0.0,0.0,15.0,10.0,0.0,1.0,37.0,29.0,,,0.0
La Liga,Carles Pérez,Celta Vigo,ESP,MF,25,1998,16,772,3.0,0.0,0.0,15.0,12.0,1.0,18.0,5.0,5.0,,,0.0
La Liga,Carlos Dominguez,Celta Vigo,ESP,DF,22,2001,22,1584,2.0,0.0,0.0,15.0,8.0,0.0,3.0,22.0,21.0,,,2.0
La Liga,Carlos Dotor,Celta Vigo,ESP,MF,22,2001,17,708,2.0,0.0,0.0,13.0,10.0,0.0,8.0,4.0,7.0,,,0.0
La Liga,Damián Rodríguez,Celta Vigo,ESP,MF,20,2003,5,258,1.0,0.0,0.0,4.0,1.0,0.0,9.0,1.0,3.0,,,0.0
La Liga,Fran Beltrán,Celta Vigo,ESP,MF,24,1999,33,2428,2.0,0.0,0.0,28.0,16.0,2.0,19.0,19.0,34.0,,,0.0
La Liga,Franco Cervi,Celta Vigo,ARG,"MF,DF",29,1994,17,546,2.0,0.0,0.0,6.0,19.0,2.0,18.0,9.0,19.0,,,0.0
La Liga,Gabriel Veiga,Celta Vigo,ESP,MF,21,2002,1,18,0.0,0.0,0.0,0.0,0.0,0.0,1.0,0.0,0.0,,,0.0
La Liga,Hugo Sotelo,Celta Vigo,ESP,MF,19,2003,17,721,1.0,0.0,0.0,16.0,3.0,0.0,29.0,2.0,17.0,,,0.0
La Liga,Hugo Álvarez,Celta Vigo,ESP,"MF,FW",20,2003,12,762,1.0,0.0,0.0,9.0,9.0,1.0,22.0,5.0,9.0,,,0.0
La Liga,Iago Aspas,Celta Vigo,ESP,FW,35,1987,35,2707,6.0,1.0,0.0,19.0,59.0,12.0,149.0,8.0,6.0,,,0.0
La Liga,Iván Villar,Celta Vigo,ESP,GK,26,1997,12,1014,0.0,2.0,0.0,2.0,2.0,0.0,0.0,0.0,0.0,,,0.0
La Liga,Jailson Siqueira,Celta Vigo,BRA,"DF,MF",27,1995,14,897,1.0,0.0,0.0,13.0,13.0,0.0,4.0,12.0,18.0,,,0.0
La Liga,Javi Rueda,Celta Vigo,ESP,"DF,MF",21,2002,1,20,0.0,0.0,0.0,0.0,1.0,0.0,0.0,0.0,0.0,,,0.0
La Liga,Javier Manquillo,Celta Vigo,ESP,"DF,MF",29,1994,12,744,3.0,0.0,0.0,14.0,4.0,0.0,5.0,2.0,12.0,,,0.0
La Liga,Jonathan Bamba,Celta Vigo,CIV,"MF,FW",27,1996,27,1981,0.0,0.0,0.0,15.0,65.0,7.0,50.0,17.0,8.0,,,0.0
La Liga,Joseph Aidoo,Celta Vigo,GHA,DF,27,1995,6,407,0.0,0.0,0.0,4.0,0.0,0.0,0.0,3.0,3.0,,,0.0
La Liga,Jørgen Strand Larsen,Celta Vigo,NOR,FW,23,2000,37,2863,5.0,0.0,0.0,64.0,48.0,21.0,19.0,5.0,11.0,,,0.0
La Liga,Kevin Vázquez,Celta Vigo,ESP,DF,30,1993,12,700,3.0,0.0,0.0,11.0,10.0,0.0,8.0,5.0,13.0,,,0.0
La Liga,Luca de la Torre,Celta Vigo,USA,MF,25,1998,31,1956,4.0,1.0,1.0,39.0,19.0,4.0,17.0,11.0,21.0,,,0.0
La Liga,Manu Sánchez,Celta Vigo,ESP,"DF,MF",22,2000,26,1775,3.0,0.0,0.0,21.0,5.0,0.0,57.0,19.0,32.0,,,0.0
La Liga,Miguel Rodríguez,Celta Vigo,ESP,MF,20,2003,15,300,2.0,0.0,0.0,16.0,11.0,0.0,11.0,4.0,3.0,,,0.0
La Liga,Mihailo Ristić,Celta Vigo,SRB,"DF,MF",27,1995,12,808,2.0,0.0,0.0,12.0,14.0,0.0,39.0,11.0,8.0,,,0.0
La Liga,Renato Tapia,Celta Vigo,PER,"MF,DF",28,1995,21,1337,5.0,1.0,1.0,25.0,27.0,1.0,9.0,20.0,27.0,,,0.0
La Liga,Tadeo Allende,Celta Vigo,ARG,MF,24,1999,10,336,1.0,0.0,0.0,2.0,3.0,4.0,9.0,3.0,2.0,,,0.0
La Liga,Unai Núñez,Celta Vigo,ESP,DF,26,1997,34,2801,4.0,0.0,0.0,37.0,24.0,0.0,2.0,49.0,30.0,,,0.0
La Liga,Vicente Guaita,Celta Vigo,ESP,GK,36,1987,27,2403,2.0,0.0,0.0,1.0,5.0,0.0,0.0,0.0,1.0,,,1.0
La Liga,Williot Swedberg,Celta Vigo,SWE,FW,19,2004,15,439,1.0,0.0,0.0,6.0,11.0,2.0,5.0,1.0,5.0,,,0.0
La Liga,Yoel Lago,Celta Vigo,ESP,DF,19,2004,1,90,0.0,0.0,0.0,1.0,2.0,0.0,0.0,0.0,1.0,,,0.0
La Liga,Óscar Mingueza,Celta Vigo,ESP,"DF,MF",24,1999,38,2998,4.0,0.0,0.0,21.0,44.0,1.0,150.0,19.0,38.0,,,0.0
La Liga,Aiham Ousou,Cádiz,SYR,DF,23,2000,6,430,0.0,0.0,0.0,4.0,6.0,0.0,0.0,6.0,6.0,,,0.0
La Liga,Borja Vázquez,Cádiz,ESP,FW,18,2005,1,4,0.0,0.0,0.0,0.0,0.0,0.0,1.0,0.0,0.0,,,0.0
La Liga,Brian Ocampo,Cádiz,URU,MF,24,1999,13,248,2.0,0.0,0.0,9.0,9.0,0.0,19.0,3.0,3.0,,,0.0
La Liga,Chris Ramos,Cádiz,ESP,FW,26,1997,37,2612,5.0,0.0,0.0,61.0,46.0,12.0,12.0,9.0,13.0,,,0.0
La Liga,Darwin Machís,Cádiz,VEN,MF,30,1993,21,785,0.0,1.0,0.0,12.0,14.0,2.0,65.0,4.0,15.0,,,0.0
La Liga,David Gil,Cádiz,ESP,GK,29,1994,5,372,1.0,0.0,0.0,0.0,2.0,0.0,0.0,0.0,0.0,,,0.0
La Liga,Diadie Samassékou,Cádiz,MLI,MF,27,1996,4,92,0.0,0.0,0.0,2.0,0.0,0.0,0.0,3.0,3.0,,,0.0
La Liga,Fali,Cádiz,ESP,DF,29,1993,30,2547,12.0,0.0,0.0,23.0,19.0,0.0,8.0,27.0,25.0,,,0.0
La Liga,Fede San Emeterio,Cádiz,ESP,MF,26,1997,4,152,1.0,1.0,0.0,8.0,3.0,0.0,1.0,2.0,2.0,,,0.0
La Liga,Gonzalo Escalante,Cádiz,ARG,MF,30,1993,25,1697,2.0,1.0,0.0,31.0,14.0,3.0,6.0,27.0,23.0,,,0.0
La Liga,Isaac Carcelen,Cádiz,ESP,DF,30,1993,35,2611,2.0,0.0,0.0,16.0,44.0,6.0,67.0,23.0,32.0,,,0.0
La Liga,Iván Alejo,Cádiz,ESP,MF,28,1995,30,1692,17.0,0.0,0.0,49.0,49.0,8.0,151.0,6.0,23.0,,,0.0
La Liga,Javi Hernández,Cádiz,ESP,DF,25,1998,30,2514,10.0,0.0,0.0,45.0,19.0,1.0,126.0,17.0,23.0,,,0.0
La Liga,Jeremías Ledesma,Cádiz,ARG,GK,30,1993,34,3048,0.0,0.0,0.0,1.0,5.0,0.0,0.0,0.0,1.0,,,0.0
La Liga,Jorge Meré,Cádiz,ESP,DF,26,1997,10,673,0.0,0.0,0.0,1.0,4.0,0.0,1.0,8.0,7.0,,,0.0
La Liga,Joseba Zaldúa,Cádiz,ESP,"DF,MF",31,1992,13,704,3.0,0.0,0.0,14.0,4.0,2.0,16.0,1.0,13.0,,,1.0
La Liga,José Mari,Cádiz,ESP,MF,35,1987,3,14,1.0,0.0,0.0,1.0,1.0,0.0,0.0,0.0,1.0,,,0.0
La Liga,Juanmi,Cádiz,ESP,FW,30,1993,16,873,3.0,0.0,0.0,24.0,11.0,13.0,2.0,5.0,4.0,,,0.0
La Liga,Karl Etta Eyong,Cádiz,CMR,FW,19,2003,1,21,0.0,0.0,0.0,1.0,0.0,1.0,0.0,0.0,1.0,,,0.0
La Liga,Lucas,Cádiz,BRA,DF,22,2001,28,1539,6.0,0.0,0.0,12.0,6.0,2.0,72.0,14.0,29.0,,,0.0
La Liga,Luis Hernández,Cádiz,ESP,DF,34,1989,9,723,4.0,0.0,0.0,8.0,0.0,0.0,2.0,8.0,3.0,,,0.0
La Liga,Mamadou Mbaye,Cádiz,SEN,DF,25,1998,4,288,2.0,0.0,0.0,6.0,0.0,0.0,0.0,5.0,3.0,,,0.0
La Liga,Maxi Gómez,Cádiz,URU,FW,26,1996,31,1163,2.0,0.0,0.0,20.0,32.0,13.0,20.0,2.0,4.0,,,0.0
La Liga,Milutin Osmajić,Cádiz,MNE,FW,24,1999,1,5,0.0,0.0,0.0,0.0,0.0,0.0,0.0,0.0,0.0,,,0.0
La Liga,Moussa Diakité,Cádiz,MLI,MF,19,2003,1,1,0.0,0.0,0.0,0.0,0.0,0.0,0.0,0.0,0.0,,,0.0
La Liga,Roberto Navarro,Cádiz,ESP,MF,21,2002,28,1888,0.0,1.0,0.0,15.0,27.0,4.0,96.0,16.0,29.0,,,0.0
La Liga,Roger Martí,Cádiz,ESP,FW,32,1991,23,1359,3.0,0.0,0.0,34.0,28.0,9.0,9.0,8.0,6.0,,,0.0
La Liga,Rominigue Kouamé,Cádiz,MLI,MF,26,1996,16,821,2.0,0.0,0.0,11.0,9.0,1.0,1.0,15.0,10.0,,,0.0
La Liga,Rubén Alcaraz,Cádiz,ESP,MF,32,1991,36,3134,14.0,0.0,0.0,84.0,71.0,1.0,36.0,30.0,65.0,,,0.0
La Liga,Rubén Sobrino,Cádiz,ESP,"MF,FW",31,1992,32,1646,8.0,1.0,0.0,46.0,31.0,6.0,22.0,17.0,29.0,,,0.0
La Liga,Sergi Guardiola,Cádiz,ESP,FW,32,1991,22,495,1.0,0.0,0.0,18.0,22.0,3.0,16.0,0.0,6.0,,,0.0
La Liga,Víctor Chust,Cádiz,ESP,DF,23,2000,22,1864,3.0,2.0,0.0,15.0,4.0,0.0,2.0,12.0,17.0,,,0.0
La Liga,Álex Fernández,Cádiz,ESP,MF,30,1992,26,1285,3.0,0.0,0.0,5.0,16.0,0.0,35.0,15.0,9.0,,,0.0
La Liga,Álvaro Negredo,Cádiz,ESP,FW,37,1985,7,54,0.0,0.0,0.0,0.0,2.0,3.0,1.0,1.0,0.0,,,0.0
La Liga,Alberto Risco,Getafe,ESP,MF,17,2005,4,137,0.0,0.0,0.0,1.0,1.0,0.0,2.0,0.0,2.0,,,0.0
La Liga,Anthony Lozano,Getafe,HON,FW,30,1993,6,92,1.0,0.0,0.0,6.0,1.0,1.0,1.0,0.0,0.0,,,0.0
La Liga,Borja Mayoral,Getafe,ESP,FW,26,1997,27,2153,2.0,0.0,0.0,31.0,31.0,13.0,22.0,3.0,4.0,,,0.0
La Liga,Carles Aleñá,Getafe,ESP,MF,25,1998,29,1020,6.0,0.0,0.0,22.0,18.0,3.0,32.0,4.0,9.0,,,0.0
La Liga,Carmona,Getafe,ESP,"MF,DF",21,2002,30,1313,8.0,0.0,0.0,33.0,23.0,3.0,29.0,22.0,21.0,,,0.0
La Liga,Damián Suárez,Getafe,URU,DF,35,1988,16,1299,7.0,1.0,0.0,24.0,12.0,0.0,49.0,10.0,20.0,,,0.0
La Liga,Daniel Fuzato,Getafe,BRA,GK,26,1997,1,7,0.0,0.0,0.0,0.0,0.0,0.0,0.0,0.0,0.0,,,0.0
La Liga,David Soria,Getafe,ESP,GK,30,1993,38,3413,3.0,0.0,0.0,1.0,2.0,0.0,0.0,1.0,0.0,,,0.0
La Liga,Diego Rico,Getafe,ESP,DF,30,1993,32,2535,10.0,0.0,0.0,32.0,56.0,2.0,132.0,39.0,46.0,,,0.0
La Liga,Djené,Getafe,TOG,"DF,MF",31,1991,33,2484,14.0,1.0,1.0,51.0,37.0,1.0,32.0,23.0,20.0,,,0.0
La Liga,Domingos Duarte,Getafe,POR,DF,28,1995,15,907,5.0,2.0,1.0,8.0,8.0,0.0,2.0,9.0,4.0,,,0.0
La Liga,Enes Ünal,Getafe,TUR,FW,26,1997,3,140,0.0,0.0,0.0,5.0,5.0,4.0,1.0,0.0,0.0,,,0.0
La Liga,Fabrizio Angileri,Getafe,ARG,DF,29,1994,11,164,2.0,1.0,0.0,1.0,1.0,0.0,8.0,4.0,1.0,,,0.0
La Liga,Gastón Álvarez,Getafe,URU,DF,23,2000,34,2537,7.0,0.0,0.0,43.0,10.0,1.0,25.0,34.0,38.0,,,0.0
La Liga,Gorka Rivera Alonso,Getafe,ESP,DF,18,2004,1,3,0.0,0.0,0.0,0.0,0.0,0.0,0.0,0.0,0.0,,,0.0
La Liga,Iglesias,Getafe,ESP,"DF,MF",25,1998,23,1412,4.0,0.0,0.0,17.0,10.0,1.0,62.0,16.0,21.0,,,0.0
La Liga,Ilaix Moriba,Getafe,GUI,MF,20,2003,14,605,5.0,1.0,1.0,19.0,23.0,1.0,2.0,5.0,12.0,,,0.0
La Liga,Jaime Mata,Getafe,ESP,"FW,MF",34,1988,35,1787,10.0,1.0,1.0,63.0,25.0,31.0,39.0,15.0,15.0,,,0.0
La Liga,Jeremy Jorge,Getafe,ESP,FW,20,2003,1,2,0.0,0.0,0.0,0.0,0.0,1.0,0.0,0.0,0.0,,,0.0
La Liga,Jordi,Getafe,ESP,MF,22,2001,13,573,1.0,0.0,0.0,19.0,6.0,1.0,23.0,8.0,11.0,,,0.0
La Liga,Juanmi Latasa,Getafe,ESP,FW,22,2001,32,1555,7.0,1.0,1.0,66.0,40.0,7.0,3.0,4.0,8.0,,,0.0
La Liga,Luis Milla,Getafe,ESP,MF,28,1994,27,2115,6.0,0.0,0.0,43.0,29.0,1.0,102.0,30.0,34.0,,,0.0
La Liga,Mason Greenwood,Getafe,ENG,"MF,FW",21,2001,33,2662,6.0,1.0,0.0,39.0,42.0,1.0,108.0,3.0,6.0,,,0.0
La Liga,Mauro Arambarri,Getafe,URU,MF,27,1995,7,339,2.0,0.0,0.0,18.0,3.0,0.0,6.0,1.0,2.0,,,0.0
La Liga,Nabil Aberdin,Getafe,FRA,DF,20,2002,2,180,0.0,0.0,0.0,1.0,1.0,0.0,0.0,0.0,0.0,,,0.0
La Liga,Nemanja Maksimović,Getafe,SRB,MF,28,1995,37,3265,4.0,0.0,0.0,19.0,13.0,1.0,6.0,44.0,42.0,,,0.0
La Liga,Omar Alderete,Getafe,PAR,DF,26,1996,31,2195,8.0,1.0,0.0,34.0,11.0,2.0,5.0,14.0,20.0,,,0.0
La Liga,Portu,Getafe,ESP,"FW,MF",31,1992,3,97,1.0,0.0,0.0,0.0,0.0,1.0,2.0,0.0,3.0,,,0.0
La Liga,Santiago García,Getafe,ESP,MF,21,2001,1,25,0.0,0.0,0.0,1.0,1.0,0.0,0.0,0.0,0.0,,,0.0
La Liga,Stefan Mitrović,Getafe,SRB,DF,33,1990,11,699,3.0,0.0,0.0,13.0,2.0,0.0,0.0,5.0,3.0,,,0.0
La Liga,Yassin Tallal,Getafe,ESP,MF,18,2005,1,3,0.0,0.0,0.0,1.0,0.0,0.0,0.0,0.0,0.0,,,0.0
La Liga,Yellu Santiago,Getafe,ESP,MF,19,2004,14,656,4.0,0.0,0.0,17.0,12.0,0.0,4.0,1.0,8.0,,,0.0
La Liga,Óscar Rodríguez Arnaiz,Getafe,ESP,"MF,FW",25,1998,24,967,9.0,0.0,0.0,20.0,15.0,1.0,17.0,6.0,12.0,,,0.0
La Liga,Aleix García,Girona,ESP,MF,26,1997,37,3199,4.0,1.0,0.0,29.0,36.0,1.0,188.0,36.0,30.0,,,0.0
La Liga,Antal Yaakobishvili,Girona,HUN,DF,19,2004,1,61,0.0,0.0,0.0,1.0,0.0,0.0,0.0,3.0,1.0,,,0.0
La Liga,Arnau Martinez,Girona,ESP,DF,20,2003,21,1241,5.0,0.0,0.0,14.0,22.0,1.0,7.0,9.0,15.0,,,0.0
La Liga,Artem Dovbyk,Girona,UKR,FW,26,1997,36,2587,2.0,0.0,0.0,27.0,13.0,33.0,1.0,0.0,3.0,,,0.0
La Liga,Bernardo Espinosa,Girona,COL,DF,34,1989,2,2,0.0,0.0,0.0,0.0,1.0,0.0,0.0,0.0,1.0,,,0.0
La Liga,Cristhian Stuani,Girona,URU,FW,36,1986,31,804,6.0,0.0,0.0,28.0,7.0,4.0,1.0,5.0,11.0,,,0.0
La Liga,Daley Blind,Girona,NED,DF,33,1990,34,2972,6.0,0.0,0.0,19.0,12.0,0.0,16.0,19.0,21.0,,,0.0
La Liga,David López,Girona,ESP,DF,33,1989,25,1965,4.0,0.0,0.0,17.0,15.0,1.0,0.0,19.0,21.0,,,0.0
La Liga,Eric García,Girona,ESP,DF,22,2001,30,2637,4.0,0.0,0.0,24.0,26.0,3.0,10.0,29.0,40.0,,,0.0
La Liga,Ibrahima Kebe,Girona,MLI,MF,22,2000,2,9,1.0,0.0,0.0,1.0,2.0,0.0,0.0,1.0,1.0,,,0.0
La Liga,Iván Martín,Girona,ESP,MF,24,1999,36,2729,5.0,0.0,0.0,27.0,34.0,4.0,10.0,23.0,25.0,,,0.0
La Liga,Jastin García,Girona,ESP,FW,19,2004,3,32,0.0,0.0,0.0,0.0,2.0,0.0,1.0,0.0,0.0,,,0.0
La Liga,Jhon Solis,Girona,COL,MF,18,2004,18,384,0.0,0.0,0.0,10.0,5.0,0.0,0.0,8.0,9.0,,,0.0
La Liga,Juanpe,Girona,ESP,DF,32,1991,17,746,4.0,0.0,0.0,5.0,0.0,1.0,1.0,8.0,8.0,,,0.0
La Liga,Miguel Gutiérrez,Girona,ESP,"DF,MF",22,2001,35,3032,4.0,0.0,0.0,27.0,26.0,6.0,97.0,24.0,17.0,,,0.0
La Liga,Pablo Torre,Girona,ESP,MF,20,2003,26,701,1.0,0.0,0.0,8.0,21.0,0.0,7.0,4.0,2.0,,,0.0
La Liga,Paulo Gazzaniga,Girona,ARG,GK,31,1992,38,3420,2.0,0.0,0.0,0.0,8.0,0.0,0.0,0.0,1.0,,,0.0
La Liga,Portu,Girona,ESP,"MF,FW",31,1992,33,1188,3.0,0.0,0.0,18.0,16.0,9.0,18.0,4.0,13.0,,,0.0
La Liga,Silvi Clúa,Girona,ESP,MF,18,2005,1,1,0.0,0.0,0.0,1.0,0.0,0.0,0.0,0.0,0.0,,,0.0
La Liga,Sávio,Girona,BRA,"MF,FW",19,2004,37,2976,5.0,0.0,0.0,30.0,66.0,16.0,122.0,20.0,26.0,,,0.0
La Liga,Toni Villa,Girona,ESP,MF,28,1995,2,13,0.0,0.0,0.0,0.0,1.0,0.0,0.0,0.0,0.0,,,0.0
La Liga,Valery Fernández,Girona,ESP,MF,23,1999,27,506,1.0,0.0,0.0,7.0,13.0,3.0,13.0,1.0,9.0,,,0.0
La Liga,Viktor Tsyhankov,Girona,UKR,MF,25,1997,30,2052,0.0,0.0,0.0,14.0,41.0,3.0,61.0,10.0,20.0,,,0.0
La Liga,Yan Couto,Girona,BRA,"MF,DF",21,2002,34,2245,8.0,0.0,0.0,34.0,42.0,8.0,111.0,10.0,33.0,,,0.0
La Liga,Yangel Herrera,Girona,VEN,MF,25,1998,29,2107,9.0,0.0,0.0,65.0,62.0,2.0,29.0,25.0,38.0,,,0.0
La Liga,Adri Bosch,Granada,ESP,DF,22,2001,1,26,0.0,0.0,0.0,0.0,0.0,0.0,0.0,0.0,1.0,,,1.0
La Liga,Alberto Perea,Granada,ESP,"FW,MF",32,1990,2,2,0.0,0.0,0.0,0.0,2.0,0.0,1.0,0.0,0.0,,,0.0
La Liga,Alberto Soro,Granada,ESP,"FW,MF",24,1999,1,8,0.0,0.0,0.0,0.0,1.0,0.0,0.0,0.0,0.0,,,0.0
La Liga,André Ferreira,Granada,POR,GK,27,1996,15,1340,1.0,0.0,0.0,2.0,2.0,0.0,0.0,0.0,0.0,,,0.0
La Liga,Antonio Puertas,Granada,ESP,"MF,FW",31,1992,27,730,3.0,1.0,0.0,19.0,12.0,6.0,20.0,7.0,7.0,,,0.0
La Liga,Augusto Batalla,Granada,ARG,GK,27,1996,17,1530,3.0,0.0,0.0,0.0,2.0,0.0,0.0,0.0,0.0,,,0.0
La Liga,Brau,Granada,ESP,DF,21,2001,1,31,0.0,0.0,0.0,0.0,0.0,0.0,1.0,0.0,0.0,,,0.0
La Liga,Bruno Méndez,Granada,URU,DF,23,1999,17,1333,4.0,0.0,0.0,14.0,0.0,0.0,8.0,25.0,19.0,,,0.0
La Liga,Bryan Zaragoza,Granada,ESP,"MF,FW",21,2001,21,1638,5.0,0.0,0.0,12.0,33.0,14.0,99.0,3.0,8.0,,,0.0
La Liga,Carlos Neva,Granada,ESP,DF,27,1996,36,3146,4.0,0.0,0.0,22.0,44.0,0.0,86.0,31.0,19.0,,,0.0
La Liga,Facundo Pellistri,Granada,URU,"MF,FW",21,2001,15,1232,2.0,1.0,1.0,21.0,21.0,5.0,30.0,4.0,19.0,,,0.0
La Liga,Faitout Maouassa,Granada,FRA,DF,25,1998,6,229,0.0,0.0,0.0,3.0,3.0,0.0,20.0,1.0,6.0,,,0.0
La Liga,Famara Diedhiou,Granada,SEN,FW,30,1992,8,89,1.0,0.0,0.0,6.0,3.0,0.0,2.0,0.0,1.0,,,0.0
La Liga,Gerard Gumbau,Granada,ESP,MF,28,1994,35,2674,12.0,0.0,0.0,62.0,26.0,0.0,150.0,26.0,33.0,,,0.0
La Liga,Gonzalo Villar,Granada,ESP,MF,25,1998,35,1803,7.0,0.0,0.0,45.0,66.0,2.0,24.0,7.0,33.0,,,0.0
La Liga,Ignasi Miquel,Granada,ESP,DF,30,1992,34,2992,5.0,0.0,0.0,32.0,26.0,0.0,3.0,46.0,32.0,,,0.0
La Liga,Jesús Vallejo,Granada,ESP,DF,26,1997,3,108,1.0,0.0,0.0,2.0,1.0,0.0,0.0,0.0,1.0,,,0.0
La Liga,José Callejón,Granada,ESP,"MF,FW",36,1987,25,803,2.0,0.0,0.0,12.0,21.0,3.0,35.0,5.0,5.0,,,0.0
La Liga,Kamil Jóźwiak,Granada,POL,MF,25,1998,11,571,2.0,0.0,0.0,13.0,12.0,2.0,6.0,2.0,10.0,,,0.0
La Liga,Kamil Piątkowski,Granada,POL,DF,23,2000,9,505,1.0,1.0,0.0,3.0,3.0,0.0,2.0,8.0,10.0,,,0.0
La Liga,Lucas Boyé,Granada,ARG,FW,27,1996,31,2541,8.0,1.0,0.0,72.0,43.0,8.0,13.0,12.0,25.0,,,0.0
La Liga,Marc Martínez,Granada,ESP,GK,33,1990,3,270,0.0,0.0,0.0,0.0,0.0,0.0,0.0,0.0,0.0,,,0.0
La Liga,Martin Hongla,Granada,CMR,"MF,DF",25,1998,13,562,0.0,0.0,0.0,7.0,1.0,0.0,2.0,5.0,3.0,,,0.0
La Liga,Matias Arezo,Granada,URU,FW,20,2002,14,369,1.0,0.0,0.0,6.0,1.0,8.0,4.0,2.0,3.0,,,0.0
La Liga,Miguel Ángel Rubio,Granada,ESP,DF,25,1998,19,1560,5.0,0.0,0.0,20.0,11.0,1.0,1.0,27.0,14.0,,,0.0
La Liga,Myrto Uzuni,Granada,ALB,"FW,MF",28,1995,34,2448,3.0,0.0,0.0,26.0,19.0,18.0,11.0,3.0,13.0,,,0.0
La Liga,Njegoš Petrović,Granada,SRB,MF,24,1999,10,157,0.0,0.0,0.0,0.0,1.0,0.0,1.0,1.0,2.0,,,0.0
La Liga,Pablo Saenz,Granada,ESP,MF,22,2001,1,19,0.0,0.0,0.0,0.0,1.0,0.0,1.0,0.0,3.0,,,0.0
La Liga,Raúl Fernández,Granada,ESP,GK,35,1988,4,280,0.0,0.0,0.0,0.0,0.0,0.0,0.0,0.0,0.0,,,0.0
La Liga,Raúl Torrente,Granada,ESP,DF,21,2001,17,1250,4.0,0.0,0.0,18.0,8.0,1.0,2.0,12.0,15.0,,,1.0
La Liga,Ricard Sánchez,Granada,ESP,DF,23,2000,33,2295,8.0,0.0,0.0,27.0,21.0,5.0,83.0,13.0,18.0,,,0.0
La Liga,Samu Omorodion,Granada,ESP,FW,19,2004,1,80,0.0,0.0,0.0,1.0,3.0,0.0,0.0,0.0,1.0,,,0.0
La Liga,Sergio Rodelas,Granada,ESP,"MF,FW",18,2004,3,122,0.0,0.0,0.0,2.0,1.0,0.0,4.0,0.0,2.0,,,0.0
La Liga,Sergio Ruiz,Granada,ESP,MF,28,1994,35,2494,9.0,0.0,0.0,44.0,66.0,0.0,17.0,27.0,47.0,,,0.0
La Liga,Shon Weissman,Granada,ISR,FW,27,1996,5,82,0.0,0.0,0.0,1.0,1.0,0.0,1.0,0.0,1.0,,,0.0
La Liga,Theo Corbeanu,Granada,CAN,MF,21,2002,9,182,2.0,0.0,0.0,2.0,1.0,0.0,12.0,2.0,2.0,,,0.0
La Liga,Víctor Díaz,Granada,ESP,DF,35,1988,4,162,1.0,0.0,0.0,0.0,0.0,0.0,0.0,1.0,3.0,,,0.0
La Liga,Wilson Manafá,Granada,POR,"DF,MF",29,1994,4,240,1.0,0.0,0.0,3.0,0.0,0.0,8.0,2.0,4.0,,,0.0
La Liga,Álvaro Carreras,Granada,ESP,"MF,FW",20,2003,13,475,1.0,0.0,0.0,6.0,11.0,1.0,15.0,8.0,7.0,,,0.0
La Liga,Óscar Melendo,Granada,ESP,"MF,FW",25,1997,26,1122,2.0,0.0,0.0,11.0,37.0,1.0,9.0,4.0,6.0,,,0.0
La Liga,Aarón Escandell,Las Palmas,ESP,GK,27,1995,2,153,0.0,1.0,0.0,0.0,0.0,0.0,0.0,0.0,0.0,,,0.0
La Liga,Alberto Moleiro,Las Palmas,ESP,"MF,FW",19,2003,28,1803,1.0,0.0,0.0,17.0,18.0,2.0,27.0,7.0,6.0,,,0.0
La Liga,Benito Ramírez,Las Palmas,ESP,MF,28,1995,20,384,0.0,0.0,0.0,4.0,4.0,2.0,33.0,2.0,4.0,,,0.0
La Liga,Cristian Herrera,Las Palmas,ESP,MF,32,1991,8,166,1.0,0.0,0.0,3.0,3.0,2.0,1.0,0.0,1.0,,,0.0
La Liga,Daley Sinkgraven,Las Palmas,NED,DF,28,1995,10,374,0.0,1.0,0.0,4.0,5.0,0.0,5.0,6.0,5.0,,,0.0
La Liga,Enzo Loiodice,Las Palmas,FRA,MF,22,2000,34,1790,2.0,0.0,0.0,32.0,38.0,1.0,23.0,12.0,35.0,,,0.0
La Liga,Eric Curbelo,Las Palmas,ESP,DF,29,1994,2,102,0.0,0.0,0.0,0.0,0.0,0.0,0.0,2.0,3.0,,,0.0
La Liga,Fabio González,Las Palmas,ESP,MF,26,1997,6,123,1.0,0.0,0.0,1.0,1.0,0.0,2.0,0.0,2.0,,,0.0
La Liga,Iñaki González,Las Palmas,ESP,MF,19,2004,1,5,0.0,0.0,0.0,0.0,0.0,0.0,0.0,0.0,0.0,,,0.0
La Liga,Javier Muñoz,Las Palmas,ESP,MF,28,1995,37,2640,6.0,0.0,0.0,37.0,16.0,2.0,47.0,20.0,23.0,,,0.0
La Liga,Jonathan Viera,Las Palmas,ESP,"MF,FW",33,1989,9,617,1.0,0.0,0.0,3.0,17.0,1.0,16.0,0.0,4.0,,,0.0
La Liga,José Campaña,Las Palmas,ESP,MF,30,1993,8,171,0.0,0.0,0.0,0.0,5.0,0.0,4.0,2.0,2.0,,,0.0
La Liga,Juanma Herzog,Las Palmas,ESP,DF,19,2004,4,292,1.0,0.0,0.0,1.0,1.0,0.0,0.0,1.0,5.0,,,0.0
La Liga,Julian Araujo,Las Palmas,MEX,DF,21,2001,25,1462,5.0,0.0,0.0,13.0,9.0,2.0,22.0,10.0,21.0,,,0.0
La Liga,Kirian Rodríguez,Las Palmas,ESP,MF,27,1996,37,3211,8.0,0.0,0.0,23.0,37.0,1.0,25.0,26.0,33.0,,,0.0
La Liga,Marc Cardona,Las Palmas,ESP,FW,28,1995,26,737,4.0,0.0,0.0,12.0,19.0,18.0,5.0,2.0,8.0,,,0.0
La Liga,Marvin,Las Palmas,ESP,"MF,DF",23,2000,31,1855,5.0,0.0,0.0,39.0,26.0,4.0,91.0,15.0,25.0,,,0.0
La Liga,Mika Mármol,Las Palmas,ESP,DF,22,2001,36,3178,6.0,1.0,1.0,23.0,34.0,3.0,5.0,43.0,43.0,,,1.0
La Liga,Munir El Haddadi,Las Palmas,MAR,"MF,FW",27,1995,38,2449,3.0,0.0,0.0,30.0,73.0,21.0,41.0,10.0,28.0,,,0.0
La Liga,Máximo Perrone,Las Palmas,ARG,MF,20,2003,29,1623,6.0,0.0,0.0,27.0,16.0,0.0,0.0,24.0,19.0,,,0.0
La Liga,Omenuke Mfulu,Las Palmas,COD,MF,29,1994,5,82,1.0,0.0,0.0,0.0,2.0,0.0,0.0,2.0,3.0,,,0.0
La Liga,Pejiño,Las Palmas,ESP,"MF,FW",27,1996,17,504,1.0,0.0,0.0,6.0,4.0,0.0,31.0,2.0,9.0,,,0.0
La Liga,Sandro Ramírez,Las Palmas,ESP,"FW,MF",28,1995,27,1808,3.0,0.0,0.0,20.0,36.0,16.0,87.0,4.0,7.0,,,0.0
La Liga,Saúl Coco,Las Palmas,EQG,DF,24,1999,30,2295,6.0,1.0,0.0,19.0,24.0,0.0,1.0,19.0,20.0,,,1.0
La Liga,Sergi Cardona,Las Palmas,ESP,DF,24,1999,35,2814,11.0,0.0,0.0,52.0,59.0,5.0,89.0,45.0,58.0,,,0.0
La Liga,Sory Kaba,Las Palmas,GUI,FW,28,1995,17,720,2.0,0.0,0.0,16.0,15.0,9.0,0.0,0.0,1.0,,,0.0
La Liga,Álex Suárez,Las Palmas,ESP,DF,30,1993,32,2562,7.0,0.0,0.0,26.0,28.0,3.0,15.0,18.0,38.0,,,1.0
La Liga,Álvaro Lemos,Las Palmas,ESP,DF,30,1993,4,251,1.0,0.0,0.0,2.0,3.0,1.0,5.0,2.0,1.0,,,0.0
La Liga,Álvaro Vallés,Las Palmas,ESP,GK,26,1997,37,3263,2.0,1.0,0.0,1.0,6.0,0.0,1.0,0.0,3.0,,,0.0
La Liga,Abdón Prats,Mallorca,ESP,FW,30,1992,34,1270,4.0,0.0,0.0,18.0,18.0,5.0,8.0,2.0,4.0,,,0.0
La Liga,Amath,Mallorca,SEN,"FW,MF",27,1996,15,394,2.0,0.0,0.0,10.0,7.0,4.0,7.0,3.0,6.0,,,0.0
La Liga,Antonio Raillo,Mallorca,ESP,DF,31,1991,26,2195,6.0,1.0,1.0,32.0,8.0,3.0,2.0,36.0,23.0,,,0.0
La Liga,Antonio Sánchez,Mallorca,ESP,MF,26,1997,29,1452,3.0,0.0,0.0,26.0,13.0,1.0,34.0,12.0,12.0,,,0.0
La Liga,Copete,Mallorca,ESP,DF,23,1999,19,1333,7.0,0.0,0.0,36.0,13.0,0.0,9.0,33.0,26.0,,,0.0
La Liga,Cyle Larin,Mallorca,CAN,FW,28,1995,35,1823,8.0,0.0,0.0,27.0,34.0,30.0,8.0,3.0,8.0,,,0.0
La Liga,Dani Rodríguez,Mallorca,ESP,MF,35,1988,36,2615,9.0,0.0,0.0,61.0,43.0,7.0,166.0,14.0,26.0,,,0.0
La Liga,Dominik Greif,Mallorca,SVK,GK,26,1997,1,90,0.0,0.0,0.0,0.0,0.0,0.0,0.0,0.0,0.0,,,0.0
La Liga,Giovanni González,Mallorca,URU,DF,28,1994,34,2464,6.0,0.0,0.0,38.0,20.0,3.0,60.0,28.0,44.0,,,0.0
La Liga,Iván Cuéllar,Mallorca,ESP,GK,39,1984,1,90,0.0,0.0,0.0,0.0,0.0,0.0,0.0,0.0,0.0,,,0.0
La Liga,Jaume Costa,Mallorca,ESP,"DF,MF",35,1988,30,1682,7.0,0.0,0.0,25.0,22.0,2.0,63.0,16.0,21.0,,,0.0
La Liga,Javier Llabrés,Mallorca,ESP,MF,20,2002,16,247,1.0,0.0,0.0,5.0,1.0,0.0,20.0,3.0,1.0,,,0.0
La Liga,Manu Morlanes,Mallorca,ESP,MF,24,1999,35,1615,2.0,0.0,0.0,15.0,24.0,0.0,19.0,18.0,28.0,,,0.0
La Liga,Martin Valjent,Mallorca,SVK,DF,27,1995,28,2349,5.0,0.0,0.0,29.0,10.0,2.0,17.0,29.0,19.0,,,0.0
La Liga,Matija Nastasić,Mallorca,SRB,DF,30,1993,26,2258,8.0,0.0,0.0,33.0,7.0,2.0,5.0,27.0,17.0,,,0.0
La Liga,Nacho Vidal,Mallorca,ESP,DF,28,1995,8,416,2.0,0.0,0.0,9.0,3.0,0.0,15.0,2.0,5.0,,,0.0
La Liga,Nemanja Radonjić,Mallorca,SRB,MF,27,1996,11,353,0.0,0.0,0.0,1.0,5.0,0.0,20.0,3.0,2.0,,,0.0
La Liga,Omar Mascarell,Mallorca,EQG,MF,30,1993,29,1571,8.0,1.0,1.0,31.0,14.0,0.0,4.0,32.0,15.0,,,1.0
La Liga,Pablo Maffeo,Mallorca,ESP,"DF,MF",26,1997,22,1454,3.0,1.0,0.0,22.0,20.0,4.0,68.0,11.0,21.0,,,0.0
La Liga,Predrag Rajković,Mallorca,SRB,GK,27,1995,36,3240,2.0,0.0,0.0,1.0,4.0,0.0,0.0,0.0,2.0,,,0.0
La Liga,Samu Costa,Mallorca,POR,MF,22,2000,34,2303,8.0,0.0,0.0,62.0,49.0,6.0,24.0,37.0,56.0,,,0.0
La Liga,Sergi Darder,Mallorca,ESP,MF,29,1993,36,2157,4.0,0.0,0.0,19.0,35.0,1.0,147.0,16.0,25.0,,,0.0
La Liga,Siebe Van Der Heyden,Mallorca,BEL,DF,25,1998,6,286,2.0,1.0,0.0,8.0,1.0,1.0,0.0,7.0,4.0,,,0.0
La Liga,Toni Lato,Mallorca,ESP,DF,25,1997,28,1544,3.0,0.0,0.0,19.0,18.0,2.0,48.0,17.0,22.0,,,0.0
La Liga,Vedat Muriqi,Mallorca,KVX,FW,29,1994,29,2327,5.0,0.0,0.0,39.0,43.0,31.0,11.0,6.0,6.0,,,0.0
La Liga,Aimar Oroz,Osasuna,ESP,MF,21,2001,33,2339,3.0,0.0,0.0,39.0,46.0,2.0,10.0,16.0,27.0,,,0.0
La Liga,Aitor Fernández,Osasuna,ESP,GK,32,1991,7,551,2.0,0.0,0.0,0.0,0.0,0.0,0.0,0.0,0.0,,,0.0
La Liga,Ante Budimir,Osasuna,CRO,FW,32,1991,33,2435,4.0,0.0,0.0,40.0,26.0,27.0,9.0,5.0,13.0,,,0.0
La Liga,Asier Osambela,Osasuna,ESP,MF,19,2004,1,9,0.0,0.0,0.0,1.0,0.0,0.0,0.0,0.0,1.0,,,0.0
La Liga,Catena,Osasuna,ESP,DF,28,1994,30,2534,8.0,1.0,0.0,47.0,14.0,1.0,0.0,16.0,20.0,,,0.0
La Liga,Darko Brašanac,Osasuna,SRB,MF,31,1992,2,48,0.0,0.0,0.0,1.0,0.0,0.0,1.0,0.0,0.0,,,0.0
La Liga,David García,Osasuna,ESP,DF,29,1994,27,2334,5.0,0.0,0.0,33.0,13.0,1.0,2.0,20.0,17.0,,,0.0
La Liga,Ezequiel Ávila,Osasuna,ARG,"FW,MF",29,1994,17,864,3.0,2.0,0.0,8.0,20.0,4.0,80.0,4.0,2.0,,,0.0
La Liga,Iker Muñoz,Osasuna,ESP,MF,20,2002,28,1854,5.0,0.0,0.0,37.0,55.0,0.0,13.0,11.0,17.0,,,0.0
La Liga,Iñigo Arguibide,Osasuna,ESP,FW,18,2005,1,17,0.0,0.0,0.0,1.0,0.0,0.0,0.0,0.0,0.0,,,0.0
La Liga,Jesús Areso,Osasuna,ESP,"DF,MF",24,1999,37,2660,3.0,0.0,0.0,30.0,20.0,3.0,113.0,20.0,26.0,,,0.0
La Liga,Johan Mojica,Osasuna,COL,"DF,MF",30,1992,30,2041,1.0,0.0,0.0,22.0,19.0,0.0,115.0,23.0,22.0,,,0.0
La Liga,Jon Moncayola,Osasuna,ESP,MF,25,1998,33,1800,2.0,1.0,0.0,24.0,8.0,0.0,88.0,16.0,19.0,,,0.0
La Liga,Jorge Herrando,Osasuna,ESP,DF,22,2001,19,1644,4.0,0.0,0.0,26.0,10.0,0.0,0.0,14.0,19.0,,,0.0
La Liga,Jorge Moreno,Osasuna,ESP,DF,22,2001,1,15,0.0,0.0,0.0,0.0,0.0,0.0,1.0,0.0,0.0,,,0.0
La Liga,José Arnaiz,Osasuna,ESP,"FW,MF",28,1995,26,929,3.0,0.0,0.0,8.0,19.0,3.0,45.0,3.0,8.0,,,0.0
La Liga,Juan Cruz Armada,Osasuna,ESP,DF,31,1992,26,1667,3.0,0.0,0.0,20.0,4.0,1.0,21.0,12.0,15.0,,,0.0
La Liga,Kike Barja,Osasuna,ESP,"FW,MF",26,1997,16,303,3.0,0.0,0.0,8.0,4.0,1.0,23.0,3.0,2.0,,,0.0
La Liga,Lucas Torró,Osasuna,ESP,MF,29,1994,28,1788,5.0,0.0,0.0,43.0,17.0,0.0,3.0,35.0,15.0,,,0.0
La Liga,Max Svensson,Osasuna,ESP,FW,21,2001,1,3,0.0,0.0,0.0,1.0,0.0,0.0,0.0,0.0,0.0,,,0.0
La Liga,Moi Gómez,Osasuna,ESP,"MF,FW",29,1994,28,2006,3.0,0.0,0.0,29.0,30.0,2.0,51.0,10.0,19.0,,,0.0
La Liga,Nacho Vidal,Osasuna,ESP,DF,28,1995,7,96,0.0,0.0,0.0,0.0,1.0,0.0,0.0,0.0,4.0,,,0.0
La Liga,Pablo Ibáñez,Osasuna,ESP,MF,24,1998,33,1152,5.0,0.0,0.0,26.0,16.0,2.0,11.0,9.0,8.0,,,0.0
La Liga,Raúl,Osasuna,ESP,FW,22,2000,35,1355,4.0,0.0,0.0,13.0,12.0,9.0,6.0,5.0,4.0,,,0.0
La Liga,Rubén García,Osasuna,ESP,"FW,MF",30,1993,30,1547,1.0,0.0,0.0,24.0,27.0,6.0,98.0,12.0,18.0,,,0.0
La Liga,Rubén Peña,Osasuna,ESP,"DF,MF",32,1991,29,2088,3.0,0.0,0.0,28.0,23.0,6.0,111.0,29.0,22.0,,,0.0
La Liga,Sergio Herrera,Osasuna,ESP,GK,30,1993,32,2869,2.0,0.0,0.0,0.0,7.0,0.0,0.0,0.0,1.0,,,0.0
La Liga,Unai García,Osasuna,ESP,DF,31,1992,9,560,6.0,1.0,1.0,9.0,1.0,0.0,4.0,7.0,9.0,,,0.0
La Liga,Xabier Huarte Armendáriz,Osasuna,ESP,MF,22,2001,1,9,0.0,0.0,0.0,0.0,0.0,0.0,0.0,0.0,0.0,,,0.0
La Liga,Abdul Mumin,Rayo Vallecano,GHA,DF,25,1998,20,1694,5.0,1.0,0.0,15.0,16.0,0.0,2.0,18.0,10.0,,,0.0
La Liga,Alfonso Espino,Rayo Vallecano,URU,DF,31,1992,31,2507,9.0,0.0,0.0,45.0,41.0,0.0,49.0,40.0,45.0,,,1.0
La Liga,Andrei Ratiu,Rayo Vallecano,ROU,"DF,MF",25,1998,12,630,1.0,0.0,0.0,2.0,4.0,0.0,18.0,1.0,5.0,,,0.0
La Liga,Aridane Hernández,Rayo Vallecano,ESP,DF,34,1989,19,1690,3.0,0.0,0.0,11.0,12.0,0.0,0.0,15.0,9.0,,,0.0
La Liga,Bebé,Rayo Vallecano,CPV,"FW,MF",33,1990,19,212,1.0,0.0,0.0,0.0,2.0,3.0,28.0,0.0,2.0,,,0.0
La Liga,Crespo,Rayo Vallecano,POR,MF,26,1996,15,527,4.0,0.0,0.0,19.0,22.0,0.0,3.0,11.0,7.0,,,0.0
La Liga,Dani Cárdenas,Rayo Vallecano,ESP,GK,26,1997,1,90,0.0,0.0,0.0,0.0,0.0,0.0,0.0,0.0,0.0,,,0.0
La Liga,Diego Méndez,Rayo Vallecano,ESP,MF,19,2003,1,5,0.0,0.0,0.0,1.0,0.0,0.0,0.0,1.0,1.0,,,0.0
La Liga,Florian Lejeune,Rayo Vallecano,FRA,DF,32,1991,37,3327,5.0,0.0,0.0,26.0,13.0,3.0,6.0,23.0,26.0,,,1.0
La Liga,Isaac Palazón Camacho,Rayo Vallecano,ESP,MF,28,1994,37,2791,8.0,0.0,0.0,32.0,76.0,10.0,130.0,19.0,28.0,,,0.0
La Liga,Iván Balliu,Rayo Vallecano,ALB,DF,31,1992,33,2873,4.0,0.0,0.0,41.0,30.0,8.0,69.0,28.0,31.0,,,0.0
La Liga,Jorge de Frutos,Rayo Vallecano,ESP,MF,26,1997,36,1549,1.0,0.0,0.0,15.0,25.0,4.0,54.0,7.0,8.0,,,0.0
La Liga,José Pozo,Rayo Vallecano,ESP,"FW,MF",27,1996,2,19,0.0,0.0,0.0,1.0,1.0,0.0,0.0,0.0,1.0,,,0.0
La Liga,Kike Pérez,Rayo Vallecano,ESP,"MF,FW",26,1997,24,835,7.0,0.0,0.0,42.0,34.0,0.0,18.0,8.0,13.0,,,0.0
La Liga,Pathé Ciss,Rayo Vallecano,SEN,MF,29,1994,31,1664,10.0,0.0,0.0,27.0,29.0,4.0,3.0,28.0,24.0,,,0.0
La Liga,Pep Chavarría,Rayo Vallecano,ESP,"DF,MF",25,1998,22,1167,6.0,1.0,1.0,8.0,22.0,3.0,71.0,8.0,16.0,,,0.0
La Liga,Radamel Falcao,Rayo Vallecano,COL,FW,37,1986,22,407,4.0,0.0,0.0,15.0,10.0,6.0,1.0,3.0,6.0,,,0.0
La Liga,Randy Nteka,Rayo Vallecano,ANG,FW,25,1997,16,572,3.0,0.0,0.0,19.0,14.0,5.0,3.0,3.0,4.0,,,0.0
La Liga,Raúl de Tomás,Rayo Vallecano,ESP,FW,28,1994,25,1272,5.0,0.0,0.0,24.0,26.0,12.0,8.0,1.0,5.0,,,0.0
La Liga,Salvi,Rayo Vallecano,ESP,MF,32,1991,1,28,0.0,0.0,0.0,0.0,1.0,0.0,0.0,1.0,0.0,,,0.0
La Liga,Sergio Camello,Rayo Vallecano,ESP,FW,22,2001,31,1661,3.0,0.0,0.0,18.0,11.0,7.0,2.0,3.0,6.0,,,0.0
La Liga,Stole Dimitrievski,Rayo Vallecano,MKD,GK,29,1993,37,3330,2.0,0.0,0.0,0.0,3.0,0.0,0.0,0.0,1.0,,,0.0
La Liga,Unai López,Rayo Vallecano,ESP,MF,27,1995,35,2108,8.0,0.0,0.0,60.0,21.0,3.0,73.0,16.0,27.0,,,0.0
La Liga,Álvaro García,Rayo Vallecano,ESP,MF,30,1992,32,2475,8.0,1.0,1.0,25.0,23.0,25.0,121.0,36.0,26.0,,,0.0
La Liga,Óscar Trejo,Rayo Vallecano,ARG,"FW,MF",35,1988,31,1380,4.0,1.0,0.0,40.0,40.0,3.0,21.0,5.0,15.0,,,0.0
La Liga,Óscar Valentín,Rayo Vallecano,ESP,MF,28,1994,34,2692,7.0,1.0,1.0,77.0,43.0,0.0,6.0,35.0,64.0,,,0.0
La Liga,Abde Ezzalzouli,Real Betis,MAR,MF,21,2001,26,865,1.0,0.0,0.0,9.0,16.0,4.0,33.0,5.0,14.0,,,0.0
La Liga,Abner,Real Betis,BRA,DF,23,2000,23,1400,3.0,0.0,0.0,17.0,2.0,2.0,26.0,16.0,18.0,,,0.0
La Liga,Aitor Ruibal,Real Betis,ESP,"DF,MF",27,1996,18,1017,5.0,0.0,0.0,16.0,13.0,1.0,28.0,14.0,27.0,,,0.0
La Liga,Andrés Guardado,Real Betis,MEX,MF,36,1986,12,447,2.0,0.0,0.0,10.0,3.0,0.0,11.0,6.0,12.0,,,0.0
La Liga,Assane Diao,Real Betis,SEN,MF,17,2005,18,1048,4.0,0.0,0.0,12.0,22.0,1.0,9.0,7.0,12.0,,,0.0
La Liga,Ayoze Pérez,Real Betis,ESP,"MF,FW",30,1993,31,2294,4.0,0.0,0.0,36.0,48.0,10.0,19.0,21.0,34.0,,,0.0
La Liga,Borja Iglesias,Real Betis,ESP,FW,30,1993,11,408,2.0,0.0,0.0,7.0,5.0,7.0,1.0,2.0,0.0,,,0.0
La Liga,Chadi Riad,Real Betis,MAR,DF,20,2003,26,2164,1.0,0.0,0.0,16.0,7.0,1.0,0.0,22.0,23.0,,,0.0
La Liga,Claudio Bravo,Real Betis,CHI,GK,40,1983,7,630,0.0,0.0,0.0,0.0,1.0,0.0,0.0,0.0,0.0,,,0.0
La Liga,Cédric Bakambu,Real Betis,COD,FW,32,1991,4,194,1.0,0.0,0.0,4.0,3.0,3.0,0.0,0.0,0.0,,,0.0
La Liga,Ezequiel Ávila,Real Betis,ARG,"MF,FW",29,1994,6,298,4.0,1.0,1.0,3.0,12.0,0.0,12.0,1.0,1.0,,,0.0
La Liga,Fran Vieites,Real Betis,ESP,GK,24,1999,4,315,0.0,0.0,0.0,0.0,0.0,0.0,0.0,0.0,1.0,,,0.0
La Liga,Germán Pezzella,Real Betis,ARG,DF,32,1991,32,2767,7.0,0.0,0.0,22.0,13.0,6.0,2.0,32.0,24.0,,,0.0
La Liga,Guido Rodríguez,Real Betis,ARG,MF,29,1994,24,1846,6.0,0.0,0.0,23.0,35.0,4.0,6.0,29.0,30.0,,,0.0
La Liga,Héctor Bellerín,Real Betis,ESP,DF,28,1995,23,1711,0.0,1.0,0.0,21.0,10.0,1.0,39.0,21.0,22.0,,,1.0
La Liga,Isco,Real Betis,ESP,MF,31,1992,29,2326,10.0,0.0,0.0,31.0,79.0,3.0,152.0,9.0,26.0,,,0.0
La Liga,Johnny Cardoso,Real Betis,USA,MF,21,2001,17,1328,3.0,0.0,0.0,21.0,19.0,0.0,3.0,31.0,30.0,,,0.0
La Liga,Juan Cruz,Real Betis,ESP,MF,23,2000,5,76,0.0,0.0,0.0,2.0,2.0,0.0,0.0,0.0,0.0,,,0.0
La Liga,Juan Miranda,Real Betis,ESP,DF,23,2000,25,1858,8.0,0.0,0.0,21.0,34.0,4.0,62.0,20.0,24.0,,,0.0
La Liga,Luiz Felipe,Real Betis,ITA,DF,26,1997,4,360,1.0,0.0,0.0,2.0,1.0,0.0,0.0,4.0,3.0,,,0.0
La Liga,Luiz Henrique,Real Betis,BRA,MF,22,2001,14,616,1.0,0.0,0.0,7.0,15.0,0.0,24.0,5.0,11.0,,,0.0
La Liga,Marc Bartra,Real Betis,ESP,DF,32,1991,3,225,1.0,0.0,0.0,4.0,1.0,0.0,0.0,2.0,3.0,,,0.0
La Liga,Marc Roca,Real Betis,ESP,MF,26,1996,26,1980,5.0,0.0,0.0,46.0,23.0,1.0,24.0,17.0,37.0,,,0.0
La Liga,Nabil Fekir,Real Betis,FRA,"MF,FW",30,1993,19,1049,1.0,0.0,0.0,22.0,35.0,8.0,55.0,6.0,9.0,,,0.0
La Liga,Pablo Busto,Real Betis,ESP,DF,17,2005,2,44,0.0,0.0,0.0,0.0,1.0,0.0,1.0,1.0,1.0,,,0.0
La Liga,Pablo Fornals,Real Betis,ESP,MF,27,1996,15,1148,2.0,0.0,0.0,13.0,14.0,4.0,51.0,21.0,17.0,,,0.0
La Liga,Paul Akouokou,Real Betis,CIV,MF,25,1997,2,27,0.0,0.0,0.0,1.0,1.0,0.0,0.0,1.0,3.0,,,0.0
La Liga,Ricardo Visus,Real Betis,ESP,DF,22,2001,3,166,0.0,0.0,0.0,3.0,1.0,0.0,0.0,2.0,2.0,,,0.0
La Liga,Rodri,Real Betis,ESP,MF,23,2000,29,1051,0.0,0.0,0.0,6.0,29.0,4.0,36.0,8.0,11.0,,,0.0
La Liga,Rui Silva,Real Betis,POR,GK,29,1994,28,2475,4.0,0.0,0.0,2.0,7.0,0.0,0.0,1.0,0.0,,,1.0
La Liga,Sergi Altimira,Real Betis,ESP,MF,21,2001,14,568,1.0,0.0,0.0,8.0,8.0,0.0,1.0,8.0,8.0,,,0.0
La Liga,Sokratis Papastathopoulos,Real Betis,GRE,DF,35,1988,15,1136,6.0,0.0,0.0,13.0,6.0,0.0,0.0,6.0,15.0,,,1.0
La Liga,William Carvalho,Real Betis,POR,MF,31,1992,22,680,2.0,0.0,0.0,13.0,5.0,0.0,4.0,8.0,12.0,,,0.0
La Liga,Willian José,Real Betis,BRA,FW,31,1991,33,1971,0.0,1.0,0.0,9.0,20.0,9.0,7.0,2.0,3.0,,,0.0
La Liga,Youssouf Sabaly,Real Betis,SEN,DF,30,1993,12,1046,2.0,0.0,0.0,9.0,6.0,0.0,27.0,11.0,8.0,,,0.0
La Liga,Andriy Lunin,Real Madrid,UKR,GK,24,1999,21,1890,2.0,0.0,0.0,0.0,3.0,0.0,0.0,0.0,0.0,,,0.0
La Liga,Antonio Rüdiger,Real Madrid,GER,DF,30,1993,33,2709,7.0,0.0,0.0,26.0,5.0,1.0,4.0,12.0,17.0,,,0.0
La Liga,Arda Güler,Real Madrid,TUR,"MF,FW",18,2005,10,377,1.0,0.0,0.0,11.0,8.0,1.0,13.0,2.0,4.0,,,0.0
La Liga,Aurélien Tchouaméni,Real Madrid,FRA,"MF,DF",23,2000,27,1987,7.0,0.0,0.0,20.0,22.0,0.0,22.0,29.0,25.0,,,0.0
La Liga,Brahim Díaz,Real Madrid,MAR,"MF,FW",23,1999,31,1545,0.0,0.0,0.0,22.0,42.0,5.0,32.0,5.0,18.0,,,0.0
La Liga,Dani Carvajal,Real Madrid,ESP,DF,31,1992,28,2171,5.0,1.0,1.0,23.0,19.0,2.0,50.0,20.0,38.0,,,0.0
La Liga,Dani Ceballos,Real Madrid,ESP,MF,26,1996,20,598,2.0,0.0,0.0,5.0,19.0,0.0,8.0,0.0,5.0,,,0.0
La Liga,David Alaba,Real Madrid,AUT,DF,31,1992,14,1154,2.0,0.0,0.0,4.0,0.0,0.0,17.0,15.0,9.0,,,1.0
La Liga,Eduardo Camavinga,Real Madrid,FRA,MF,20,2002,31,1817,9.0,0.0,0.0,49.0,68.0,1.0,4.0,26.0,48.0,,,0.0
La Liga,Federico Valverde,Real Madrid,URU,MF,25,1998,37,2904,2.0,0.0,0.0,19.0,15.0,0.0,32.0,43.0,35.0,,,0.0
La Liga,Ferland Mendy,Real Madrid,FRA,DF,28,1995,23,1720,5.0,0.0,0.0,17.0,14.0,0.0,5.0,12.0,10.0,,,0.0
La Liga,Fran Garcia,Real Madrid,ESP,DF,23,1999,25,1398,2.0,0.0,0.0,10.0,15.0,10.0,60.0,20.0,16.0,,,0.0
La Liga,Gonzalo García,Real Madrid,ESP,FW,19,2004,2,19,0.0,0.0,0.0,0.0,1.0,0.0,0.0,0.0,0.0,,,0.0
La Liga,Joselu,Real Madrid,ESP,FW,33,1990,34,1687,1.0,0.0,0.0,10.0,15.0,18.0,6.0,6.0,4.0,,,0.0
La Liga,Jude Bellingham,Real Madrid,ENG,"MF,FW",20,2003,28,2315,5.0,1.0,0.0,32.0,72.0,4.0,22.0,20.0,35.0,,,0.0
La Liga,Kepa Arrizabalaga,Real Madrid,ESP,GK,28,1994,14,1198,1.0,0.0,0.0,0.0,2.0,0.0,0.0,0.0,0.0,,,0.0
La Liga,Lucas Vázquez,Real Madrid,ESP,DF,32,1991,29,1419,0.0,0.0,0.0,23.0,24.0,5.0,45.0,12.0,22.0,,,0.0
La Liga,Luka Modrić,Real Madrid,CRO,MF,37,1985,32,1688,2.0,0.0,0.0,19.0,21.0,2.0,90.0,19.0,15.0,,,0.0
La Liga,Mario Martín,Real Madrid,ESP,MF,19,2004,2,18,0.0,0.0,0.0,1.0,1.0,0.0,0.0,0.0,1.0,,,0.0
La Liga,Nacho,Real Madrid,ESP,DF,33,1990,29,1746,4.0,2.0,0.0,21.0,13.0,2.0,3.0,19.0,11.0,,,0.0
La Liga,Nicolás Paz,Real Madrid,ARG,MF,18,2004,4,23,0.0,0.0,0.0,1.0,0.0,0.0,1.0,1.0,0.0,,,0.0
La Liga,Rodrygo,Real Madrid,BRA,FW,22,2001,34,2380,2.0,0.0,0.0,10.0,46.0,13.0,31.0,8.0,15.0,,,0.0
La Liga,Thibaut Courtois,Real Madrid,BEL,GK,31,1992,4,332,0.0,0.0,0.0,0.0,1.0,0.0,0.0,0.0,0.0,,,0.0
La Liga,Toni Kroos,Real Madrid,GER,MF,33,1990,33,2124,3.0,0.0,0.0,17.0,38.0,3.0,119.0,17.0,32.0,,,0.0
La Liga,Vinicius Júnior,Real Madrid,BRA,FW,23,2000,26,1864,7.0,0.0,0.0,24.0,54.0,10.0,56.0,1.0,12.0,,,0.0
La Liga,Álvaro Rodríguez,Real Madrid,URU,FW,19,2004,1,1,0.0,0.0,0.0,0.0,0.0,0.0,0.0,0.0,0.0,,,0.0
La Liga,Éder Militão,Real Madrid,BRA,DF,25,1998,10,496,0.0,0.0,0.0,5.0,5.0,2.0,1.0,5.0,3.0,,,0.0
La Liga,Aihen Muñoz,Real Sociedad,ESP,DF,25,1997,21,1127,2.0,0.0,0.0,18.0,7.0,0.0,29.0,7.0,22.0,,,0.0
La Liga,Alberto Dadie,Real Sociedad,ESP,DF,21,2002,1,28,0.0,0.0,0.0,4.0,0.0,0.0,1.0,0.0,1.0,,,0.0
La Liga,Alex Sola,Real Sociedad,ESP,"DF,FW",24,1999,2,30,0.0,0.0,0.0,2.0,2.0,0.0,0.0,1.0,0.0,,,0.0
La Liga,Ander Barrenetxea,Real Sociedad,ESP,"MF,FW",21,2001,29,1427,1.0,0.0,0.0,27.0,22.0,3.0,46.0,7.0,21.0,,,0.0
La Liga,André Silva,Real Sociedad,POR,FW,27,1995,19,729,1.0,0.0,0.0,14.0,8.0,5.0,0.0,1.0,2.0,,,0.0
La Liga,Aritz Elustondo,Real Sociedad,ESP,DF,29,1994,15,812,2.0,0.0,0.0,9.0,10.0,0.0,1.0,5.0,7.0,,,0.0
La Liga,Arsen Zakharyan,Real Sociedad,RUS,"MF,FW",20,2003,29,1228,1.0,0.0,0.0,21.0,11.0,3.0,76.0,4.0,15.0,,,0.0
La Liga,Beñat Turrientes,Real Sociedad,ESP,MF,21,2002,29,1687,4.0,0.0,0.0,36.0,36.0,0.0,19.0,6.0,18.0,,,0.0
La Liga,Brais Méndez,Real Sociedad,ESP,"MF,FW",26,1997,32,2413,7.0,0.0,0.0,58.0,56.0,3.0,101.0,12.0,27.0,,,0.0
La Liga,Carlos Fernández,Real Sociedad,ESP,FW,27,1996,10,408,3.0,0.0,0.0,15.0,3.0,2.0,1.0,0.0,9.0,,,0.0
La Liga,Hamari Traoré,Real Sociedad,MLI,DF,31,1992,31,2292,7.0,0.0,0.0,32.0,19.0,1.0,46.0,24.0,19.0,,,0.0
La Liga,Igor Zubeldia,Real Sociedad,ESP,DF,26,1997,30,2518,11.0,1.0,0.0,42.0,9.0,0.0,3.0,28.0,24.0,,,0.0
La Liga,Javi Galán,Real Sociedad,ESP,DF,28,1994,14,1075,3.0,0.0,0.0,22.0,19.0,3.0,46.0,12.0,21.0,,,0.0
La Liga,Jon Aramburu,Real Sociedad,VEN,"DF,MF",21,2002,11,543,3.0,0.0,0.0,11.0,5.0,0.0,7.0,7.0,15.0,,,0.0
La Liga,Jon Magunazelaia,Real Sociedad,ESP,FW,22,2001,5,121,0.0,0.0,0.0,2.0,3.0,0.0,3.0,0.0,4.0,,,0.0
La Liga,Jon Martin,Real Sociedad,ESP,DF,17,2006,1,24,0.0,0.0,0.0,0.0,0.0,0.0,0.0,0.0,0.0,,,0.0
La Liga,Jon Pacheco,Real Sociedad,ESP,DF,22,2001,23,1526,8.0,0.0,0.0,29.0,1.0,1.0,1.0,10.0,18.0,,,0.0
La Liga,Kieran Tierney,Real Sociedad,SCO,DF,26,1997,20,1238,1.0,0.0,0.0,6.0,8.0,0.0,27.0,10.0,24.0,,,0.0
La Liga,Martín Zubimendi,Real Sociedad,ESP,MF,24,1999,31,2654,5.0,0.0,0.0,34.0,21.0,0.0,7.0,39.0,28.0,,,0.0
La Liga,Mikel Merino,Real Sociedad,ESP,MF,27,1996,32,2482,10.0,0.0,0.0,70.0,60.0,6.0,19.0,16.0,45.0,,,0.0
La Liga,Mikel Oyarzabal,Real Sociedad,ESP,"FW,MF",26,1997,33,2156,3.0,0.0,0.0,20.0,20.0,18.0,10.0,4.0,18.0,,,0.0
La Liga,Mohamed Ali Cho,Real Sociedad,FRA,FW,19,2004,11,249,0.0,0.0,0.0,5.0,6.0,3.0,11.0,1.0,3.0,,,0.0
La Liga,Olasagasti,Real Sociedad,ESP,MF,22,2000,14,360,3.0,0.0,0.0,7.0,7.0,1.0,1.0,3.0,12.0,,,0.0
La Liga,Robin Le Normand,Real Sociedad,ESP,DF,26,1996,29,2469,13.0,0.0,0.0,33.0,23.0,1.0,1.0,27.0,22.0,,,1.0
La Liga,Sheraldo Becker,Real Sociedad,SUR,"FW,MF",28,1995,15,771,1.0,0.0,0.0,11.0,5.0,6.0,45.0,1.0,3.0,,,0.0
La Liga,Takefusa Kubo,Real Sociedad,JPN,"FW,MF",22,2001,30,2150,1.0,0.0,0.0,22.0,52.0,8.0,143.0,10.0,16.0,,,0.0
La Liga,Umar Sadiq,Real Sociedad,NGA,FW,26,1997,26,1077,4.0,0.0,0.0,45.0,19.0,27.0,12.0,0.0,10.0,,,0.0
La Liga,Unai Marrero,Real Sociedad,ESP,GK,21,2001,2,142,0.0,0.0,0.0,0.0,0.0,0.0,0.0,0.0,0.0,,,0.0
La Liga,Urko González,Real Sociedad,ESP,MF,22,2001,5,156,1.0,0.0,0.0,1.0,2.0,0.0,0.0,1.0,0.0,,,0.0
La Liga,Álex Remiro,Real Sociedad,ESP,GK,28,1995,37,3275,3.0,1.0,0.0,1.0,4.0,0.0,0.0,0.0,0.0,,,0.0
La Liga,Álvaro Odriozola,Real Sociedad,ESP,DF,27,1995,9,393,0.0,0.0,0.0,7.0,4.0,1.0,10.0,9.0,6.0,,,0.0
La Liga,Adnan Januzaj,Sevilla,BEL,"FW,MF",28,1995,8,193,0.0,0.0,0.0,3.0,9.0,0.0,8.0,1.0,3.0,,,0.0
La Liga,Adrià Pedrosa,Sevilla,ESP,"DF,MF",25,1998,31,1753,1.0,0.0,0.0,6.0,32.0,2.0,111.0,13.0,26.0,,,0.0
La Liga,Alejo Véliz,Sevilla,ARG,FW,19,2003,6,35,0.0,0.0,0.0,4.0,1.0,0.0,0.0,0.0,0.0,,,0.0
La Liga,Boubakary Soumaré,Sevilla,FRA,MF,24,1999,28,2286,10.0,0.0,0.0,33.0,29.0,0.0,3.0,25.0,31.0,,,0.0
La Liga,Diego Iturralde,Sevilla,ESP,DF,20,2003,1,37,0.0,0.0,0.0,1.0,0.0,0.0,0.0,0.0,0.0,,,0.0
La Liga,Djibril Sow,Sevilla,SUI,MF,26,1997,24,1460,6.0,0.0,0.0,27.0,19.0,2.0,6.0,18.0,21.0,,,0.0
La Liga,Dodi Lukebakio,Sevilla,BEL,"MF,FW",25,1997,23,1125,0.0,0.0,0.0,24.0,22.0,4.0,36.0,2.0,3.0,,,0.0
La Liga,Federico Gattoni,Sevilla,ARG,DF,24,1999,2,10,0.0,0.0,0.0,2.0,0.0,0.0,0.0,0.0,0.0,,,0.0
La Liga,Fernando,Sevilla,BRA,MF,36,1987,8,459,0.0,0.0,0.0,6.0,3.0,0.0,4.0,8.0,8.0,,,0.0
La Liga,Hannibal Mejbri,Sevilla,TUN,MF,20,2003,6,104,2.0,0.0,0.0,4.0,4.0,0.0,2.0,0.0,3.0,,,0.0
La Liga,Isaac Romero,Sevilla,ESP,FW,23,2000,14,1039,2.0,0.0,0.0,28.0,17.0,6.0,11.0,0.0,3.0,,,0.0
La Liga,Ivan Rakitić,Sevilla,CRO,MF,35,1988,18,1425,6.0,0.0,0.0,16.0,19.0,1.0,130.0,13.0,16.0,,,0.0
La Liga,Jesús Corona,Sevilla,MEX,"DF,FW",30,1993,2,17,0.0,0.0,0.0,1.0,0.0,0.0,2.0,1.0,0.0,,,0.0
La Liga,Jesús Navas,Sevilla,ESP,"DF,MF",37,1985,29,2003,6.0,1.0,0.0,12.0,11.0,1.0,142.0,23.0,26.0,,,0.0
La Liga,Joan Jordán,Sevilla,ESP,MF,29,1994,8,380,1.0,0.0,0.0,1.0,3.0,0.0,3.0,4.0,6.0,,,0.0
La Liga,Juanlu Sánchez,Sevilla,ESP,"DF,MF",19,2003,26,1181,2.0,0.0,0.0,11.0,23.0,1.0,61.0,10.0,36.0,,,0.0
La Liga,Kike Salas,Sevilla,ESP,DF,21,2002,23,1605,10.0,0.0,0.0,32.0,10.0,1.0,8.0,28.0,24.0,,,0.0
La Liga,Loïc Bade,Sevilla,FRA,DF,23,2000,28,2277,5.0,1.0,0.0,24.0,10.0,1.0,2.0,38.0,42.0,,,0.0
La Liga,Lucas Ocampos,Sevilla,ARG,"MF,FW",29,1994,35,2871,8.0,0.0,0.0,32.0,71.0,8.0,122.0,20.0,47.0,,,0.0
La Liga,Lucien Agoume,Sevilla,FRA,MF,21,2002,12,777,3.0,0.0,0.0,19.0,2.0,0.0,3.0,7.0,16.0,,,0.0
La Liga,Manu Bueno,Sevilla,ESP,MF,19,2004,4,117,1.0,0.0,0.0,1.0,2.0,0.0,0.0,0.0,2.0,,,0.0
La Liga,Marcos Acuña,Sevilla,ARG,"DF,MF",31,1991,21,1292,7.0,0.0,0.0,18.0,17.0,1.0,84.0,3.0,20.0,,,0.0
La Liga,Marcão,Sevilla,BRA,DF,27,1996,7,355,2.0,0.0,0.0,5.0,6.0,0.0,0.0,3.0,6.0,,,0.0
La Liga,Mariano,Sevilla,DOM,FW,29,1993,9,244,1.0,0.0,0.0,8.0,1.0,3.0,1.0,0.0,1.0,,,0.0
La Liga,Marko Dmitrović,Sevilla,SRB,GK,31,1992,13,1170,1.0,0.0,0.0,0.0,1.0,0.0,0.0,1.0,1.0,,,1.0
La Liga,Nemanja Gudelj,Sevilla,SRB,"DF,MF",31,1991,22,1742,7.0,0.0,0.0,30.0,11.0,0.0,3.0,29.0,22.0,,,0.0
La Liga,Rafa Mir,Sevilla,ESP,FW,26,1997,15,391,1.0,0.0,0.0,9.0,5.0,3.0,2.0,0.0,2.0,,,0.0
La Liga,Sergio Ramos,Sevilla,ESP,DF,37,1986,28,2517,7.0,1.0,0.0,27.0,22.0,9.0,2.0,39.0,30.0,,,1.0
La Liga,Suso,Sevilla,ESP,MF,29,1993,29,1517,5.0,1.0,0.0,22.0,36.0,3.0,133.0,5.0,17.0,,,0.0
La Liga,Tanguy Nianzou,Sevilla,FRA,DF,21,2002,8,318,3.0,0.0,0.0,6.0,4.0,0.0,0.0,3.0,8.0,,,0.0
La Liga,Yassine Bounou,Sevilla,MAR,GK,32,1991,1,90,0.0,0.0,0.0,0.0,0.0,0.0,0.0,0.0,0.0,,,0.0
La Liga,Youssef En-Nesyri,Sevilla,MAR,FW,26,1997,33,2570,4.0,0.0,0.0,21.0,21.0,22.0,5.0,8.0,7.0,,,0.0
La Liga,Érik Lamela,Sevilla,ARG,MF,31,1992,13,463,3.0,0.0,0.0,18.0,6.0,3.0,12.0,1.0,13.0,,,0.0
La Liga,Óliver Torres,Sevilla,ESP,MF,28,1994,27,1616,3.0,0.0,0.0,26.0,23.0,6.0,43.0,7.0,22.0,,,0.0
La Liga,Ørjan Nyland,Sevilla,NOR,GK,32,1990,24,2160,1.0,0.0,0.0,0.0,2.0,0.0,0.0,0.0,0.0,,,0.0
La Liga,Alberto Marí,Valencia,ESP,FW,22,2001,16,276,0.0,0.0,0.0,9.0,6.0,2.0,2.0,0.0,2.0,,,0.0
La Liga,André Almeida,Valencia,POR,"FW,MF",23,2000,18,965,0.0,0.0,0.0,12.0,20.0,1.0,16.0,3.0,14.0,,,0.0
La Liga,Cenk Özkacar,Valencia,TUR,DF,22,2000,23,1598,3.0,0.0,0.0,13.0,8.0,1.0,6.0,18.0,14.0,,,1.0
La Liga,Cristhian Mosquera,Valencia,ESP,DF,19,2004,36,3075,2.0,0.0,0.0,25.0,27.0,0.0,1.0,33.0,34.0,,,0.0
La Liga,Cristian,Valencia,ESP,GK,25,1998,1,57,0.0,0.0,0.0,0.0,0.0,0.0,0.0,0.0,0.0,,,0.0
La Liga,César Tárrega,Valencia,ESP,DF,21,2002,1,8,0.0,0.0,0.0,0.0,0.0,0.0,0.0,0.0,0.0,,,0.0
La Liga,Diego López,Valencia,ESP,"MF,FW",21,2002,36,2656,2.0,0.0,0.0,26.0,31.0,8.0,66.0,21.0,26.0,,,0.0
La Liga,Dimitri Foulquier,Valencia,FRA,"DF,MF",30,1993,33,1842,3.0,0.0,0.0,24.0,28.0,2.0,43.0,14.0,21.0,,,0.0
La Liga,Francisco Perez,Valencia,ESP,MF,20,2002,32,2049,4.0,0.0,0.0,31.0,23.0,8.0,52.0,15.0,17.0,,,0.0
La Liga,Gabriel Paulista,Valencia,BRA,DF,32,1990,18,1398,6.0,1.0,1.0,11.0,4.0,0.0,0.0,23.0,6.0,,,0.0
La Liga,Giorgi Mamardashvili,Valencia,GEO,GK,22,2000,37,3284,3.0,1.0,0.0,3.0,4.0,0.0,0.0,1.0,3.0,,,0.0
La Liga,Hugo Duro,Valencia,ESP,FW,23,1999,37,2976,4.0,0.0,0.0,41.0,95.0,17.0,7.0,6.0,8.0,,,0.0
La Liga,Hugo González,Valencia,ESP,FW,20,2003,9,87,0.0,0.0,0.0,3.0,2.0,2.0,9.0,0.0,1.0,,,0.0
La Liga,Hugo Guillamón,Valencia,ESP,MF,23,2000,26,1315,7.0,0.0,0.0,36.0,25.0,0.0,7.0,11.0,15.0,,,0.0
La Liga,Jaume Doménech,Valencia,ESP,GK,32,1990,2,79,0.0,0.0,0.0,0.0,1.0,0.0,0.0,0.0,0.0,,,0.0
La Liga,Javier Guerra,Valencia,ESP,MF,20,2003,36,2498,3.0,1.0,0.0,40.0,30.0,2.0,24.0,18.0,29.0,,,0.0
La Liga,Jesus Vazquez,Valencia,ESP,DF,20,2003,20,716,1.0,0.0,0.0,8.0,7.0,1.0,18.0,3.0,10.0,,,0.0
La Liga,José Luis García Vayá,Valencia,ESP,MF,24,1998,37,3302,4.0,0.0,0.0,51.0,40.0,1.0,145.0,45.0,55.0,,,0.0
La Liga,José Luis Gayà,Valencia,ESP,DF,28,1995,24,1791,2.0,0.0,0.0,24.0,12.0,1.0,82.0,11.0,39.0,,,0.0
La Liga,Mario Dominguez,Valencia,ESP,MF,19,2004,3,25,0.0,0.0,0.0,0.0,0.0,0.0,1.0,0.0,0.0,,,0.0
La Liga,Mouctar Diakhaby,Valencia,GUI,"DF,MF",26,1996,14,1073,6.0,0.0,0.0,9.0,2.0,0.0,0.0,11.0,13.0,,,0.0
La Liga,Pablo Gozalbez,Valencia,ESP,MF,22,2001,5,103,0.0,0.0,0.0,7.0,2.0,1.0,1.0,1.0,0.0,,,0.0
La Liga,Peter González,Valencia,DOM,MF,21,2002,15,649,1.0,0.0,0.0,11.0,11.0,1.0,18.0,9.0,4.0,,,0.0
La Liga,Roman Yaremchuk,Valencia,UKR,FW,27,1995,25,928,2.0,0.0,0.0,7.0,13.0,15.0,3.0,1.0,2.0,,,0.0
La Liga,Ruben Lendinez,Valencia,ESP,DF,20,2003,1,11,0.0,0.0,0.0,0.0,0.0,0.0,0.0,0.0,1.0,,,0.0
La Liga,Selim Amallah,Valencia,MAR,"MF,FW",26,1996,20,604,5.0,1.0,1.0,21.0,24.0,1.0,3.0,10.0,12.0,,,0.0
La Liga,Sergi Canós,Valencia,ESP,MF,26,1997,27,1229,1.0,0.0,0.0,17.0,16.0,2.0,36.0,11.0,13.0,,,0.0
La Liga,Thierry Correia,Valencia,POR,DF,24,1999,31,2154,4.0,1.0,0.0,41.0,41.0,2.0,47.0,31.0,36.0,,,0.0
La Liga,Yarek Gasiorowski,Valencia,ESP,DF,18,2005,14,735,1.0,0.0,0.0,11.0,2.0,0.0,6.0,14.0,13.0,,,1.0
La Liga,Adrià Altimira,Villarreal,ESP,"DF,MF",22,2001,11,775,3.0,0.0,0.0,12.0,4.0,0.0,5.0,5.0,7.0,,,0.0
La Liga,Alberto Moreno,Villarreal,ESP,DF,31,1992,27,1484,5.0,2.0,2.0,24.0,14.0,5.0,50.0,21.0,20.0,,,0.0
La Liga,Alexander Sørloth,Villarreal,NOR,FW,27,1995,34,2489,3.0,0.0,0.0,34.0,19.0,23.0,7.0,0.0,4.0,,,0.0
La Liga,Alfonso Pedraza,Villarreal,ESP,DF,27,1996,19,1116,4.0,1.0,0.0,14.0,17.0,4.0,58.0,12.0,10.0,,,0.0
La Liga,Aïssa Mandi,Villarreal,ALG,DF,31,1991,16,1113,3.0,0.0,0.0,7.0,5.0,0.0,0.0,7.0,8.0,,,0.0
La Liga,Ben Brereton,Villarreal,CHI,"MF,FW",24,1999,14,270,,,,,,,,,,,,
La Liga,Bertrand Traoré,Villarreal,BFA,MF,27,1995,11,568,4.0,0.0,0.0,7.0,21.0,2.0,9.0,1.0,5.0,,,0.0
La Liga,Carlos Romero,Villarreal,ESP,DF,21,2001,7,262,1.0,0.0,0.0,2.0,6.0,0.0,11.0,1.0,5.0,,,0.0
La Liga,Daniel Parejo,Villarreal,ESP,MF,34,1989,33,2580,4.0,0.0,0.0,18.0,51.0,0.0,57.0,20.0,31.0,,,0.0
La Liga,Denis Suárez,Villarreal,ESP,MF,29,1994,4,133,0.0,0.0,0.0,4.0,2.0,1.0,4.0,1.0,0.0,,,0.0
La Liga,Eric Bailly,Villarreal,CIV,DF,29,1994,10,839,4.0,0.0,0.0,6.0,5.0,0.0,0.0,8.0,3.0,,,1.0
La Liga,Filip Jørgensen,Villarreal,DEN,GK,21,2002,36,3240,4.0,0.0,0.0,2.0,5.0,0.0,0.0,2.0,1.0,,,0.0
La Liga,Francis Coquelin,Villarreal,FRA,MF,32,1991,17,910,4.0,0.0,0.0,18.0,8.0,1.0,3.0,15.0,12.0,,,0.0
La Liga,Gerard Moreno,Villarreal,ESP,FW,31,1992,30,2215,0.0,0.0,0.0,22.0,38.0,17.0,28.0,9.0,11.0,,,0.0
La Liga,Gonçalo Guedes,Villarreal,POR,"FW,MF",26,1996,17,951,0.0,0.0,0.0,5.0,16.0,3.0,28.0,2.0,5.0,,,0.0
La Liga,Ilias Akhomach,Villarreal,MAR,MF,19,2004,31,1511,4.0,0.0,0.0,42.0,34.0,4.0,29.0,13.0,21.0,,,0.0
La Liga,Jorge Cuenca,Villarreal,ESP,DF,23,1999,29,1963,7.0,0.0,0.0,25.0,12.0,0.0,13.0,20.0,27.0,,,0.0
La Liga,José Luis Morales,Villarreal,ESP,"FW,MF",36,1987,29,1048,0.0,0.0,0.0,3.0,4.0,13.0,10.0,6.0,3.0,,,0.0
La Liga,Juan Foyth,Villarreal,ARG,DF,25,1998,12,1062,1.0,0.0,0.0,18.0,7.0,0.0,18.0,12.0,16.0,,,0.0
La Liga,Kiko Femenía,Villarreal,ESP,DF,32,1991,23,1583,8.0,1.0,1.0,24.0,3.0,0.0,28.0,31.0,26.0,,,0.0
La Liga,Manu Trigueros,Villarreal,ESP,MF,31,1991,14,309,0.0,0.0,0.0,5.0,3.0,1.0,5.0,3.0,5.0,,,0.0
La Liga,Matteo Gabbia,Villarreal,ITA,DF,23,1999,7,477,2.0,0.0,0.0,9.0,3.0,0.0,0.0,7.0,6.0,,,0.0
La Liga,Pascu,Villarreal,ESP,FW,20,2003,1,14,0.0,0.0,0.0,0.0,0.0,0.0,0.0,0.0,0.0,,,0.0
La Liga,Pepe Reina,Villarreal,ESP,GK,40,1982,2,180,2.0,1.0,0.0,0.0,0.0,0.0,0.0,0.0,0.0,,,0.0
La Liga,Ramón Terrats,Villarreal,ESP,MF,22,2000,19,785,4.0,0.0,0.0,15.0,17.0,1.0,27.0,2.0,13.0,,,0.0
La Liga,Raúl Albiol,Villarreal,ESP,DF,37,1985,26,2031,6.0,0.0,0.0,21.0,8.0,1.0,0.0,17.0,15.0,,,0.0
La Liga,Santi Comesaña,Villarreal,ESP,MF,26,1996,27,1653,8.0,2.0,1.0,33.0,22.0,1.0,5.0,22.0,23.0,,,0.0
La Liga,Stefan Lekovic,Villarreal,SRB,DF,19,2004,1,29,0.0,0.0,0.0,0.0,0.0,0.0,0.0,0.0,0.0,,,0.0
La Liga,Yerson Mosquera,Villarreal,COL,DF,22,2001,16,1229,4.0,0.0,0.0,14.0,27.0,0.0,7.0,18.0,14.0,,,0.0
La Liga,Yéremy Pino,Villarreal,ESP,"MF,FW",20,2002,7,475,4.0,0.0,0.0,22.0,9.0,3.0,7.0,5.0,18.0,,,0.0
La Liga,Álex Baena,Villarreal,ESP,"MF,FW",22,2001,34,2579,11.0,1.0,0.0,52.0,57.0,8.0,173.0,14.0,20.0,,,0.0
La Liga,Étienne Capoue,Villarreal,FRA,MF,35,1988,32,1455,8.0,0.0,0.0,25.0,41.0,2.0,7.0,23.0,21.0,,,0.0
Ligue 1,Achraf Dari,Brest,MAR,DF,24,1999,4,121,0.0,0.0,0.0,2.0,1.0,0.0,0.0,5.0,1.0,,,0.0
Ligue 1,Adrien Lebeau,Brest,FRA,MF,24,1999,7,54,0.0,0.0,0.0,1.0,2.0,0.0,3.0,0.0,0.0,,,0.0
Ligue 1,Axel Camblan,Brest,FRA,FW,19,2003,7,90,2.0,0.0,0.0,3.0,1.0,0.0,1.0,0.0,1.0,,,0.0
Ligue 1,Bilal Brahimi,Brest,ALG,FW,23,2000,18,221,1.0,1.0,0.0,3.0,4.0,2.0,33.0,0.0,0.0,,,0.0
Ligue 1,Bradley Locko,Brest,FRA,DF,21,2002,33,2959,5.0,0.0,0.0,26.0,41.0,1.0,94.0,36.0,56.0,,,0.0
Ligue 1,Brendan Chardonnet,Brest,FRA,DF,28,1994,33,2970,4.0,0.0,0.0,35.0,22.0,0.0,12.0,50.0,39.0,,,0.0
Ligue 1,Grégoire Coudert,Brest,FRA,GK,24,1999,3,181,0.0,0.0,0.0,0.0,0.0,0.0,0.0,0.0,0.0,,,0.0
Ligue 1,Hianga'a Mbock,Brest,FRA,MF,23,1999,2,9,0.0,0.0,0.0,0.0,0.0,0.0,0.0,1.0,0.0,,,0.0
Ligue 1,Hugo Magnetti,Brest,FRA,MF,25,1998,33,2340,6.0,0.0,0.0,21.0,18.0,2.0,20.0,18.0,28.0,,,0.0
Ligue 1,Jonas Martin,Brest,FRA,MF,33,1990,31,1208,5.0,0.0,0.0,27.0,11.0,1.0,8.0,9.0,25.0,,,0.0
Ligue 1,Jordan Amavi,Brest,FRA,DF,29,1994,2,91,1.0,0.0,0.0,2.0,0.0,0.0,1.0,3.0,1.0,,,0.0
Ligue 1,Julien Le Cardinal,Brest,FRA,DF,25,1997,12,473,3.0,0.0,0.0,7.0,5.0,0.0,4.0,12.0,11.0,,,0.0
Ligue 1,Jérémy Le Douaron,Brest,FRA,"FW,MF",25,1998,33,1618,3.0,0.0,0.0,28.0,31.0,3.0,39.0,2.0,9.0,,,0.0
Ligue 1,Kamory Doumbia,Brest,MLI,MF,20,2003,25,879,1.0,0.0,0.0,16.0,10.0,1.0,8.0,10.0,18.0,,,0.0
Ligue 1,Karamoko Dembélé,Brest,ENG,"FW,MF",20,2003,1,16,0.0,0.0,0.0,0.0,1.0,0.0,1.0,0.0,0.0,,,0.0
Ligue 1,Kenny Lala,Brest,MAD,DF,31,1991,33,2970,7.0,0.0,0.0,24.0,24.0,0.0,143.0,27.0,50.0,,,0.0
Ligue 1,Lilian Brassier,Brest,FRA,DF,23,1999,30,2677,11.0,1.0,1.0,33.0,25.0,1.0,5.0,42.0,18.0,,,0.0
Ligue 1,Luck Zogbé,Brest,CIV,DF,18,2005,1,11,0.0,0.0,0.0,0.0,0.0,0.0,0.0,1.0,0.0,,,0.0
Ligue 1,Mahdi Camara,Brest,FRA,MF,25,1998,32,2020,7.0,0.0,0.0,36.0,39.0,3.0,46.0,26.0,40.0,,,0.0
Ligue 1,Marco Bizot,Brest,NED,GK,32,1991,32,2876,3.0,1.0,0.0,1.0,0.0,0.0,0.0,0.0,0.0,,,0.0
Ligue 1,Martin Satriano,Brest,URU,"FW,MF",22,2001,33,1864,4.0,0.0,0.0,19.0,25.0,2.0,10.0,7.0,14.0,,,0.0
Ligue 1,Mathias Pereira Lage,Brest,POR,"MF,FW",26,1996,30,1187,3.0,0.0,0.0,19.0,21.0,6.0,67.0,10.0,15.0,,,0.0
Ligue 1,Pierre Lees-Melou,Brest,FRA,MF,30,1993,29,2517,12.0,1.0,1.0,47.0,57.0,1.0,34.0,40.0,66.0,,,0.0
Ligue 1,Romain Del Castillo,Brest,FRA,"MF,FW",27,1996,33,2497,4.0,0.0,0.0,21.0,59.0,3.0,250.0,9.0,29.0,,,0.0
Ligue 1,Steve Mounié,Brest,BEN,FW,28,1994,32,1769,2.0,1.0,0.0,43.0,25.0,8.0,11.0,2.0,7.0,,,0.0
Ligue 1,Abdellah Baallal,Clermont Foot,MAR,MF,18,2004,1,4,0.0,0.0,0.0,0.0,0.0,0.0,0.0,0.0,0.0,,,0.0
Ligue 1,Alan Virginius,Clermont Foot,FRA,"MF,FW",20,2003,14,934,0.0,0.0,0.0,4.0,6.0,4.0,22.0,3.0,5.0,,,0.0
Ligue 1,Alidu Seidu,Clermont Foot,GHA,DF,23,2000,14,1131,5.0,1.0,0.0,20.0,29.0,0.0,4.0,25.0,26.0,,,0.0
Ligue 1,Andy Pelmard,Clermont Foot,MAD,DF,23,2000,34,2989,1.0,0.0,0.0,13.0,18.0,0.0,6.0,34.0,41.0,,,0.0
Ligue 1,Aïman Maurer,Clermont Foot,MAR,MF,18,2004,5,56,0.0,0.0,0.0,0.0,0.0,0.0,4.0,0.0,1.0,,,0.0
Ligue 1,Bilal Boutobba,Clermont Foot,FRA,"MF,FW",24,1998,27,926,1.0,0.0,0.0,7.0,26.0,2.0,57.0,8.0,13.0,,,0.0
Ligue 1,Cheick Konaté,Clermont Foot,MLI,"MF,DF",19,2004,19,1068,4.0,0.0,0.0,17.0,14.0,0.0,45.0,13.0,16.0,,,0.0
Ligue 1,Chrislain Matsima,Clermont Foot,FRA,DF,21,2002,14,1180,2.0,0.0,0.0,12.0,10.0,1.0,0.0,14.0,11.0,,,0.0
Ligue 1,Elba Rashani,Clermont Foot,KVX,"MF,FW",30,1993,24,1175,4.0,2.0,0.0,27.0,29.0,3.0,28.0,12.0,18.0,,,0.0
Ligue 1,Florent Ogier,Clermont Foot,FRA,DF,34,1989,14,943,1.0,0.0,0.0,11.0,6.0,0.0,0.0,8.0,10.0,,,0.0
Ligue 1,Grejohn Kyei,Clermont Foot,FRA,FW,27,1995,26,1026,1.0,0.0,0.0,28.0,11.0,8.0,2.0,1.0,4.0,,,0.0
Ligue 1,Habib Keita,Clermont Foot,MLI,MF,21,2002,27,1278,4.0,0.0,0.0,23.0,36.0,0.0,4.0,28.0,19.0,,,0.0
Ligue 1,Ilhan Fakili,Clermont Foot,FRA,MF,17,2006,3,94,0.0,0.0,0.0,1.0,1.0,0.0,1.0,1.0,0.0,,,0.0
Ligue 1,Jim Allevinah,Clermont Foot,GAB,MF,28,1995,29,1861,1.0,0.0,0.0,15.0,27.0,1.0,47.0,12.0,19.0,,,0.0
Ligue 1,Johan Gastien,Clermont Foot,FRA,MF,35,1988,28,2260,7.0,0.0,0.0,32.0,29.0,1.0,40.0,37.0,22.0,,,0.0
Ligue 1,Joshua M'Bahia,Clermont Foot,CIV,DF,18,2005,1,14,1.0,0.0,0.0,1.0,0.0,0.0,0.0,0.0,0.0,,,0.0
Ligue 1,Jérémie Bela,Clermont Foot,ANG,MF,30,1993,12,203,0.0,0.0,0.0,0.0,4.0,0.0,14.0,0.0,1.0,,,0.0
Ligue 1,Jérémy Jacquet,Clermont Foot,FRA,DF,18,2005,6,253,0.0,0.0,0.0,1.0,3.0,1.0,1.0,4.0,2.0,,,0.0
Ligue 1,Komnen Andrić,Clermont Foot,SRB,FW,28,1995,7,169,0.0,0.0,0.0,2.0,2.0,1.0,0.0,0.0,1.0,,,0.0
Ligue 1,Massamba Ndiaye,Clermont Foot,SEN,GK,21,2001,4,360,0.0,0.0,0.0,0.0,1.0,0.0,0.0,0.0,0.0,,,0.0
Ligue 1,Mateusz Wieteska,Clermont Foot,POL,DF,26,1997,2,174,0.0,0.0,0.0,0.0,2.0,1.0,0.0,5.0,1.0,,,0.0
Ligue 1,Maxime Gonalons,Clermont Foot,FRA,MF,34,1989,21,1296,4.0,0.0,0.0,29.0,15.0,0.0,2.0,19.0,33.0,,,0.0
Ligue 1,Maximiliano Caufriez,Clermont Foot,BEL,DF,26,1997,20,1659,6.0,3.0,1.0,37.0,18.0,0.0,4.0,18.0,29.0,,,0.0
Ligue 1,Mehdi Zeffane,Clermont Foot,ALG,"MF,DF",31,1992,23,1231,2.0,0.0,0.0,13.0,7.0,2.0,45.0,16.0,19.0,,,0.0
Ligue 1,Mohamed Bouchenna,Clermont Foot,FRA,FW,17,2006,2,29,1.0,0.0,0.0,1.0,0.0,0.0,0.0,0.0,0.0,,,0.0
Ligue 1,Mory Diaw,Clermont Foot,SEN,GK,30,1993,30,2700,3.0,0.0,0.0,0.0,3.0,0.0,0.0,1.0,1.0,,,0.0
Ligue 1,Muhammed Cham,Clermont Foot,AUT,"MF,FW",22,2000,33,2554,4.0,0.0,0.0,23.0,57.0,3.0,119.0,7.0,13.0,,,0.0
Ligue 1,Neto Borges,Clermont Foot,BRA,"MF,DF",26,1996,28,2516,3.0,1.0,0.0,21.0,23.0,8.0,80.0,52.0,25.0,,,0.0
Ligue 1,Shamar Nicholson,Clermont Foot,JAM,FW,26,1997,26,1484,2.0,0.0,0.0,20.0,26.0,14.0,6.0,1.0,2.0,,,0.0
Ligue 1,Yohann Magnin,Clermont Foot,FRA,MF,26,1997,31,1687,2.0,0.0,0.0,37.0,23.0,1.0,14.0,19.0,31.0,,,0.0
Ligue 1,Yoël Armougom,Clermont Foot,FRA,"MF,DF",25,1998,5,234,1.0,0.0,0.0,1.0,3.0,0.0,14.0,1.0,4.0,,,0.0
Ligue 1,Abdoulaye Touré,Le Havre,GUI,MF,29,1994,30,2284,4.0,0.0,0.0,27.0,32.0,0.0,4.0,21.0,28.0,,,0.0
Ligue 1,Alois Confais,Le Havre,FRA,"DF,MF",26,1996,2,7,0.0,0.0,0.0,0.0,0.0,0.0,1.0,0.0,2.0,,,0.0
Ligue 1,André Ayew,Le Havre,GHA,"FW,MF",33,1989,19,1104,2.0,1.0,0.0,15.0,26.0,4.0,4.0,2.0,10.0,,,0.0
Ligue 1,Antoine Joujou,Le Havre,FRA,"MF,FW",20,2003,23,779,1.0,0.0,0.0,17.0,10.0,0.0,18.0,6.0,12.0,,,0.0
Ligue 1,Arouna Sangante,Le Havre,SEN,DF,21,2002,30,2687,8.0,0.0,0.0,54.0,37.0,0.0,14.0,63.0,32.0,,,1.0
Ligue 1,Arthur Desmas,Le Havre,FRA,GK,29,1994,33,2970,2.0,0.0,0.0,0.0,9.0,0.0,0.0,0.0,0.0,,,0.0
Ligue 1,Christopher Opéri,Le Havre,CIV,"DF,MF",26,1997,28,2445,6.0,0.0,0.0,20.0,18.0,0.0,189.0,34.0,36.0,,,0.0
Ligue 1,Daler Kuzyaev,Le Havre,RUS,MF,30,1993,30,2090,1.0,0.0,0.0,28.0,26.0,4.0,26.0,19.0,20.0,,,0.0
Ligue 1,Elysée Logbo,Le Havre,FRA,FW,19,2004,10,248,0.0,0.0,0.0,12.0,0.0,1.0,1.0,0.0,0.0,,,0.0
Ligue 1,Emmanuel Sabbi,Le Havre,USA,"MF,FW",25,1997,30,1584,5.0,0.0,0.0,26.0,37.0,2.0,20.0,19.0,20.0,,,0.0
Ligue 1,Etienne Youte Kinkoue,Le Havre,FRA,DF,21,2002,22,1941,1.0,0.0,0.0,11.0,5.0,2.0,0.0,43.0,11.0,,,0.0
Ligue 1,Gautier Lloris,Le Havre,FRA,DF,28,1995,31,2778,2.0,0.0,0.0,35.0,6.0,1.0,3.0,33.0,28.0,,,0.0
Ligue 1,Issa Soumaré,Le Havre,SEN,"FW,MF",22,2000,7,237,0.0,0.0,0.0,7.0,8.0,4.0,2.0,0.0,1.0,,,0.0
Ligue 1,Josué Casimir,Le Havre,HAI,"MF,FW",21,2001,30,2016,6.0,0.0,0.0,25.0,28.0,7.0,52.0,13.0,18.0,,,0.0
Ligue 1,Loïc Nego,Le Havre,HUN,"MF,DF",32,1991,28,1561,3.0,0.0,0.0,22.0,17.0,3.0,44.0,16.0,26.0,,,0.0
Ligue 1,Mathieu Gorgelin,Le Havre,FRA,GK,32,1990,1,90,1.0,0.0,0.0,0.0,0.0,0.0,0.0,0.0,0.0,,,0.0
Ligue 1,Mohamed Lamine Bayo,Le Havre,GUI,FW,25,1998,22,1389,4.0,0.0,0.0,14.0,12.0,7.0,8.0,2.0,6.0,,,0.0
Ligue 1,Nabil Alioui,Le Havre,FRA,"MF,FW",24,1999,18,1009,1.0,0.0,0.0,10.0,20.0,6.0,54.0,3.0,2.0,,,0.0
Ligue 1,Nolan Mbemba,Le Havre,CGO,MF,28,1995,6,22,0.0,0.0,0.0,0.0,0.0,0.0,2.0,0.0,1.0,,,0.0
Ligue 1,Oualid El Hajjam,Le Havre,MAR,"DF,MF",32,1991,13,393,1.0,0.0,0.0,13.0,4.0,1.0,10.0,6.0,6.0,,,0.0
Ligue 1,Oussama Targhalline,Le Havre,MAR,MF,21,2002,14,1025,4.0,1.0,1.0,13.0,22.0,0.0,8.0,20.0,10.0,,,0.0
Ligue 1,Rassoul Ndiaye,Le Havre,SEN,MF,21,2001,19,526,4.0,2.0,1.0,12.0,4.0,1.0,8.0,3.0,16.0,,,0.0
Ligue 1,Samuel Grandsir,Le Havre,FRA,MF,26,1996,23,606,4.0,2.0,1.0,18.0,5.0,4.0,44.0,3.0,12.0,,,0.0
Ligue 1,Simon Ebonog,Le Havre,CMR,MF,18,2004,4,20,0.0,0.0,0.0,0.0,1.0,0.0,0.0,0.0,1.0,,,0.0
Ligue 1,Steve Ngoura,Le Havre,FRA,FW,18,2005,12,223,0.0,0.0,0.0,6.0,1.0,2.0,1.0,0.0,1.0,,,0.0
Ligue 1,Yassine Kechta,Le Havre,MAR,MF,21,2002,32,1849,4.0,0.0,0.0,30.0,31.0,0.0,20.0,21.0,24.0,,,0.0
Ligue 1,Yoann Salmier,Le Havre,GUF,DF,30,1992,20,1568,3.0,0.0,0.0,18.0,9.0,3.0,10.0,21.0,9.0,,,1.0
Ligue 1,Abdukodir Khusanov,Lens,UZB,DF,19,2004,11,809,5.0,0.0,0.0,9.0,7.0,0.0,2.0,13.0,11.0,,,0.0
Ligue 1,Adrien Thomasson,Lens,FRA,MF,29,1993,29,1193,2.0,1.0,0.0,16.0,16.0,5.0,47.0,9.0,14.0,,,0.0
Ligue 1,Andy Diouf,Lens,FRA,MF,20,2003,25,1314,2.0,0.0,0.0,12.0,15.0,0.0,46.0,2.0,19.0,,,0.0
Ligue 1,Angelo Fulgini,Lens,NCL,MF,26,1996,29,1376,1.0,0.0,0.0,8.0,25.0,1.0,112.0,8.0,14.0,,,0.0
Ligue 1,Ayanda Sishuba,Lens,BEL,MF,18,2005,7,62,0.0,0.0,0.0,3.0,4.0,0.0,0.0,0.0,1.0,,,0.0
Ligue 1,Brice Samba,Lens,FRA,GK,29,1994,33,2970,3.0,0.0,0.0,1.0,3.0,0.0,0.0,0.0,1.0,,,1.0
Ligue 1,David Costa,Lens,POR,MF,22,2001,25,1494,3.0,0.0,0.0,12.0,23.0,0.0,77.0,15.0,10.0,,,0.0
Ligue 1,Deiver Machado,Lens,COL,MF,29,1993,19,1124,4.0,0.0,0.0,30.0,27.0,2.0,29.0,5.0,18.0,,,0.0
Ligue 1,Elye Wahi,Lens,CIV,FW,20,2003,27,1692,10.0,1.0,1.0,20.0,16.0,25.0,9.0,3.0,4.0,,,0.0
Ligue 1,Facundo Medina,Lens,ARG,DF,24,1999,31,2714,11.0,0.0,0.0,51.0,19.0,2.0,21.0,23.0,39.0,,,0.0
Ligue 1,Faitout Maouassa,Lens,FRA,MF,25,1998,3,76,0.0,0.0,0.0,2.0,1.0,0.0,3.0,0.0,1.0,,,0.0
Ligue 1,Florian Sotoca,Lens,FRA,"MF,FW",32,1990,32,2598,4.0,1.0,0.0,27.0,40.0,13.0,95.0,20.0,23.0,,,0.0
Ligue 1,Jean-Louis Leca,Lens,FRA,GK,37,1985,1,90,0.0,0.0,0.0,0.0,0.0,0.0,0.0,0.0,0.0,,,0.0
Ligue 1,Jhoanner Chávez,Lens,ECU,"MF,DF",21,2002,8,481,1.0,0.0,0.0,10.0,4.0,3.0,13.0,5.0,5.0,,,0.0
Ligue 1,Jonathan Gradit,Lens,FRA,DF,30,1992,26,2112,9.0,1.0,0.0,31.0,26.0,0.0,17.0,36.0,20.0,,,0.0
Ligue 1,Julien Le Cardinal,Lens,FRA,DF,25,1997,2,58,0.0,0.0,0.0,2.0,1.0,0.0,4.0,0.0,2.0,,,0.0
Ligue 1,Kevin Danso,Lens,AUT,DF,24,1998,30,2655,6.0,0.0,0.0,24.0,48.0,2.0,3.0,23.0,16.0,,,0.0
Ligue 1,Massadio Haïdara,Lens,MLI,"DF,MF",30,1992,18,741,1.0,0.0,0.0,11.0,7.0,2.0,21.0,11.0,8.0,,,0.0
Ligue 1,Morgan Guilavogui,Lens,GUI,FW,25,1998,23,566,1.0,0.0,0.0,14.0,7.0,7.0,5.0,5.0,10.0,,,0.0
Ligue 1,Nampalys Mendy,Lens,SEN,MF,31,1992,16,1052,2.0,0.0,0.0,16.0,25.0,0.0,7.0,13.0,19.0,,,0.0
Ligue 1,Neil El Aynaoui,Lens,MAR,MF,22,2001,25,1566,1.0,0.0,0.0,21.0,40.0,1.0,7.0,32.0,21.0,,,0.0
Ligue 1,Oscar Cortés,Lens,COL,MF,19,2003,4,44,0.0,0.0,0.0,0.0,1.0,1.0,2.0,0.0,0.0,,,0.0
Ligue 1,Przemysław Frankowski,Lens,POL,MF,28,1995,30,2192,4.0,0.0,0.0,33.0,12.0,0.0,118.0,24.0,39.0,,,0.0
Ligue 1,Ruben Aguilar,Lens,FRA,"MF,DF",30,1993,25,1922,3.0,0.0,0.0,20.0,24.0,3.0,75.0,24.0,33.0,,,0.0
Ligue 1,Salis Abdul Samed,Lens,GHA,MF,23,2000,27,1519,2.0,0.0,0.0,34.0,16.0,0.0,3.0,13.0,14.0,,,0.0
Ligue 1,Stijn Spierings,Lens,NED,MF,27,1996,4,118,2.0,0.0,0.0,5.0,2.0,0.0,1.0,2.0,0.0,,,0.0
Ligue 1,Wesley Saïd,Lens,FRA,FW,28,1995,27,1020,1.0,0.0,0.0,33.0,15.0,8.0,16.0,5.0,5.0,,,0.0
Ligue 1,Aaron Malouda,Lille,FRA,FW,17,2005,1,1,0.0,0.0,0.0,0.0,0.0,0.0,0.0,0.0,0.0,,,0.0
Ligue 1,Adam Ounas,Lille,ALG,MF,26,1996,17,418,0.0,0.0,0.0,3.0,12.0,1.0,22.0,6.0,3.0,,,0.0
Ligue 1,Alan Virginius,Lille,FRA,MF,20,2003,2,71,0.0,0.0,0.0,0.0,0.0,0.0,1.0,0.0,1.0,,,0.0
Ligue 1,Alexsandro Ribeiro,Lille,BRA,DF,23,1999,29,2220,6.0,1.0,0.0,26.0,37.0,1.0,2.0,36.0,24.0,,,1.0
Ligue 1,Andrej Ilic,Lille,SRB,FW,23,2000,2,9,0.0,0.0,0.0,1.0,0.0,0.0,0.0,0.0,0.0,,,0.0
Ligue 1,Angel Gomes,Lille,ENG,MF,22,2000,31,2571,5.0,0.0,0.0,31.0,37.0,0.0,45.0,18.0,13.0,,,0.0
Ligue 1,Ayyoub Bouaddi,Lille,MAR,MF,15,2007,9,131,3.0,1.0,1.0,8.0,0.0,0.0,2.0,1.0,2.0,,,0.0
Ligue 1,Bafodé Diakité,Lille,FRA,DF,22,2001,21,1696,4.0,0.0,0.0,16.0,12.0,2.0,3.0,17.0,22.0,,,0.0
Ligue 1,Benjamin André,Lille,FRA,MF,32,1990,30,2570,8.0,0.0,0.0,52.0,44.0,1.0,19.0,33.0,48.0,,,0.0
Ligue 1,Carlos Baleba,Lille,CMR,MF,19,2004,2,61,0.0,0.0,0.0,2.0,2.0,0.0,0.0,2.0,3.0,,,0.0
Ligue 1,Edon Zhegrova,Lille,KVX,"MF,FW",24,1999,33,2288,3.0,1.0,0.0,23.0,31.0,11.0,174.0,8.0,17.0,,,0.0
Ligue 1,Gabriel Gudmundsson,Lille,SWE,"MF,DF",24,1999,25,1267,2.0,0.0,0.0,21.0,19.0,4.0,34.0,16.0,16.0,,,0.0
Ligue 1,Hákon Haraldsson,Lille,ISL,"MF,FW",20,2003,26,1284,5.0,0.0,0.0,14.0,28.0,1.0,7.0,3.0,8.0,,,0.0
Ligue 1,Ichem Ferrah,Lille,FRA,FW,17,2005,1,3,0.0,0.0,0.0,1.0,0.0,0.0,0.0,0.0,0.0,,,0.0
Ligue 1,Ignacio Miramon,Lille,ARG,MF,20,2003,2,39,0.0,0.0,0.0,0.0,1.0,0.0,0.0,0.0,0.0,,,0.0
Ligue 1,Ismaily,Lille,BRA,DF,33,1990,30,2465,1.0,0.0,0.0,15.0,22.0,3.0,30.0,31.0,48.0,,,0.0
Ligue 1,Ivan Cavaleiro,Lille,POR,"MF,FW",29,1993,17,770,1.0,0.0,0.0,10.0,7.0,2.0,29.0,4.0,6.0,,,0.0
Ligue 1,Jonathan David,Lille,CAN,FW,23,2000,34,2629,4.0,0.0,0.0,29.0,54.0,13.0,2.0,9.0,17.0,,,0.0
Ligue 1,Leny Yoro,Lille,FRA,DF,17,2005,32,2673,5.0,0.0,0.0,20.0,16.0,0.0,1.0,36.0,24.0,,,1.0
Ligue 1,Lucas Chevalier,Lille,FRA,GK,21,2001,33,2969,1.0,0.0,0.0,1.0,7.0,0.0,0.0,0.0,0.0,,,0.0
Ligue 1,Nabil Bentaleb,Lille,ALG,MF,28,1994,26,1967,7.0,0.0,0.0,24.0,18.0,0.0,6.0,36.0,33.0,,,0.0
Ligue 1,Rémy Cabella,Lille,FRA,"MF,FW",33,1990,30,1477,0.0,0.0,0.0,16.0,39.0,3.0,51.0,4.0,38.0,,,0.0
Ligue 1,Samuel Umtiti,Lille,FRA,DF,29,1993,6,185,0.0,0.0,0.0,3.0,1.0,0.0,0.0,1.0,1.0,,,0.0
Ligue 1,Tiago Fonseca Morais,Lille,POR,"FW,MF",19,2003,3,46,0.0,0.0,0.0,1.0,0.0,0.0,1.0,1.0,1.0,,,0.0
Ligue 1,Tiago Santos,Lille,POR,DF,21,2002,29,2365,6.0,0.0,0.0,38.0,87.0,0.0,83.0,14.0,40.0,,,0.0
Ligue 1,Trévis Dago,Lille,CIV,FW,18,2005,4,23,1.0,0.0,0.0,2.0,1.0,0.0,1.0,1.0,0.0,,,0.0
Ligue 1,Vito Mannone,Lille,ITA,GK,35,1988,2,91,0.0,0.0,0.0,0.0,0.0,0.0,0.0,0.0,0.0,,,0.0
Ligue 1,Yusuf Yazıcı,Lille,TUR,"MF,FW",26,1997,27,1312,5.0,0.0,0.0,19.0,14.0,4.0,18.0,5.0,11.0,,,0.0
Ligue 1,Adrian Grbić,Lorient,AUT,"FW,MF",26,1996,1,31,0.0,0.0,0.0,0.0,0.0,0.0,1.0,0.0,0.0,,,0.0
Ligue 1,Aurélien Pelon,Lorient,FRA,DF,19,2004,1,90,1.0,0.0,0.0,1.0,0.0,0.0,0.0,0.0,0.0,,,0.0
Ligue 1,Ayman Kari,Lorient,FRA,MF,18,2004,14,893,1.0,0.0,0.0,10.0,28.0,0.0,1.0,4.0,12.0,,,0.0
Ligue 1,Badredine Bouanani,Lorient,ALG,MF,18,2004,11,443,0.0,0.0,0.0,1.0,10.0,0.0,10.0,2.0,2.0,,,0.0
Ligue 1,Bamba Dieng,Lorient,SEN,FW,23,2000,16,549,3.0,0.0,0.0,7.0,19.0,6.0,5.0,0.0,4.0,,,0.0
Ligue 1,Bamo Meïté,Lorient,CIV,DF,21,2001,2,146,0.0,0.0,0.0,0.0,1.0,0.0,0.0,3.0,1.0,,,0.0
Ligue 1,Bassirou Ndiaye,Lorient,SEN,FW,21,2002,5,152,0.0,0.0,0.0,5.0,5.0,0.0,1.0,1.0,2.0,,,0.0
Ligue 1,Benjamin Mendy,Lorient,FRA,"MF,DF",29,1994,15,711,3.0,0.0,0.0,12.0,4.0,4.0,96.0,6.0,1.0,,,0.0
Ligue 1,Bonke Innocent,Lorient,NGA,MF,27,1996,4,210,1.0,0.0,0.0,5.0,4.0,0.0,0.0,4.0,5.0,,,0.0
Ligue 1,Darlin Yongwa,Lorient,CMR,"MF,DF",22,2000,22,1159,3.0,0.0,0.0,21.0,31.0,3.0,74.0,13.0,22.0,,,0.0
Ligue 1,Dembo Sylla,Lorient,GUI,"DF,MF",20,2002,1,45,0.0,0.0,0.0,0.0,0.0,0.0,4.0,1.0,1.0,,,0.0
Ligue 1,Eli Junior Kroupi,Lorient,FRA,FW,17,2006,30,1084,1.0,0.0,0.0,17.0,8.0,8.0,14.0,10.0,5.0,,,0.0
Ligue 1,Formose Mendy,Lorient,SEN,DF,22,2001,18,1256,6.0,0.0,0.0,17.0,11.0,0.0,13.0,20.0,19.0,,,1.0
Ligue 1,Gino Caoki,Lorient,FRA,FW,19,2004,1,7,0.0,0.0,0.0,0.0,1.0,0.0,1.0,0.0,0.0,,,0.0
Ligue 1,Gédéon Kalulu,Lorient,COD,"MF,DF",25,1997,19,970,0.0,0.0,0.0,16.0,7.0,0.0,22.0,5.0,17.0,,,0.0
Ligue 1,Ibrahima Koné,Lorient,MLI,FW,24,1999,1,32,0.0,0.0,0.0,0.0,1.0,0.0,0.0,0.0,0.0,,,0.0
Ligue 1,Igor Carioca,Lorient,BRA,"MF,DF",26,1996,5,262,2.0,0.0,0.0,7.0,4.0,0.0,9.0,3.0,6.0,,,0.0
Ligue 1,Imran Louza,Lorient,MAR,MF,24,1999,14,863,1.0,0.0,0.0,16.0,15.0,0.0,53.0,8.0,8.0,,,0.0
Ligue 1,Jean-Victor Makengo,Lorient,FRA,"MF,FW",25,1998,11,479,0.0,0.0,0.0,7.0,7.0,0.0,6.0,9.0,4.0,,,0.0
Ligue 1,Joel Mvuka,Lorient,NOR,MF,20,2002,7,197,1.0,0.0,0.0,1.0,5.0,1.0,12.0,2.0,4.0,,,0.0
Ligue 1,Julien Laporte,Lorient,FRA,DF,29,1993,23,1818,4.0,0.0,0.0,20.0,9.0,1.0,1.0,10.0,14.0,,,0.0
Ligue 1,Julien Ponceau,Lorient,FRA,MF,22,2000,32,2244,5.0,0.0,0.0,30.0,34.0,5.0,49.0,18.0,14.0,,,0.0
Ligue 1,Laurent Abergel,Lorient,FRA,MF,30,1993,33,2860,4.0,0.0,0.0,36.0,36.0,1.0,34.0,61.0,55.0,,,0.0
Ligue 1,Loris Mouyokolo,Lorient,FRA,DF,22,2001,1,90,0.0,0.0,0.0,1.0,0.0,1.0,0.0,0.0,1.0,,,0.0
Ligue 1,Mohamed Bamba,Lorient,CIV,FW,21,2001,16,1138,3.0,0.0,0.0,22.0,15.0,11.0,2.0,2.0,9.0,,,0.0
Ligue 1,Montassar Talbi,Lorient,TUN,DF,25,1998,25,2204,2.0,0.0,0.0,18.0,8.0,1.0,4.0,34.0,21.0,,,0.0
Ligue 1,Nathaniel Adjei,Lorient,GHA,DF,20,2002,15,1243,2.0,0.0,0.0,10.0,12.0,2.0,2.0,16.0,9.0,,,0.0
Ligue 1,Pablo Pagis,Lorient,FRA,MF,20,2002,3,165,1.0,0.0,0.0,4.0,4.0,0.0,2.0,3.0,6.0,,,0.0
Ligue 1,Panos Katseris,Lorient,GRE,MF,22,2001,15,1041,4.0,0.0,0.0,19.0,11.0,2.0,46.0,7.0,19.0,,,0.0
Ligue 1,Romain Faivre,Lorient,FRA,MF,25,1998,17,1453,1.0,0.0,0.0,4.0,47.0,2.0,38.0,6.0,6.0,,,0.0
Ligue 1,Royce Openda,Lorient,GAB,FW,21,2002,1,16,0.0,0.0,0.0,1.0,1.0,0.0,0.0,0.0,0.0,,,0.0
Ligue 1,Siriné Doucouré,Lorient,MLI,FW,21,2002,11,423,2.0,0.0,0.0,10.0,6.0,2.0,1.0,1.0,5.0,,,0.0
Ligue 1,Souleymane Touré,Lorient,FRA,DF,20,2003,24,2051,6.0,0.0,0.0,36.0,15.0,0.0,5.0,31.0,13.0,,,0.0
Ligue 1,Théo Le Bris,Lorient,FRA,MF,20,2002,26,1516,2.0,0.0,0.0,7.0,10.0,0.0,33.0,10.0,22.0,,,0.0
Ligue 1,Tiemoué Bakayoko,Lorient,FRA,MF,28,1994,20,1314,5.0,0.0,0.0,25.0,23.0,2.0,1.0,25.0,17.0,,,0.0
Ligue 1,Tosin Aiyegun,Lorient,BEN,"MF,FW",25,1998,19,902,0.0,1.0,0.0,13.0,16.0,3.0,8.0,2.0,4.0,,,0.0
Ligue 1,Vincent Le Goff,Lorient,FRA,"MF,DF",33,1989,9,541,1.0,0.0,0.0,3.0,5.0,2.0,17.0,3.0,0.0,,,0.0
Ligue 1,Yvon Mvogo,Lorient,SUI,GK,29,1994,34,3060,1.0,0.0,0.0,0.0,3.0,0.0,0.0,0.0,0.0,,,0.0
Ligue 1,Adryelson,Lyon,BRA,DF,25,1998,2,6,0.0,0.0,0.0,0.0,0.0,0.0,0.0,1.0,0.0,,,0.0
Ligue 1,Ainsley Maitland-Niles,Lyon,ENG,"DF,MF",25,1997,23,1432,1.0,1.0,0.0,5.0,11.0,1.0,21.0,17.0,18.0,,,0.0
Ligue 1,Alexandre Lacazette,Lyon,FRA,FW,32,1991,29,2293,3.0,1.0,0.0,50.0,36.0,13.0,10.0,8.0,12.0,,,0.0
Ligue 1,Amin Sarr,Lyon,SWE,FW,22,2001,3,98,0.0,0.0,0.0,2.0,2.0,0.0,1.0,0.0,0.0,,,0.0
Ligue 1,Anthony Lopes,Lyon,POR,GK,32,1990,31,2790,0.0,0.0,0.0,1.0,6.0,0.0,0.0,0.0,0.0,,,0.0
Ligue 1,Bradley Barcola,Lyon,FRA,MF,20,2002,3,270,1.0,0.0,0.0,4.0,2.0,2.0,0.0,2.0,2.0,,,0.0
Ligue 1,Chaim El Djebali,Lyon,TUN,MF,19,2004,1,12,0.0,0.0,0.0,1.0,0.0,0.0,1.0,0.0,0.0,,,0.0
Ligue 1,Clinton Mata,Lyon,ANG,"DF,MF",30,1992,28,2220,6.0,0.0,0.0,30.0,37.0,1.0,52.0,40.0,25.0,,,0.0
Ligue 1,Corentin Tolisso,Lyon,FRA,MF,28,1994,25,1741,5.0,0.0,0.0,24.0,23.0,1.0,35.0,10.0,21.0,,,0.0
Ligue 1,Dejan Lovren,Lyon,CRO,DF,34,1989,10,718,2.0,1.0,0.0,12.0,1.0,0.0,3.0,12.0,7.0,,,0.0
Ligue 1,Diego Moreira,Lyon,BEL,MF,18,2004,7,270,1.0,0.0,0.0,4.0,3.0,1.0,6.0,2.0,0.0,,,0.0
Ligue 1,Duje Ćaleta-Car,Lyon,CRO,DF,26,1996,24,1993,2.0,1.0,0.0,16.0,5.0,0.0,0.0,16.0,11.0,,,0.0
Ligue 1,Ernest Nuamah,Lyon,GHA,"FW,MF",19,2003,29,1838,4.0,0.0,0.0,50.0,34.0,12.0,76.0,9.0,14.0,,,0.0
Ligue 1,Gift Orban,Lyon,NGA,FW,21,2002,13,474,2.0,0.0,0.0,9.0,10.0,2.0,3.0,1.0,3.0,,,0.0
Ligue 1,Henrique,Lyon,BRA,"DF,MF",29,1994,11,607,2.0,0.0,0.0,6.0,8.0,0.0,17.0,10.0,6.0,,,0.0
Ligue 1,Jake O'Brien,Lyon,IRL,DF,22,2001,27,2369,4.0,1.0,0.0,17.0,10.0,0.0,1.0,11.0,16.0,,,0.0
Ligue 1,Jeffinho,Lyon,BRA,"MF,FW",23,1999,10,308,0.0,0.0,0.0,4.0,5.0,1.0,2.0,0.0,4.0,,,0.0
Ligue 1,Johann Lepenant,Lyon,FRA,MF,20,2002,6,253,1.0,0.0,0.0,6.0,3.0,0.0,2.0,4.0,3.0,,,0.0
Ligue 1,Mahamadou Diawara,Lyon,FRA,MF,18,2005,11,358,2.0,0.0,0.0,10.0,7.0,0.0,2.0,4.0,6.0,,,0.0
Ligue 1,Malick Fofana,Lyon,BEL,"FW,MF",18,2005,17,559,0.0,0.0,0.0,3.0,12.0,0.0,20.0,5.0,4.0,,,0.0
Ligue 1,Mama Samba Baldé,Lyon,GNB,FW,27,1995,20,551,1.0,0.0,0.0,8.0,8.0,4.0,5.0,3.0,5.0,,,0.0
Ligue 1,Mamadou Sarr,Lyon,SEN,DF,17,2005,1,8,0.0,0.0,0.0,0.0,0.0,0.0,0.0,0.0,0.0,,,0.0
Ligue 1,Maxence Caqueret,Lyon,FRA,MF,23,2000,34,3022,1.0,0.0,0.0,34.0,30.0,1.0,88.0,48.0,64.0,,,0.0
Ligue 1,Mohamed El Arouch,Lyon,FRA,MF,19,2004,1,2,0.0,0.0,0.0,0.0,0.0,0.0,0.0,0.0,0.0,,,0.0
Ligue 1,Nemanja Matić,Lyon,SRB,MF,34,1988,15,1254,2.0,0.0,0.0,8.0,8.0,0.0,4.0,16.0,11.0,,,1.0
Ligue 1,Nicolás Tagliafico,Lyon,ARG,"DF,MF",30,1992,25,2123,7.0,1.0,1.0,37.0,33.0,0.0,40.0,28.0,34.0,,,0.0
Ligue 1,Orel Mangala,Lyon,BEL,MF,25,1998,8,398,0.0,0.0,0.0,11.0,4.0,0.0,2.0,5.0,3.0,,,0.0
Ligue 1,Paul Akouokou,Lyon,CIV,MF,25,1997,8,307,1.0,0.0,0.0,9.0,3.0,0.0,0.0,6.0,9.0,,,0.0
Ligue 1,Rayan Cherki,Lyon,FRA,"MF,FW",19,2003,33,1719,0.0,0.0,0.0,10.0,31.0,2.0,71.0,7.0,15.0,,,0.0
Ligue 1,Rémy Riou,Lyon,FRA,GK,35,1987,3,270,0.0,0.0,0.0,0.0,1.0,0.0,0.0,0.0,0.0,,,0.0
Ligue 1,Sael Kumbedi,Lyon,FRA,"DF,MF",18,2005,17,924,3.0,0.0,0.0,23.0,12.0,2.0,28.0,13.0,19.0,,,0.0
Ligue 1,Saïd Benrahma,Lyon,ALG,"FW,MF",27,1995,12,770,2.0,0.0,0.0,2.0,10.0,7.0,67.0,1.0,7.0,,,0.0
Ligue 1,Sinaly Diomande,Lyon,CIV,DF,22,2001,10,889,2.0,0.0,0.0,11.0,8.0,0.0,1.0,15.0,4.0,,,0.0
Ligue 1,Skelly Alvero,Lyon,FRA,MF,21,2002,8,426,2.0,0.0,0.0,12.0,3.0,0.0,2.0,2.0,7.0,,,0.0
Ligue 1,Tino Kadewere,Lyon,ZIM,FW,27,1996,11,296,0.0,0.0,0.0,6.0,2.0,2.0,2.0,4.0,1.0,,,0.0
Ligue 1,Amine Harit,Marseille,MAR,MF,26,1997,28,1821,5.0,0.0,0.0,19.0,51.0,1.0,39.0,12.0,16.0,,,0.0
Ligue 1,Azzedine Ounahi,Marseille,MAR,MF,23,2000,21,1209,3.0,0.0,0.0,15.0,24.0,1.0,22.0,10.0,11.0,,,0.0
Ligue 1,Bamo Meïté,Marseille,CIV,DF,21,2001,16,638,1.0,0.0,0.0,10.0,6.0,0.0,4.0,11.0,10.0,,,0.0
Ligue 1,Bilal Nadir,Marseille,MAR,MF,19,2003,5,113,1.0,0.0,0.0,4.0,2.0,0.0,0.0,2.0,3.0,,,0.0
Ligue 1,Chancel Mbemba,Marseille,COD,DF,28,1994,25,2207,1.0,0.0,0.0,21.0,9.0,2.0,15.0,13.0,21.0,,,1.0
Ligue 1,Emran Soglo,Marseille,FRA,MF,18,2005,3,109,1.0,0.0,0.0,2.0,2.0,1.0,5.0,1.0,1.0,,,0.0
Ligue 1,Faris Pemi Moumbagna,Marseille,CMR,FW,23,2000,13,547,2.0,1.0,1.0,12.0,11.0,4.0,4.0,3.0,1.0,,,0.0
Ligue 1,François Mughe,Marseille,CMR,MF,19,2004,5,177,1.0,0.0,0.0,3.0,8.0,0.0,7.0,1.0,0.0,,,0.0
Ligue 1,Geoffrey Kondogbia,Marseille,CTA,MF,30,1993,26,1463,3.0,0.0,0.0,25.0,29.0,2.0,2.0,29.0,30.0,,,0.0
Ligue 1,Iliman Ndiaye,Marseille,SEN,"FW,MF",23,2000,30,1618,0.0,1.0,0.0,22.0,26.0,4.0,19.0,6.0,19.0,,,0.0
Ligue 1,Ismaila Sarr,Marseille,SEN,"MF,FW",25,1998,23,1447,1.0,0.0,0.0,16.0,42.0,7.0,39.0,13.0,8.0,,,0.0
Ligue 1,Jean Onana,Marseille,CMR,MF,23,2000,13,566,1.0,0.0,0.0,15.0,8.0,0.0,2.0,11.0,14.0,,,0.0
Ligue 1,Joaquín Correa,Marseille,ARG,"MF,FW",28,1994,12,430,2.0,0.0,0.0,6.0,5.0,0.0,1.0,1.0,5.0,,,0.0
Ligue 1,Jonathan Clauss,Marseille,FRA,"DF,MF",30,1992,27,2068,2.0,1.0,0.0,11.0,17.0,3.0,160.0,36.0,20.0,,,0.0
Ligue 1,Jordan Veretout,Marseille,FRA,MF,30,1993,29,2183,4.0,0.0,0.0,22.0,14.0,1.0,113.0,14.0,21.0,,,0.0
Ligue 1,Keyliane Abdallah,Marseille,FRA,FW,17,2006,1,4,0.0,0.0,0.0,0.0,0.0,0.0,0.0,0.0,0.0,,,0.0
Ligue 1,Leonardo Balerdi,Marseille,ARG,DF,24,1999,27,2271,6.0,1.0,1.0,25.0,24.0,1.0,3.0,51.0,50.0,,,0.0
Ligue 1,Luis Henrique,Marseille,BRA,"FW,MF",21,2001,15,784,0.0,0.0,0.0,2.0,2.0,6.0,27.0,8.0,7.0,,,0.0
Ligue 1,Mattéo Guendouzi,Marseille,FRA,MF,24,1999,2,19,0.0,0.0,0.0,0.0,1.0,0.0,1.0,0.0,0.0,,,0.0
Ligue 1,Michael Amir Murillo,Marseille,PAN,"DF,MF",27,1996,16,997,3.0,0.0,0.0,10.0,10.0,6.0,16.0,11.0,11.0,,,0.0
Ligue 1,Noam Mayoka-Tika,Marseille,BEL,MF,19,2003,1,1,0.0,0.0,0.0,1.0,0.0,0.0,0.0,0.0,0.0,,,0.0
Ligue 1,Pape Gueye,Marseille,SEN,"MF,DF",24,1999,15,765,2.0,0.0,0.0,20.0,18.0,1.0,9.0,13.0,21.0,,,0.0
Ligue 1,Pau López,Marseille,ESP,GK,28,1994,33,2939,1.0,0.0,0.0,0.0,12.0,0.0,0.0,0.0,0.0,,,0.0
Ligue 1,Pierre-Emerick Aubameyang,Marseille,GAB,FW,34,1989,34,2622,4.0,0.0,0.0,9.0,20.0,21.0,43.0,9.0,15.0,,,0.0
Ligue 1,Quentin Merlin,Marseille,FRA,"DF,MF",21,2002,10,703,1.0,0.0,0.0,10.0,15.0,0.0,39.0,6.0,13.0,,,0.0
Ligue 1,Raimane Daou,Marseille,COM,DF,18,2004,1,25,0.0,0.0,0.0,2.0,0.0,0.0,0.0,0.0,1.0,,,0.0
Ligue 1,Renan Lodi,Marseille,BRA,"DF,MF",25,1998,14,1235,6.0,0.0,0.0,27.0,17.0,1.0,70.0,16.0,17.0,,,0.0
Ligue 1,Rubén Blanco,Marseille,ESP,GK,28,1995,2,121,0.0,0.0,0.0,0.0,0.0,0.0,0.0,0.0,0.0,,,0.0
Ligue 1,Samuel Gigot,Marseille,FRA,DF,29,1993,21,1726,7.0,1.0,0.0,21.0,14.0,1.0,6.0,25.0,22.0,,,0.0
Ligue 1,Sofiane Sidi Ali,Marseille,FRA,FW,28,1995,2,18,0.0,0.0,0.0,1.0,0.0,0.0,0.0,2.0,0.0,,,0.0
Ligue 1,Ulisses Garcia,Marseille,SUI,"DF,MF",27,1996,13,906,0.0,0.0,0.0,14.0,11.0,0.0,48.0,7.0,16.0,,,0.0
Ligue 1,Valentin Rongier,Marseille,FRA,MF,28,1994,10,851,2.0,0.0,0.0,13.0,5.0,0.0,3.0,14.0,12.0,,,0.0
Ligue 1,Vitinha,Marseille,POR,FW,23,2000,18,923,1.0,0.0,0.0,16.0,23.0,6.0,18.0,5.0,8.0,,,0.0
Ligue 1,Ablie Jallow,Metz,GAM,"MF,FW",24,1998,17,918,1.0,0.0,0.0,8.0,14.0,0.0,23.0,8.0,6.0,,,0.0
Ligue 1,Abou Lô,Metz,SEN,"MF,DF",23,2000,6,197,0.0,1.0,0.0,3.0,2.0,0.0,0.0,4.0,1.0,,,0.0
Ligue 1,Alexandre Oukidja,Metz,ALG,GK,35,1988,34,2987,3.0,0.0,0.0,1.0,7.0,0.0,0.0,3.0,1.0,,,0.0
Ligue 1,Arthur Atta,Metz,FRA,MF,20,2003,21,924,0.0,0.0,0.0,18.0,12.0,4.0,10.0,9.0,13.0,,,0.0
Ligue 1,Benjamin Tetteh,Metz,GHA,FW,26,1997,12,278,2.0,0.0,0.0,4.0,4.0,5.0,1.0,0.0,5.0,,,0.0
Ligue 1,Cheikh Tidiane Sabaly,Metz,SEN,"MF,FW",24,1999,29,1379,4.0,0.0,0.0,24.0,27.0,6.0,14.0,9.0,22.0,,,0.0
Ligue 1,Christophe Hérelle,Metz,MTQ,DF,30,1992,19,1617,4.0,1.0,0.0,14.0,33.0,0.0,1.0,18.0,16.0,,,0.0
Ligue 1,Danley Jean-Jacques,Metz,HAI,MF,23,2000,33,2682,5.0,0.0,0.0,48.0,23.0,1.0,20.0,39.0,30.0,,,0.0
Ligue 1,Didier Lamkel Zé,Metz,CMR,"FW,MF",26,1996,9,550,1.0,0.0,0.0,14.0,11.0,3.0,14.0,1.0,3.0,,,0.0
Ligue 1,Fali Candé,Metz,GNB,DF,25,1998,25,1849,4.0,0.0,0.0,14.0,16.0,0.0,9.0,21.0,18.0,,,0.0
Ligue 1,Georges Mikautadze,Metz,GEO,FW,22,2000,20,1747,0.0,1.0,0.0,13.0,26.0,1.0,34.0,6.0,2.0,,,0.0
Ligue 1,Guillaume Dietsch,Metz,FRA,GK,22,2001,1,73,0.0,0.0,0.0,0.0,0.0,0.0,0.0,0.0,0.0,,,0.0
Ligue 1,Habib Maïga,Metz,CIV,MF,27,1996,7,147,0.0,0.0,0.0,4.0,2.0,0.0,1.0,3.0,2.0,,,0.0
Ligue 1,Ibou Sané,Metz,SEN,FW,18,2005,9,128,1.0,0.0,0.0,5.0,2.0,1.0,4.0,1.0,4.0,,,0.0
Ligue 1,Ismaël Traoré,Metz,CIV,DF,36,1986,26,2220,2.0,0.0,0.0,23.0,4.0,0.0,0.0,32.0,11.0,,,0.0
Ligue 1,Joel Asoro,Metz,SWE,"MF,FW",24,1999,20,848,2.0,0.0,0.0,18.0,22.0,4.0,19.0,6.0,8.0,,,0.0
Ligue 1,Joseph Nduquidi,Metz,FRA,"MF,DF",18,2004,13,751,2.0,0.0,0.0,14.0,14.0,0.0,0.0,11.0,4.0,,,0.0
Ligue 1,Koffi Kouao,Metz,CIV,DF,25,1998,13,860,2.0,0.0,0.0,16.0,5.0,1.0,16.0,12.0,12.0,,,0.0
Ligue 1,Kévin N'Doram,Metz,FRA,MF,27,1996,23,1604,4.0,0.0,0.0,29.0,21.0,0.0,2.0,27.0,23.0,,,0.0
Ligue 1,Kévin Van Den Kerkhof,Metz,ALG,"MF,FW",27,1996,29,1913,2.0,0.0,0.0,8.0,10.0,6.0,129.0,12.0,25.0,,,0.0
Ligue 1,Lamine Camara,Metz,SEN,MF,19,2004,31,2255,3.0,0.0,0.0,44.0,44.0,1.0,118.0,27.0,43.0,,,0.0
Ligue 1,Malick Mbaye,Metz,SEN,MF,19,2004,5,153,1.0,0.0,0.0,5.0,4.0,0.0,13.0,0.0,1.0,,,0.0
Ligue 1,Matthieu Udol,Metz,FRA,DF,27,1996,30,2700,5.0,0.0,0.0,28.0,21.0,1.0,71.0,44.0,36.0,,,0.0
Ligue 1,Maxime Colin,Metz,FRA,DF,31,1991,22,1832,3.0,0.0,0.0,11.0,8.0,0.0,34.0,22.0,26.0,,,0.0
Ligue 1,N'Guessan Kouadio,Metz,CIV,MF,20,2003,6,110,0.0,0.0,0.0,10.0,5.0,0.0,1.0,1.0,1.0,,,0.0
Ligue 1,Oscar Estupiñan,Metz,COL,FW,26,1996,6,260,0.0,0.0,0.0,6.0,3.0,1.0,1.0,0.0,4.0,,,0.0
Ligue 1,Papa Amadou Diallo,Metz,SEN,"MF,FW",19,2004,16,889,1.0,0.0,0.0,10.0,11.0,4.0,14.0,10.0,9.0,,,0.0
Ligue 1,Sadibou Sané,Metz,SEN,DF,19,2004,14,846,1.0,0.0,0.0,9.0,5.0,1.0,8.0,7.0,11.0,,,0.0
Ligue 1,Simon Elisor,Metz,FRA,FW,24,1999,14,767,1.0,0.0,0.0,17.0,16.0,4.0,4.0,0.0,2.0,,,0.0
Ligue 1,Youssef Maziz,Metz,FRA,MF,25,1998,2,124,0.0,0.0,0.0,1.0,2.0,0.0,4.0,1.0,0.0,,,0.0
Ligue 1,Aleksandr Golovin,Monaco,RUS,MF,27,1996,25,2147,8.0,1.0,0.0,25.0,36.0,3.0,111.0,23.0,29.0,,,0.0
Ligue 1,Antonin Cartillier,Monaco,FRA,DF,19,2004,1,8,0.0,0.0,0.0,0.0,0.0,0.0,0.0,0.0,0.0,,,0.0
Ligue 1,Breel Embolo,Monaco,SUI,FW,26,1997,5,182,0.0,0.0,0.0,3.0,7.0,3.0,1.0,1.0,3.0,,,0.0
Ligue 1,Caio Henrique,Monaco,BRA,"MF,DF",26,1997,9,623,0.0,0.0,0.0,2.0,2.0,1.0,35.0,7.0,8.0,,,0.0
Ligue 1,Chrislain Matsima,Monaco,FRA,DF,21,2002,6,298,2.0,0.0,0.0,10.0,2.0,0.0,0.0,3.0,8.0,,,0.0
Ligue 1,Denis Zakaria,Monaco,SUI,"MF,DF",26,1996,25,2137,13.0,2.0,2.0,33.0,13.0,0.0,9.0,45.0,26.0,,,0.0
Ligue 1,Edan Diop,Monaco,FRA,MF,18,2004,10,163,3.0,0.0,0.0,7.0,3.0,0.0,2.0,1.0,8.0,,,0.0
Ligue 1,Eliesse Ben Seghir,Monaco,MAR,"MF,FW",18,2005,13,428,0.0,1.0,0.0,6.0,19.0,1.0,12.0,2.0,6.0,,,0.0
Ligue 1,Eliot Matazo,Monaco,BEL,MF,21,2002,6,102,2.0,0.0,0.0,5.0,1.0,0.0,1.0,3.0,2.0,,,0.0
Ligue 1,Folarin Balogun,Monaco,USA,FW,22,2001,29,1692,1.0,0.0,0.0,31.0,35.0,14.0,8.0,3.0,3.0,,,0.0
Ligue 1,Guillermo Maripán,Monaco,CHI,DF,29,1994,23,1767,0.0,1.0,0.0,21.0,6.0,1.0,0.0,28.0,9.0,,,0.0
Ligue 1,Ismail Jakobs,Monaco,SEN,"MF,DF",23,1999,22,1466,0.0,0.0,0.0,25.0,18.0,3.0,76.0,12.0,42.0,,,0.0
Ligue 1,Kassoum Ouattara,Monaco,FRA,"DF,MF",18,2004,14,636,2.0,0.0,0.0,10.0,9.0,0.0,35.0,13.0,12.0,,,0.0
Ligue 1,Krépin Diatta,Monaco,SEN,"MF,DF",24,1999,26,1206,2.0,0.0,0.0,18.0,24.0,1.0,39.0,15.0,21.0,,,0.0
Ligue 1,Lucas Michal,Monaco,FRA,FW,18,2005,1,7,0.0,0.0,0.0,1.0,0.0,0.0,0.0,0.0,0.0,,,0.0
Ligue 1,Maghnes Akliouche,Monaco,FRA,MF,21,2002,28,1613,5.0,0.0,0.0,34.0,31.0,1.0,54.0,8.0,23.0,,,0.0
Ligue 1,Mamadou Coulibaly,Monaco,FRA,MF,19,2004,5,118,0.0,0.0,0.0,3.0,2.0,0.0,1.0,0.0,4.0,,,0.0
Ligue 1,Mohamed Camara,Monaco,MLI,MF,23,2000,20,1035,4.0,0.0,0.0,25.0,23.0,0.0,1.0,11.0,20.0,,,0.0
Ligue 1,Mohammed Salisu,Monaco,GHA,DF,24,1999,12,1035,2.0,0.0,0.0,12.0,5.0,1.0,1.0,21.0,12.0,,,0.0
Ligue 1,Myron Boadu,Monaco,NED,FW,22,2001,9,85,0.0,0.0,0.0,3.0,2.0,1.0,0.0,0.0,2.0,,,0.0
Ligue 1,Philipp Köhn,Monaco,SUI,GK,25,1998,22,1980,0.0,0.0,0.0,0.0,1.0,0.0,0.0,2.0,1.0,,,0.0
Ligue 1,Radosław Majecki,Monaco,POL,GK,23,1999,12,1080,1.0,0.0,0.0,0.0,2.0,0.0,0.0,0.0,0.0,,,0.0
Ligue 1,Saïmon Bouabré,Monaco,FRA,MF,17,2006,1,45,0.0,0.0,0.0,1.0,2.0,1.0,0.0,0.0,2.0,,,0.0
Ligue 1,Soungoutou Magassa,Monaco,FRA,DF,19,2003,21,1346,7.0,0.0,0.0,31.0,13.0,1.0,4.0,20.0,29.0,,,0.0
Ligue 1,Takumi Minamino,Monaco,JPN,MF,28,1995,30,2117,4.0,0.0,0.0,29.0,32.0,5.0,32.0,12.0,17.0,,,0.0
Ligue 1,Thilo Kehrer,Monaco,GER,DF,26,1996,15,1323,4.0,1.0,1.0,17.0,5.0,0.0,2.0,27.0,23.0,,,0.0
Ligue 1,Vanderson,Monaco,BRA,"MF,DF",22,2001,20,1641,6.0,1.0,1.0,45.0,17.0,1.0,48.0,34.0,40.0,,,0.0
Ligue 1,Wilfried Singo,Monaco,CIV,DF,22,2000,25,2187,8.0,1.0,0.0,36.0,37.0,2.0,20.0,49.0,25.0,,,1.0
Ligue 1,Wissam Ben Yedder,Monaco,FRA,FW,32,1990,32,2316,2.0,0.0,0.0,11.0,20.0,31.0,9.0,7.0,2.0,,,0.0
Ligue 1,Youssouf Fofana,Monaco,FRA,MF,24,1999,32,2697,3.0,0.0,0.0,37.0,33.0,1.0,12.0,36.0,40.0,,,1.0
Ligue 1,Akor Adams,Montpellier,NGA,FW,23,2000,32,2252,2.0,0.0,0.0,39.0,23.0,26.0,12.0,4.0,5.0,,,0.0
Ligue 1,Arnaud Nordin,Montpellier,FRA,"MF,FW",25,1998,20,1246,1.0,1.0,0.0,13.0,41.0,1.0,35.0,2.0,6.0,,,0.0
Ligue 1,Axel Gueguin,Montpellier,FRA,DF,18,2005,3,132,0.0,0.0,0.0,0.0,3.0,0.0,2.0,2.0,4.0,,,0.0
Ligue 1,Becir Omeragic,Montpellier,SUI,"DF,MF",21,2002,28,2312,4.0,0.0,0.0,18.0,16.0,0.0,3.0,28.0,31.0,,,0.0
Ligue 1,Benjamin Lecomte,Montpellier,FRA,GK,32,1991,30,2700,1.0,0.0,0.0,0.0,2.0,0.0,0.0,0.0,0.0,,,1.0
Ligue 1,Boubakar Kouyaté,Montpellier,MLI,DF,26,1997,23,1928,5.0,1.0,0.0,36.0,21.0,1.0,1.0,28.0,33.0,,,0.0
Ligue 1,Christopher Jullien,Montpellier,FRA,DF,30,1993,20,1233,5.0,0.0,0.0,13.0,5.0,0.0,1.0,11.0,14.0,,,0.0
Ligue 1,Dimitry Bertaud,Montpellier,COD,GK,25,1998,4,360,0.0,0.0,0.0,0.0,0.0,0.0,0.0,0.0,0.0,,,0.0
Ligue 1,Elye Wahi,Montpellier,CIV,FW,20,2003,1,14,0.0,0.0,0.0,0.0,1.0,0.0,0.0,0.0,0.0,,,0.0
Ligue 1,Enzo Tchato,Montpellier,CMR,DF,20,2002,17,1125,2.0,0.0,0.0,15.0,5.0,0.0,49.0,11.0,18.0,,,0.0
Ligue 1,Falaye Sacko,Montpellier,MLI,DF,28,1995,19,1382,0.0,0.0,0.0,8.0,8.0,0.0,28.0,23.0,17.0,,,1.0
Ligue 1,Issiaga Sylla,Montpellier,GUI,"DF,MF",29,1994,19,1455,3.0,0.0,0.0,21.0,10.0,3.0,43.0,22.0,17.0,,,0.0
Ligue 1,Jordan Ferri,Montpellier,FRA,MF,31,1992,30,2031,6.0,0.0,0.0,47.0,43.0,0.0,38.0,12.0,22.0,,,0.0
Ligue 1,Joris Chotard,Montpellier,FRA,MF,21,2001,31,2587,5.0,0.0,0.0,30.0,18.0,0.0,33.0,42.0,50.0,,,0.0
Ligue 1,Kelvin Yeboah,Montpellier,ITA,FW,23,2000,13,276,0.0,0.0,0.0,11.0,8.0,3.0,3.0,1.0,3.0,,,0.0
Ligue 1,Khalil Fayad,Montpellier,FRA,MF,19,2004,23,1025,2.0,0.0,0.0,22.0,24.0,1.0,13.0,14.0,15.0,,,0.0
Ligue 1,Lucas Mincarelli,Montpellier,FRA,"DF,MF",19,2004,13,978,1.0,1.0,0.0,4.0,10.0,0.0,26.0,9.0,16.0,,,0.0
Ligue 1,Léo Leroy,Montpellier,FRA,MF,23,2000,21,499,4.0,0.0,0.0,19.0,5.0,0.0,1.0,7.0,10.0,,,0.0
Ligue 1,Mamadou Sakho,Montpellier,FRA,DF,33,1990,1,7,0.0,0.0,0.0,0.0,0.0,0.0,0.0,0.0,1.0,,,0.0
Ligue 1,Maxime Estève,Montpellier,FRA,DF,21,2002,12,995,2.0,0.0,0.0,11.0,7.0,0.0,2.0,19.0,11.0,,,1.0
Ligue 1,Modibo Sagnan,Montpellier,MLI,DF,24,1999,13,1054,5.0,0.0,0.0,19.0,7.0,0.0,1.0,13.0,23.0,,,0.0
Ligue 1,Musa Al-Taamari,Montpellier,JOR,"MF,FW",26,1997,27,1928,0.0,0.0,0.0,11.0,51.0,7.0,22.0,6.0,17.0,,,0.0
Ligue 1,Othmane Maamma,Montpellier,MAR,FW,17,2005,2,88,0.0,0.0,0.0,0.0,1.0,0.0,4.0,0.0,3.0,,,0.0
Ligue 1,Sacha Delaye,Montpellier,FRA,MF,21,2002,9,130,1.0,0.0,0.0,5.0,1.0,0.0,3.0,0.0,2.0,,,0.0
Ligue 1,Silvan Hefti,Montpellier,SUI,"DF,MF",25,1997,11,711,1.0,0.0,0.0,5.0,8.0,0.0,19.0,7.0,14.0,,,0.0
Ligue 1,Tanguy Coulibaly,Montpellier,FRA,"MF,FW",22,2001,16,623,2.0,0.0,0.0,12.0,14.0,0.0,9.0,2.0,10.0,,,0.0
Ligue 1,Théo Sainte-Luce,Montpellier,FRA,DF,24,1998,6,346,1.0,0.0,0.0,3.0,4.0,0.0,7.0,3.0,8.0,,,0.0
Ligue 1,Téji Savanier,Montpellier,FRA,MF,31,1991,32,2765,8.0,1.0,0.0,42.0,80.0,3.0,230.0,33.0,22.0,,,0.0
Ligue 1,Wahbi Khazri,Montpellier,TUN,"MF,FW",32,1991,25,1131,6.0,0.0,0.0,19.0,23.0,7.0,11.0,4.0,18.0,,,0.0
Ligue 1,Yanis Issoufou,Montpellier,FRA,FW,16,2006,1,13,0.0,0.0,0.0,1.0,1.0,0.0,1.0,0.0,0.0,,,0.0
Ligue 1,Yann Karamoh,Montpellier,FRA,FW,25,1998,12,284,1.0,0.0,0.0,7.0,7.0,2.0,5.0,0.0,0.0,,,0.0
Ligue 1,Abdoul Kader Bamba,Nantes,FRA,MF,29,1994,23,611,2.0,0.0,0.0,3.0,35.0,5.0,25.0,3.0,7.0,,,0.0
Ligue 1,Adel Mahamoud,Nantes,COM,FW,20,2003,1,10,0.0,0.0,0.0,0.0,0.0,0.0,0.0,0.0,0.0,,,0.0
Ligue 1,Adson,Nantes,BRA,MF,22,2000,8,238,0.0,0.0,0.0,4.0,4.0,0.0,2.0,2.0,6.0,,,0.0
Ligue 1,Alban Lafont,Nantes,CIV,GK,24,1999,28,2496,2.0,0.0,0.0,1.0,4.0,0.0,0.0,0.0,0.0,,,0.0
Ligue 1,Bastien Meupiyou,Nantes,FRA,DF,17,2006,1,8,0.0,1.0,0.0,1.0,0.0,0.0,0.0,0.0,0.0,,,0.0
Ligue 1,Bénie Traoré,Nantes,CIV,FW,20,2002,14,504,1.0,1.0,0.0,10.0,7.0,1.0,20.0,1.0,4.0,,,0.0
Ligue 1,Denis Petrić,Nantes,SRB,GK,35,1988,1,24,0.0,0.0,0.0,0.0,0.0,0.0,0.0,0.0,0.0,,,0.0
Ligue 1,Douglas,Nantes,BRA,MF,26,1997,25,1772,7.0,0.0,0.0,48.0,24.0,0.0,20.0,26.0,42.0,,,0.0
Ligue 1,Enzo Mongo,Nantes,FRA,DF,18,2005,1,10,0.0,0.0,0.0,0.0,0.0,0.0,0.0,1.0,1.0,,,0.0
Ligue 1,Eray Cömert,Nantes,SUI,DF,25,1998,25,1995,5.0,0.0,0.0,26.0,26.0,1.0,3.0,34.0,28.0,,,0.0
Ligue 1,Fabien Centonze,Nantes,FRA,MF,27,1996,3,94,1.0,0.0,0.0,2.0,2.0,0.0,7.0,0.0,1.0,,,0.0
Ligue 1,Florent Mollet,Nantes,FRA,"MF,FW",31,1991,29,2083,4.0,0.0,0.0,32.0,21.0,4.0,142.0,10.0,11.0,,,0.0
Ligue 1,Hugo Boutsingkham,Nantes,FRA,DF,20,2003,2,11,0.0,0.0,0.0,0.0,0.0,0.0,0.0,0.0,0.0,,,0.0
Ligue 1,Ignatius Ganago,Nantes,CMR,"MF,FW",24,1999,6,184,0.0,0.0,0.0,2.0,6.0,1.0,6.0,1.0,0.0,,,0.0
Ligue 1,Jaouen Hadjam,Nantes,ALG,DF,20,2003,8,112,0.0,0.0,0.0,4.0,1.0,0.0,12.0,3.0,4.0,,,0.0
Ligue 1,Jean-Charles Castelletto,Nantes,CMR,DF,28,1995,28,2464,5.0,0.0,0.0,33.0,18.0,2.0,20.0,32.0,29.0,,,0.0
Ligue 1,Jean-Kevin Duverne,Nantes,HAI,DF,26,1997,19,1348,5.0,0.0,0.0,29.0,16.0,0.0,13.0,17.0,20.0,,,0.0
Ligue 1,Kelvin Amian,Nantes,FRA,DF,25,1998,12,798,2.0,0.0,0.0,13.0,3.0,0.0,14.0,7.0,6.0,,,0.0
Ligue 1,Lamine Diack,Nantes,SEN,MF,22,2000,1,1,0.0,0.0,0.0,0.0,0.0,0.0,0.0,0.0,0.0,,,0.0
Ligue 1,Marcus Coco,Nantes,FRA,"MF,DF",27,1996,28,1481,2.0,0.0,0.0,23.0,27.0,0.0,45.0,21.0,29.0,,,0.0
Ligue 1,Marquinhos,Nantes,BRA,MF,20,2003,7,154,0.0,0.0,0.0,7.0,6.0,1.0,5.0,5.0,2.0,,,0.0
Ligue 1,Matthis Abline,Nantes,FRA,"FW,MF",20,2003,22,1044,1.0,0.0,0.0,10.0,13.0,6.0,8.0,3.0,3.0,,,0.0
Ligue 1,Moses Simon,Nantes,NGA,"MF,FW",28,1995,22,1788,0.0,0.0,0.0,14.0,29.0,4.0,115.0,3.0,5.0,,,0.0
Ligue 1,Mostafa Mohamed,Nantes,EGY,FW,25,1997,29,2002,3.0,1.0,0.0,34.0,36.0,11.0,14.0,12.0,15.0,,,0.0
Ligue 1,Moussa Sissoko,Nantes,FRA,MF,33,1989,26,1821,7.0,0.0,0.0,40.0,3.0,2.0,18.0,12.0,15.0,,,0.0
Ligue 1,Nathan Zeze,Nantes,FRA,DF,18,2005,13,1022,1.0,0.0,0.0,8.0,7.0,0.0,1.0,12.0,6.0,,,0.0
Ligue 1,Nicolas Cozza,Nantes,FRA,"DF,MF",24,1999,13,895,2.0,0.0,0.0,9.0,19.0,1.0,13.0,14.0,24.0,,,0.0
Ligue 1,Nicolas Pallois,Nantes,FRA,DF,35,1987,23,1589,5.0,0.0,0.0,20.0,8.0,1.0,13.0,25.0,21.0,,,0.0
Ligue 1,Pedro Chirivella,Nantes,ESP,MF,26,1997,32,2594,5.0,0.0,0.0,26.0,22.0,2.0,29.0,31.0,28.0,,,0.0
Ligue 1,Quentin Merlin,Nantes,FRA,"MF,DF",21,2002,16,1283,0.0,0.0,0.0,10.0,10.0,3.0,62.0,19.0,22.0,,,0.0
Ligue 1,Ronaël Pierre-Gabriel,Nantes,FRA,"DF,MF",25,1998,12,598,3.0,0.0,0.0,4.0,4.0,0.0,9.0,8.0,12.0,,,0.0
Ligue 1,Rémy Descamps,Nantes,FRA,GK,27,1996,6,540,1.0,0.0,0.0,0.0,2.0,0.0,0.0,0.0,0.0,,,0.0
Ligue 1,Samuel Moutoussamy,Nantes,COD,MF,26,1996,26,1107,2.0,0.0,0.0,21.0,12.0,1.0,2.0,10.0,19.0,,,0.0
Ligue 1,Stredair Appuah,Nantes,FRA,FW,19,2004,4,84,0.0,0.0,0.0,1.0,0.0,0.0,2.0,1.0,0.0,,,0.0
Ligue 1,Tino Kadewere,Nantes,ZIM,"FW,MF",27,1996,14,781,1.0,0.0,0.0,13.0,10.0,5.0,6.0,10.0,4.0,,,0.0
Ligue 1,Alexis Claude-Maurice,Nice,FRA,MF,25,1998,18,504,1.0,0.0,0.0,16.0,8.0,1.0,26.0,5.0,5.0,,,0.0
Ligue 1,Aliou Badara Baldé,Nice,GUI,FW,20,2002,7,69,0.0,0.0,0.0,2.0,2.0,0.0,4.0,3.0,1.0,,,0.0
Ligue 1,Antoine Mendy,Nice,SEN,DF,19,2004,10,418,0.0,0.0,0.0,4.0,5.0,0.0,4.0,8.0,5.0,,,0.0
Ligue 1,Badredine Bouanani,Nice,ALG,FW,18,2004,7,161,0.0,0.0,0.0,4.0,5.0,1.0,8.0,3.0,2.0,,,0.0
Ligue 1,Bilal Brahimi,Nice,ALG,"FW,MF",23,2000,2,11,0.0,0.0,0.0,0.0,0.0,0.0,2.0,0.0,0.0,,,0.0
Ligue 1,Dante,Nice,BRA,DF,39,1983,32,2843,5.0,1.0,0.0,42.0,17.0,0.0,10.0,35.0,30.0,,,0.0
Ligue 1,Daouda Traoré,Nice,FRA,MF,17,2006,1,16,0.0,0.0,0.0,0.0,0.0,1.0,0.0,0.0,0.0,,,0.0
Ligue 1,Evann Guessand,Nice,CIV,FW,22,2001,34,1553,1.0,0.0,0.0,32.0,47.0,5.0,11.0,12.0,8.0,,,0.0
Ligue 1,Gaëtan Laborde,Nice,FRA,"FW,MF",29,1994,34,1906,2.0,0.0,0.0,26.0,8.0,4.0,63.0,6.0,12.0,,,0.0
Ligue 1,Hicham Boudaoui,Nice,ALG,MF,23,1999,29,1613,5.0,0.0,0.0,25.0,29.0,1.0,23.0,10.0,22.0,,,0.0
Ligue 1,Jean-Clair Todibo,Nice,FRA,DF,23,1999,30,2651,2.0,1.0,0.0,25.0,18.0,0.0,12.0,37.0,29.0,,,1.0
Ligue 1,Jeremie Boga,Nice,CIV,"FW,MF",26,1997,28,1998,1.0,0.0,0.0,7.0,24.0,9.0,87.0,8.0,6.0,,,0.0
Ligue 1,Jordan Lotomba,Nice,SUI,"DF,MF",24,1998,28,1804,4.0,0.0,0.0,12.0,25.0,0.0,20.0,16.0,27.0,,,0.0
Ligue 1,Khéphren Thuram,Nice,FRA,MF,22,2001,27,2108,7.0,0.0,0.0,34.0,22.0,2.0,20.0,17.0,28.0,,,0.0
Ligue 1,Marcin Bułka,Nice,POL,GK,23,1999,34,3060,2.0,0.0,0.0,0.0,4.0,0.0,0.0,0.0,0.0,,,0.0
Ligue 1,Melvin Bard,Nice,FRA,DF,22,2000,32,2654,7.0,1.0,0.0,40.0,24.0,1.0,70.0,42.0,40.0,,,0.0
Ligue 1,Mohamed Ali Cho,Nice,FRA,FW,19,2004,17,861,2.0,0.0,0.0,16.0,22.0,3.0,44.0,2.0,9.0,,,0.0
Ligue 1,Morgan Sanson,Nice,FRA,MF,28,1994,29,1964,4.0,0.0,0.0,30.0,34.0,2.0,111.0,20.0,18.0,,,0.0
Ligue 1,Pablo Rosario,Nice,DOM,"MF,DF",26,1997,30,2009,4.0,0.0,0.0,18.0,19.0,1.0,6.0,28.0,26.0,,,0.0
Ligue 1,Reda Belahyane,Nice,MAR,MF,19,2004,1,27,0.0,0.0,0.0,0.0,0.0,0.0,0.0,0.0,0.0,,,0.0
Ligue 1,Romain Perraud,Nice,FRA,DF,25,1997,19,370,2.0,0.0,0.0,4.0,8.0,0.0,21.0,5.0,6.0,,,0.0
Ligue 1,Sofiane Diop,Nice,MAR,"FW,MF",23,2000,10,499,0.0,0.0,0.0,9.0,12.0,8.0,13.0,3.0,5.0,,,0.0
Ligue 1,Terem Moffi,Nice,NGA,FW,24,1999,30,1949,4.0,0.0,0.0,32.0,19.0,13.0,7.0,3.0,4.0,,,0.0
Ligue 1,Tom Louchet,Nice,FRA,"MF,FW",20,2003,13,409,1.0,0.0,0.0,7.0,4.0,0.0,34.0,3.0,5.0,,,0.0
Ligue 1,Valentin Rosier,Nice,FRA,"DF,MF",26,1996,3,53,0.0,0.0,0.0,0.0,1.0,0.0,0.0,2.0,0.0,,,0.0
Ligue 1,Youcef Atal,Nice,ALG,DF,27,1996,6,359,2.0,0.0,0.0,3.0,4.0,0.0,6.0,3.0,3.0,,,0.0
Ligue 1,Youssouf Ndayishimiye,Nice,BDI,"MF,DF",24,1998,23,1712,6.0,1.0,0.0,15.0,12.0,0.0,1.0,13.0,20.0,,,0.0
Ligue 1,Achraf Hakimi,PSG,MAR,"DF,MF",24,1998,25,1932,3.0,0.0,0.0,22.0,25.0,3.0,79.0,12.0,18.0,,,0.0
Ligue 1,Arnau Tenas,PSG,ESP,GK,22,2001,6,529,0.0,0.0,0.0,0.0,0.0,0.0,0.0,0.0,0.0,,,0.0
Ligue 1,Bradley Barcola,PSG,FRA,"FW,MF",20,2002,25,1370,3.0,1.0,1.0,22.0,12.0,4.0,18.0,10.0,17.0,,,0.0
Ligue 1,Carlos Soler,PSG,ESP,"MF,DF",26,1997,24,1090,1.0,0.0,0.0,11.0,10.0,1.0,23.0,5.0,10.0,,,0.0
Ligue 1,Cher Ndour,PSG,ITA,MF,19,2004,3,28,1.0,0.0,0.0,1.0,0.0,0.0,0.0,0.0,1.0,,,0.0
Ligue 1,Danilo Pereira,PSG,POR,DF,31,1991,26,1995,2.0,0.0,0.0,14.0,11.0,1.0,1.0,24.0,12.0,,,0.0
Ligue 1,Ethan Mbappé,PSG,FRA,MF,16,2006,3,48,0.0,0.0,0.0,1.0,1.0,0.0,1.0,0.0,0.0,,,0.0
Ligue 1,Fabián Ruiz Peña,PSG,ESP,MF,27,1996,21,1197,3.0,0.0,0.0,6.0,11.0,1.0,11.0,12.0,23.0,,,0.0
Ligue 1,Gianluigi Donnarumma,PSG,ITA,GK,24,1999,25,2169,3.0,1.0,0.0,2.0,0.0,0.0,0.0,1.0,0.0,,,0.0
Ligue 1,Gonçalo Ramos,PSG,POR,FW,22,2001,29,1419,1.0,0.0,0.0,19.0,22.0,3.0,3.0,4.0,15.0,,,0.0
Ligue 1,Hugo Ekitike,PSG,FRA,FW,21,2002,1,9,0.0,0.0,0.0,1.0,0.0,0.0,0.0,0.0,0.0,,,0.0
Ligue 1,Keylor Navas,PSG,CRC,GK,36,1986,4,360,0.0,0.0,0.0,0.0,0.0,0.0,0.0,1.0,0.0,,,0.0
Ligue 1,Kylian Mbappé,PSG,FRA,FW,24,1998,29,2158,4.0,0.0,0.0,19.0,38.0,20.0,23.0,2.0,1.0,,,0.0
Ligue 1,Layvin Kurzawa,PSG,FRA,DF,30,1992,1,9,0.0,0.0,0.0,0.0,0.0,0.0,0.0,0.0,0.0,,,0.0
Ligue 1,Lee Kang-in,PSG,KOR,"MF,FW",22,2001,23,1464,2.0,0.0,0.0,17.0,21.0,1.0,97.0,5.0,12.0,,,0.0
Ligue 1,Lucas Beraldo,PSG,BRA,DF,19,2003,13,1008,4.0,1.0,0.0,12.0,13.0,0.0,2.0,20.0,14.0,,,0.0
Ligue 1,Lucas Hernández,PSG,FRA,DF,27,1996,27,1909,6.0,0.0,0.0,24.0,30.0,1.0,19.0,26.0,36.0,,,0.0
Ligue 1,Manuel Ugarte,PSG,URU,MF,22,2001,25,1932,5.0,0.0,0.0,47.0,27.0,0.0,4.0,40.0,55.0,,,0.0
Ligue 1,Marco Asensio,PSG,ESP,"MF,FW",27,1996,19,1113,0.0,0.0,0.0,8.0,10.0,0.0,52.0,5.0,10.0,,,0.0
Ligue 1,Marquinhos,PSG,BRA,DF,29,1994,21,1537,1.0,0.0,0.0,3.0,3.0,2.0,0.0,17.0,11.0,,,0.0
Ligue 1,Milan Škriniar,PSG,SVK,DF,28,1995,24,1629,1.0,0.0,0.0,14.0,10.0,0.0,1.0,12.0,18.0,,,0.0
Ligue 1,Nordi Mukiele,PSG,FRA,DF,25,1997,16,796,2.0,0.0,0.0,13.0,10.0,1.0,3.0,14.0,8.0,,,0.0
Ligue 1,Nuno Mendes,PSG,POR,DF,21,2002,6,267,3.0,0.0,0.0,6.0,1.0,0.0,7.0,4.0,5.0,,,0.0
Ligue 1,Ousmane Dembélé,PSG,FRA,"FW,MF",26,1997,26,1506,0.0,0.0,0.0,7.0,27.0,6.0,99.0,5.0,14.0,,,0.0
Ligue 1,Randal Kolo Muani,PSG,FRA,"FW,MF",24,1998,26,1268,1.0,0.0,0.0,33.0,26.0,6.0,9.0,3.0,8.0,,,0.0
Ligue 1,Senny Mayulu,PSG,FRA,"MF,FW",17,2006,8,324,0.0,0.0,0.0,8.0,3.0,1.0,13.0,3.0,8.0,,,0.0
Ligue 1,Vitinha,PSG,POR,MF,23,2000,28,2126,0.0,0.0,0.0,17.0,16.0,1.0,37.0,22.0,23.0,,,0.0
Ligue 1,Warren Zaïre-Emery,PSG,FRA,"MF,DF",17,2006,26,1962,4.0,0.0,0.0,21.0,30.0,1.0,9.0,14.0,28.0,,,0.0
Ligue 1,Yoram Zague,PSG,FRA,DF,17,2006,5,373,1.0,0.0,0.0,5.0,3.0,0.0,2.0,4.0,8.0,,,0.0
Ligue 1,Abdoul Koné,Reims,FRA,DF,18,2005,3,193,1.0,0.0,0.0,2.0,4.0,0.0,1.0,2.0,7.0,,,0.0
Ligue 1,Adama Bojang,Reims,GAM,FW,19,2004,9,83,1.0,0.0,0.0,4.0,1.0,1.0,1.0,0.0,1.0,,,0.0
Ligue 1,Amadou Koné,Reims,MLI,MF,18,2005,16,475,4.0,1.0,1.0,7.0,20.0,0.0,1.0,10.0,8.0,,,0.0
Ligue 1,Amine Salama,Reims,FRA,FW,23,2000,11,313,0.0,0.0,0.0,3.0,3.0,6.0,5.0,1.0,0.0,,,0.0
Ligue 1,Amir Richardson,Reims,MAR,MF,21,2002,28,1352,4.0,0.0,0.0,31.0,23.0,0.0,13.0,12.0,23.0,,,0.0
Ligue 1,Azor Matusiwa,Reims,NED,MF,25,1998,16,1385,3.0,0.0,0.0,16.0,10.0,0.0,0.0,32.0,26.0,,,0.0
Ligue 1,Benjamin Stambouli,Reims,FRA,MF,32,1990,7,286,4.0,0.0,0.0,7.0,0.0,0.0,2.0,2.0,7.0,,,0.0
Ligue 1,Christ Mbondi,Reims,FRA,FW,18,2004,1,2,0.0,0.0,0.0,0.0,0.0,0.0,0.0,0.0,1.0,,,0.0
Ligue 1,Emmanuel Agbadou,Reims,CIV,DF,26,1997,32,2596,1.0,0.0,0.0,31.0,10.0,2.0,6.0,52.0,41.0,,,0.0
Ligue 1,Ibrahim Diakité,Reims,GUI,DF,19,2003,5,109,0.0,0.0,0.0,5.0,3.0,0.0,9.0,2.0,0.0,,,0.0
Ligue 1,Joseph Okumu,Reims,KEN,DF,26,1997,21,1743,3.0,0.0,0.0,17.0,17.0,0.0,3.0,34.0,28.0,,,0.0
Ligue 1,Josh Wilson-Esbrand,Reims,ENG,"DF,MF",20,2002,11,461,1.0,0.0,0.0,6.0,3.0,1.0,12.0,5.0,5.0,,,0.0
Ligue 1,Junya Itō,Reims,JPN,"FW,MF",30,1993,31,2714,2.0,0.0,0.0,18.0,32.0,19.0,201.0,13.0,15.0,,,0.0
Ligue 1,Keito Nakamura,Reims,JPN,"FW,MF",23,2000,25,1381,1.0,0.0,0.0,23.0,5.0,2.0,23.0,5.0,11.0,,,0.0
Ligue 1,Mamadou Diakhon,Reims,SEN,FW,17,2005,11,209,0.0,0.0,0.0,4.0,11.0,0.0,4.0,1.0,3.0,,,0.0
Ligue 1,Marshall Munetsi,Reims,ZIM,MF,27,1996,27,2173,5.0,0.0,0.0,46.0,26.0,3.0,18.0,12.0,38.0,,,0.0
Ligue 1,Maxime Busi,Reims,BEL,MF,23,1999,5,162,1.0,0.0,0.0,1.0,0.0,0.0,4.0,3.0,0.0,,,0.0
Ligue 1,Mohamed Daramy,Reims,DEN,"FW,MF",21,2002,25,1648,0.0,0.0,0.0,7.0,28.0,9.0,15.0,2.0,10.0,,,0.0
Ligue 1,Oumar Diakité,Reims,CIV,FW,19,2003,28,1585,4.0,0.0,0.0,34.0,27.0,32.0,3.0,7.0,12.0,,,0.0
Ligue 1,Reda Khadra,Reims,GER,"MF,FW",22,2001,29,1368,1.0,0.0,0.0,13.0,9.0,1.0,46.0,0.0,9.0,,,0.0
Ligue 1,Sergio Akieme,Reims,ESP,"DF,MF",25,1997,13,818,2.0,0.0,0.0,16.0,10.0,0.0,21.0,9.0,5.0,,,0.0
Ligue 1,Teddy Teuma,Reims,MLT,MF,29,1993,28,2113,7.0,0.0,0.0,34.0,30.0,1.0,140.0,16.0,35.0,,,0.0
Ligue 1,Therence Koudou,Reims,FRA,DF,18,2004,9,314,3.0,0.0,0.0,9.0,1.0,0.0,14.0,4.0,2.0,,,0.0
Ligue 1,Thibault De Smet,Reims,BEL,"DF,MF",25,1998,27,1831,7.0,1.0,0.0,38.0,9.0,2.0,31.0,20.0,35.0,,,0.0
Ligue 1,Thomas Foket,Reims,BEL,"DF,MF",28,1994,27,1833,9.0,1.0,1.0,25.0,13.0,4.0,38.0,20.0,19.0,,,0.0
Ligue 1,Valentin Atangana Edoa,Reims,FRA,MF,17,2005,15,555,0.0,0.0,0.0,18.0,8.0,0.0,5.0,5.0,12.0,,,0.0
Ligue 1,Yaya Kader Fofana,Reims,MLI,MF,19,2004,4,32,0.0,0.0,0.0,2.0,0.0,1.0,1.0,1.0,3.0,,,0.0
Ligue 1,Yehvann Diouf,Reims,SEN,GK,23,1999,34,3060,1.0,0.0,0.0,0.0,9.0,0.0,0.0,1.0,0.0,,,0.0
Ligue 1,Yunis Abdelhamid,Reims,MAR,DF,35,1987,31,2781,5.0,0.0,0.0,26.0,12.0,0.0,3.0,37.0,35.0,,,1.0
Ligue 1,Adrien Truffert,Rennes,FRA,"DF,MF",21,2001,30,2145,6.0,0.0,0.0,25.0,28.0,4.0,72.0,19.0,22.0,,,0.0
Ligue 1,Alidu Seidu,Rennes,GHA,DF,23,2000,11,593,3.0,0.0,0.0,8.0,14.0,1.0,7.0,8.0,11.0,,,0.0
Ligue 1,Amine Gouiri,Rennes,ALG,"FW,MF",23,2000,31,2067,2.0,0.0,0.0,27.0,23.0,1.0,7.0,13.0,11.0,,,0.0
Ligue 1,Arnaud Kalimuendo,Rennes,FRA,FW,21,2002,30,2139,6.0,0.0,0.0,28.0,50.0,6.0,11.0,4.0,3.0,,,0.0
Ligue 1,Arthur Theate,Rennes,BEL,DF,23,2000,28,2296,4.0,0.0,0.0,16.0,17.0,0.0,11.0,31.0,18.0,,,0.0
Ligue 1,Azor Matusiwa,Rennes,NED,MF,25,1998,12,794,2.0,0.0,0.0,8.0,8.0,0.0,1.0,10.0,4.0,,,0.0
Ligue 1,Baptiste Santamaria,Rennes,FRA,MF,28,1995,30,1926,3.0,0.0,0.0,24.0,25.0,1.0,0.0,33.0,34.0,,,0.0
Ligue 1,Benjamin Bourigeaud,Rennes,FRA,MF,29,1994,32,2425,1.0,0.0,0.0,16.0,13.0,2.0,165.0,22.0,19.0,,,0.0
Ligue 1,Bertuğ Yıldırım,Rennes,TUR,FW,21,2002,21,469,3.0,0.0,0.0,18.0,14.0,4.0,1.0,0.0,5.0,,,0.0
Ligue 1,Birger Meling,Rennes,NOR,DF,28,1994,1,16,0.0,0.0,0.0,0.0,0.0,0.0,0.0,0.0,1.0,,,0.0
Ligue 1,Christopher Wooh,Rennes,CMR,DF,21,2001,18,1388,3.0,1.0,0.0,19.0,11.0,0.0,2.0,18.0,11.0,,,0.0
Ligue 1,Djaoui Cissé,Rennes,FRA,MF,19,2004,2,4,0.0,0.0,0.0,0.0,0.0,0.0,0.0,0.0,0.0,,,0.0
Ligue 1,Désiré Doué,Rennes,FRA,MF,18,2005,31,1626,3.0,0.0,0.0,35.0,55.0,2.0,70.0,14.0,19.0,,,0.0
Ligue 1,Enzo Le Fée,Rennes,FRA,MF,23,2000,25,1527,3.0,0.0,0.0,24.0,18.0,0.0,24.0,18.0,34.0,,,0.0
Ligue 1,Fabian Rieder,Rennes,SUI,MF,21,2002,15,365,0.0,0.0,0.0,10.0,6.0,0.0,8.0,5.0,8.0,,,0.0
Ligue 1,Guéla Doué,Rennes,CIV,DF,20,2002,24,1234,1.0,1.0,0.0,29.0,11.0,0.0,43.0,15.0,21.0,,,0.0
Ligue 1,Ibrahim Salah,Rennes,MAR,"MF,FW",21,2001,23,524,3.0,0.0,0.0,10.0,10.0,1.0,20.0,11.0,7.0,,,0.0
Ligue 1,Jeanuël Belocian,Rennes,FRA,DF,18,2005,23,1448,0.0,0.0,0.0,12.0,15.0,0.0,13.0,13.0,22.0,,,0.0
Ligue 1,Jeremy Doku,Rennes,BEL,FW,21,2002,2,111,0.0,0.0,0.0,2.0,4.0,0.0,1.0,0.0,2.0,,,0.0
Ligue 1,Jérémy Jacquet,Rennes,FRA,DF,18,2005,1,5,0.0,0.0,0.0,0.0,0.0,0.0,0.0,1.0,1.0,,,0.0
Ligue 1,Lorenz Assignon,Rennes,TOG,DF,23,2000,14,1011,4.0,0.0,0.0,22.0,15.0,1.0,22.0,8.0,13.0,,,0.0
Ligue 1,Lovro Majer,Rennes,CRO,"FW,MF",25,1998,1,16,0.0,0.0,0.0,0.0,1.0,0.0,1.0,0.0,0.0,,,0.0
Ligue 1,Ludovic Blas,Rennes,FRA,"MF,FW",25,1997,29,1563,3.0,0.0,0.0,44.0,34.0,3.0,53.0,6.0,14.0,,,0.0
Ligue 1,Mahamadou Nagida,Rennes,CMR,MF,18,2005,3,106,0.0,0.0,0.0,0.0,2.0,0.0,12.0,4.0,1.0,,,0.0
Ligue 1,Martin Terrier,Rennes,FRA,"FW,MF",26,1997,24,1527,2.0,1.0,0.0,13.0,28.0,8.0,6.0,9.0,10.0,,,0.0
Ligue 1,Mathis Lambourde,Rennes,FRA,FW,17,2006,1,10,0.0,0.0,0.0,0.0,1.0,0.0,0.0,0.0,0.0,,,0.0
Ligue 1,Nemanja Matić,Rennes,SRB,MF,34,1988,13,1027,7.0,0.0,0.0,13.0,16.0,1.0,5.0,26.0,8.0,,,0.0
Ligue 1,Steve Mandanda,Rennes,FRA,GK,38,1985,34,3060,1.0,0.0,0.0,1.0,7.0,0.0,0.0,0.0,0.0,,,1.0
Ligue 1,Warmed Omari,Rennes,COM,DF,23,2000,25,2071,5.0,1.0,0.0,20.0,12.0,0.0,0.0,35.0,20.0,,,2.0
Ligue 1,Abakar Sylla,Strasbourg,CIV,DF,20,2002,22,1792,4.0,0.0,0.0,31.0,4.0,1.0,3.0,27.0,23.0,,,1.0
Ligue 1,Aboubacar Ali,Strasbourg,COM,FW,17,2006,9,130,0.0,0.0,0.0,4.0,1.0,0.0,6.0,1.0,0.0,,,0.0
Ligue 1,Alaa Bellaarouch,Strasbourg,MAR,GK,21,2002,15,1350,1.0,0.0,0.0,0.0,3.0,0.0,0.0,0.0,0.0,,,0.0
Ligue 1,Andrey Santos,Strasbourg,BRA,MF,19,2004,11,831,4.0,0.0,0.0,10.0,24.0,1.0,3.0,10.0,19.0,,,0.0
Ligue 1,Dilane Bakwa,Strasbourg,FRA,"MF,FW",20,2002,31,2177,4.0,1.0,0.0,31.0,76.0,3.0,155.0,18.0,25.0,,,0.0
Ligue 1,Eduard Sobol,Strasbourg,UKR,"DF,MF",28,1995,3,25,0.0,0.0,0.0,1.0,1.0,0.0,2.0,0.0,0.0,,,0.0
Ligue 1,Emanuel Emegha,Strasbourg,NED,FW,20,2003,28,2078,3.0,0.0,0.0,26.0,23.0,12.0,1.0,2.0,5.0,,,0.0
Ligue 1,Frederic Guilbert,Strasbourg,FRA,"DF,MF",28,1994,32,2490,3.0,0.0,0.0,35.0,15.0,2.0,85.0,66.0,51.0,,,0.0
Ligue 1,Gerzino Nyamsi,Strasbourg,CMR,DF,26,1997,13,1092,1.0,0.0,0.0,13.0,0.0,0.0,1.0,10.0,15.0,,,0.0
Ligue 1,Habib Diarra,Strasbourg,SEN,"MF,FW",19,2004,31,2305,3.0,0.0,0.0,40.0,42.0,1.0,22.0,15.0,24.0,,,0.0
Ligue 1,Ibrahima Sissoko,Strasbourg,MLI,MF,25,1997,27,1642,7.0,0.0,0.0,44.0,14.0,0.0,2.0,18.0,32.0,,,0.0
Ligue 1,Ismaël Doukouré,Strasbourg,FRA,"MF,DF",20,2003,22,1656,4.0,0.0,0.0,19.0,11.0,0.0,0.0,19.0,15.0,,,1.0
Ligue 1,Jean-Ricner Bellegarde,Strasbourg,HAI,"MF,FW",25,1998,3,269,2.0,0.0,0.0,3.0,8.0,0.0,8.0,4.0,3.0,,,0.0
Ligue 1,Jessy Deminguet,Strasbourg,FRA,"MF,FW",25,1998,18,690,1.0,0.0,0.0,16.0,9.0,1.0,9.0,8.0,8.0,,,0.0
Ligue 1,Junior Mwanga,Strasbourg,FRA,"MF,FW",20,2003,22,1450,3.0,0.0,0.0,22.0,22.0,1.0,4.0,16.0,21.0,,,0.0
Ligue 1,Jérémy Sebas,Strasbourg,MTQ,"MF,FW",20,2003,14,399,0.0,0.0,0.0,5.0,4.0,0.0,4.0,1.0,1.0,,,0.0
Ligue 1,Kévin Gameiro,Strasbourg,FRA,"FW,MF",36,1987,27,1346,0.0,0.0,0.0,3.0,6.0,3.0,10.0,3.0,10.0,,,0.0
Ligue 1,Lebo Mothiba,Strasbourg,RSA,FW,27,1996,15,617,0.0,0.0,0.0,13.0,11.0,4.0,1.0,0.0,2.0,,,0.0
Ligue 1,Lucas Perrin,Strasbourg,FRA,DF,24,1998,31,2723,3.0,0.0,0.0,33.0,28.0,1.0,5.0,28.0,28.0,,,1.0
Ligue 1,Marvin Senaya,Strasbourg,GHA,"DF,MF",22,2001,32,2138,5.0,1.0,1.0,36.0,51.0,0.0,78.0,39.0,51.0,,,0.0
Ligue 1,Matz Sels,Strasbourg,BEL,GK,31,1992,19,1710,2.0,0.0,0.0,0.0,3.0,0.0,0.0,0.0,0.0,,,0.0
Ligue 1,Mohamed Bechikh,Strasbourg,FRA,FW,18,2005,2,14,0.0,0.0,0.0,0.0,0.0,0.0,0.0,0.0,0.0,,,0.0
Ligue 1,Moïse Sahi Dion,Strasbourg,CIV,"MF,FW",21,2001,18,628,0.0,0.0,0.0,11.0,1.0,2.0,5.0,1.0,5.0,,,0.0
Ligue 1,Patrick Ouotro,Strasbourg,CIV,FW,17,2005,1,8,0.0,0.0,0.0,0.0,0.0,0.0,0.0,0.0,0.0,,,0.0
Ligue 1,Rabby Nzingoula,Strasbourg,FRA,MF,17,2005,6,133,1.0,0.0,0.0,6.0,2.0,0.0,3.0,5.0,3.0,,,0.0
Ligue 1,Saidou Sow,Strasbourg,GUI,DF,21,2002,10,719,2.0,0.0,0.0,8.0,10.0,0.0,0.0,12.0,11.0,,,0.0
Ligue 1,Sanjin Prcić,Strasbourg,BIH,MF,29,1993,3,88,0.0,0.0,0.0,0.0,1.0,0.0,0.0,3.0,0.0,,,0.0
Ligue 1,Steven Baseya,Strasbourg,FRA,DF,18,2005,2,6,0.0,0.0,0.0,0.0,0.0,0.0,0.0,0.0,1.0,,,0.0
Ligue 1,Thomas Delaine,Strasbourg,FRA,"MF,DF",31,1992,27,2044,5.0,0.0,0.0,40.0,20.0,1.0,104.0,17.0,20.0,,,0.0
Ligue 1,Ângelo,Strasbourg,BRA,"MF,FW",18,2004,21,1094,1.0,0.0,0.0,12.0,22.0,2.0,42.0,9.0,12.0,,,0.0
Ligue 1,Aron Dønnum,Toulouse,NOR,"MF,FW",25,1998,27,1595,8.0,0.0,0.0,31.0,36.0,4.0,29.0,8.0,11.0,,,0.0
Ligue 1,Christian Mawissa,Toulouse,FRA,"DF,MF",18,2005,17,1118,3.0,0.0,0.0,13.0,9.0,0.0,3.0,20.0,15.0,,,0.0
Ligue 1,Cristian Cásseres Jr.,Toulouse,VEN,MF,23,2000,32,1946,1.0,0.0,0.0,42.0,36.0,0.0,22.0,27.0,35.0,,,0.0
Ligue 1,Denis Genreau,Toulouse,AUS,MF,24,1999,9,464,0.0,0.0,0.0,9.0,9.0,0.0,7.0,6.0,9.0,,,0.0
Ligue 1,Fares Chaïbi,Toulouse,ALG,"FW,MF",20,2002,2,58,1.0,0.0,0.0,1.0,0.0,0.0,7.0,0.0,0.0,,,0.0
Ligue 1,Frank Magri,Toulouse,CMR,"FW,MF",23,1999,29,1438,5.0,0.0,0.0,41.0,23.0,3.0,16.0,4.0,14.0,,,0.0
Ligue 1,Gabriel Suazo,Toulouse,CHI,"DF,MF",25,1997,31,2357,5.0,0.0,0.0,23.0,29.0,3.0,100.0,25.0,32.0,,,0.0
Ligue 1,Gelabert,Toulouse,ESP,"MF,FW",22,2000,16,754,1.0,0.0,0.0,10.0,14.0,0.0,9.0,4.0,8.0,,,0.0
Ligue 1,Guillaume Restes,Toulouse,FRA,GK,18,2005,34,3060,3.0,0.0,0.0,1.0,11.0,0.0,0.0,0.0,0.0,,,0.0
Ligue 1,Ibrahim Cissoko,Toulouse,NED,MF,20,2003,11,241,1.0,0.0,0.0,1.0,6.0,2.0,20.0,2.0,3.0,,,0.0
Ligue 1,Kévin Keben,Toulouse,CMR,"DF,MF",19,2004,8,521,1.0,0.0,0.0,10.0,5.0,0.0,3.0,8.0,3.0,,,0.0
Ligue 1,Logan Costa,Toulouse,CPV,DF,22,2001,31,2650,6.0,0.0,0.0,38.0,10.0,1.0,13.0,24.0,24.0,,,0.0
Ligue 1,Mamady Bangré,Toulouse,BFA,MF,22,2001,8,101,2.0,0.0,0.0,3.0,1.0,1.0,4.0,4.0,3.0,,,0.0
Ligue 1,Mikkel Desler,Toulouse,DEN,"DF,MF",28,1995,24,1544,2.0,0.0,0.0,17.0,20.0,1.0,30.0,18.0,11.0,,,0.0
Ligue 1,Moussa Diarra,Toulouse,MLI,DF,22,2000,22,1397,5.0,0.0,0.0,22.0,18.0,0.0,16.0,19.0,11.0,,,0.0
Ligue 1,Naatan Skyttä,Toulouse,FIN,MF,21,2002,8,120,0.0,0.0,0.0,1.0,2.0,0.0,2.0,0.0,4.0,,,0.0
Ligue 1,Niklas Schmidt,Toulouse,GER,MF,25,1998,22,1269,4.0,0.0,0.0,16.0,10.0,0.0,50.0,6.0,22.0,,,0.0
Ligue 1,Rasmus Nicolaisen,Toulouse,DEN,DF,26,1997,33,2925,6.0,1.0,1.0,45.0,22.0,0.0,1.0,43.0,30.0,,,0.0
Ligue 1,Shavy Babicka,Toulouse,GAB,"MF,FW",23,2000,12,373,0.0,0.0,0.0,5.0,4.0,1.0,12.0,0.0,8.0,,,0.0
Ligue 1,Stijn Spierings,Toulouse,NED,MF,27,1996,22,1516,5.0,0.0,0.0,41.0,19.0,0.0,11.0,22.0,40.0,,,0.0
Ligue 1,Thijs Dallinga,Toulouse,NED,FW,22,2000,33,2510,6.0,0.0,0.0,38.0,45.0,20.0,14.0,4.0,14.0,,,0.0
Ligue 1,Vincent Sierro,Toulouse,SUI,MF,27,1995,30,2261,8.0,0.0,0.0,51.0,48.0,3.0,111.0,25.0,26.0,,,0.0
Ligue 1,Warren Kamanzi,Toulouse,NOR,"MF,DF",22,2000,24,1187,1.0,0.0,0.0,12.0,13.0,0.0,20.0,8.0,25.0,,,0.0
Ligue 1,Yanis Begraoui,Toulouse,MAR,"FW,MF",22,2001,14,300,0.0,0.0,0.0,5.0,7.0,1.0,7.0,4.0,2.0,,,0.0
Ligue 1,Yann Gboho,Toulouse,FRA,"MF,FW",22,2001,16,1193,1.0,0.0,0.0,9.0,37.0,2.0,14.0,4.0,4.0,,,0.0
Ligue 1,Zakaria Aboukhlal,Toulouse,MAR,"FW,MF",23,2000,13,754,2.0,0.0,0.0,16.0,15.0,8.0,5.0,1.0,8.0,,,0.0
Premier League,Aaron Ramsdale,Arsenal,ENG,GK,25,1998,6,540,0.0,0.0,0.0,0.0,1.0,0.0,0.0,0.0,0.0,,,0.0
Premier League,Ben White,Arsenal,ENG,DF,25,1997,37,2988,8.0,0.0,0.0,19.0,12.0,11.0,57.0,30.0,28.0,,,0.0
Premier League,Bukayo Saka,Arsenal,ENG,FW,21,2001,35,2919,4.0,0.0,0.0,41.0,69.0,8.0,181.0,16.0,37.0,,,0.0
Premier League,Cédric Soares,Arsenal,POR,"DF,MF",31,1991,3,62,0.0,0.0,0.0,0.0,1.0,0.0,4.0,0.0,0.0,,,0.0
Premier League,David Raya,Arsenal,ESP,GK,27,1995,32,2880,2.0,0.0,0.0,0.0,4.0,0.0,0.0,0.0,1.0,,,0.0
Premier League,Declan Rice,Arsenal,ENG,MF,24,1999,38,3225,5.0,0.0,0.0,34.0,14.0,2.0,61.0,44.0,50.0,,,0.0
Premier League,Eddie Nketiah,Arsenal,ENG,FW,24,1999,27,1082,3.0,0.0,0.0,24.0,28.0,8.0,5.0,4.0,7.0,,,0.0
Premier League,Emile Smith Rowe,Arsenal,ENG,MF,23,2000,13,353,0.0,0.0,0.0,5.0,2.0,0.0,1.0,3.0,1.0,,,0.0
Premier League,Ethan Nwaneri,Arsenal,ENG,MF,16,2007,1,14,0.0,0.0,0.0,1.0,1.0,0.0,0.0,0.0,0.0,,,0.0
Premier League,Fabio Vieira,Arsenal,POR,MF,23,2000,11,297,0.0,1.0,0.0,8.0,10.0,2.0,15.0,2.0,2.0,,,0.0
Premier League,Gabriel Jesus,Arsenal,BRA,FW,26,1997,27,1478,6.0,0.0,0.0,26.0,32.0,16.0,9.0,13.0,17.0,,,0.0
Premier League,Gabriel Magalhães,Arsenal,BRA,DF,25,1997,36,3044,4.0,0.0,0.0,35.0,33.0,0.0,4.0,29.0,29.0,,,1.0
Premier League,Gabriel Martinelli,Arsenal,BRA,FW,22,2001,35,2019,1.0,0.0,0.0,23.0,24.0,10.0,109.0,4.0,23.0,,,0.0
Premier League,Jakub Kiwior,Arsenal,POL,DF,23,2000,20,946,1.0,0.0,0.0,10.0,3.0,0.0,12.0,7.0,13.0,,,0.0
Premier League,Jorginho,Arsenal,ITA,MF,31,1991,24,921,1.0,0.0,0.0,9.0,15.0,0.0,3.0,11.0,10.0,,,0.0
Premier League,Jurriën Timber,Arsenal,NED,DF,22,2001,2,71,2.0,0.0,0.0,3.0,0.0,1.0,1.0,0.0,2.0,,,0.0
Premier League,Kai Havertz,Arsenal,GER,"MF,FW",24,1999,37,2634,11.0,0.0,0.0,49.0,44.0,15.0,11.0,18.0,17.0,,,0.0
Premier League,Leandro Trossard,Arsenal,BEL,"FW,MF",28,1994,34,1649,2.0,0.0,0.0,15.0,20.0,9.0,57.0,8.0,14.0,,,0.0
Premier League,Martin Ødegaard,Arsenal,NOR,MF,24,1998,35,3091,2.0,0.0,0.0,30.0,36.0,3.0,77.0,14.0,18.0,,,0.0
Premier League,Mohamed Elneny,Arsenal,EGY,MF,31,1992,3,28,0.0,0.0,0.0,1.0,0.0,0.0,0.0,1.0,0.0,,,0.0
Premier League,Oleksandr Zinchenko,Arsenal,UKR,DF,26,1996,27,1722,2.0,0.0,0.0,7.0,9.0,1.0,30.0,19.0,30.0,,,0.0
Premier League,Reiss Nelson,Arsenal,ENG,FW,23,1999,15,268,1.0,0.0,0.0,5.0,6.0,0.0,14.0,1.0,5.0,,,0.0
Premier League,Takehiro Tomiyasu,Arsenal,JPN,DF,24,1998,22,1149,2.0,1.0,1.0,14.0,8.0,1.0,14.0,18.0,8.0,,,0.0
Premier League,Thomas Partey,Arsenal,GHA,"MF,DF",30,1993,14,788,3.0,0.0,0.0,10.0,6.0,0.0,2.0,10.0,11.0,,,0.0
Premier League,William Saliba,Arsenal,FRA,DF,22,2001,38,3420,4.0,0.0,0.0,22.0,16.0,0.0,3.0,29.0,26.0,,,0.0
Premier League,Bertrand Traoré,Aston Villa,BFA,"FW,MF",27,1995,2,11,0.0,0.0,0.0,0.0,0.0,0.0,0.0,0.0,1.0,,,0.0
Premier League,Boubacar Kamara,Aston Villa,FRA,MF,23,1999,20,1652,7.0,1.0,0.0,35.0,29.0,0.0,2.0,20.0,30.0,,,0.0
Premier League,Calum Chambers,Aston Villa,ENG,MF,28,1995,5,152,1.0,0.0,0.0,3.0,1.0,0.0,0.0,2.0,0.0,,,0.0
Premier League,Cameron Archer,Aston Villa,ENG,"FW,MF",22,2001,1,6,1.0,0.0,0.0,1.0,0.0,0.0,0.0,0.0,0.0,,,0.0
Premier League,Clément Lenglet,Aston Villa,FRA,DF,28,1995,14,1153,3.0,0.0,0.0,3.0,12.0,0.0,3.0,8.0,9.0,,,0.0
Premier League,Diego Carlos,Aston Villa,BRA,DF,30,1993,27,1816,4.0,0.0,0.0,26.0,4.0,1.0,1.0,12.0,16.0,,,0.0
Premier League,Douglas Luiz,Aston Villa,BRA,MF,25,1998,35,2993,12.0,0.0,0.0,51.0,41.0,0.0,116.0,22.0,37.0,,,0.0
Premier League,Emiliano Martínez,Aston Villa,ARG,GK,30,1992,34,3015,4.0,0.0,0.0,1.0,7.0,0.0,0.0,0.0,0.0,,,2.0
Premier League,Ezri Konsa,Aston Villa,ENG,DF,25,1997,35,3069,5.0,0.0,0.0,15.0,64.0,0.0,18.0,26.0,33.0,,,0.0
Premier League,Finley Munroe,Aston Villa,ENG,DF,18,2005,1,4,0.0,0.0,0.0,0.0,0.0,0.0,0.0,0.0,0.0,,,0.0
Premier League,Jacob Ramsey,Aston Villa,ENG,MF,22,2001,16,853,2.0,0.0,0.0,7.0,12.0,0.0,11.0,3.0,8.0,,,0.0
Premier League,Jaden Philogene Bidace,Aston Villa,ENG,"FW,MF",21,2002,1,4,0.0,0.0,0.0,0.0,0.0,0.0,0.0,0.0,0.0,,,0.0
Premier League,John McGinn,Aston Villa,SCO,MF,28,1994,35,2999,9.0,1.0,0.0,39.0,69.0,2.0,77.0,20.0,34.0,,,0.0
Premier League,Jáder Durán,Aston Villa,COL,FW,19,2003,23,475,5.0,0.0,0.0,12.0,8.0,4.0,6.0,1.0,5.0,,,0.0
Premier League,Kaine Kesler-Hayden,Aston Villa,ENG,"DF,MF",20,2002,3,6,0.0,0.0,0.0,0.0,0.0,0.0,0.0,0.0,0.0,,,0.0
Premier League,Leander Dendoncker,Aston Villa,BEL,MF,28,1995,8,119,0.0,0.0,0.0,1.0,1.0,0.0,0.0,2.0,4.0,,,0.0
Premier League,Leon Bailey,Aston Villa,JAM,MF,25,1997,35,2068,5.0,0.0,0.0,26.0,26.0,11.0,77.0,9.0,8.0,,,0.0
Premier League,Lucas Digne,Aston Villa,FRA,DF,30,1993,33,2410,7.0,0.0,0.0,30.0,29.0,2.0,151.0,25.0,21.0,,,0.0
Premier League,Matty Cash,Aston Villa,POL,"DF,MF",25,1997,29,2142,8.0,0.0,0.0,30.0,22.0,0.0,38.0,18.0,30.0,,,1.0
Premier League,Morgan Rogers,Aston Villa,ENG,MF,21,2002,11,638,3.0,0.0,0.0,12.0,9.0,0.0,2.0,3.0,1.0,,,0.0
Premier League,Moussa Diaby,Aston Villa,FRA,"MF,FW",24,1999,38,2174,1.0,0.0,0.0,16.0,15.0,6.0,45.0,9.0,5.0,,,0.0
Premier League,Nicolò Zaniolo,Aston Villa,ITA,"MF,FW",24,1999,25,839,7.0,0.0,0.0,24.0,21.0,0.0,18.0,1.0,9.0,,,0.0
Premier League,Ollie Watkins,Aston Villa,ENG,FW,27,1995,37,3217,4.0,0.0,0.0,22.0,41.0,17.0,14.0,4.0,7.0,,,0.0
Premier League,Omari Kellyman,Aston Villa,ENG,"FW,MF",17,2005,2,37,0.0,0.0,0.0,0.0,0.0,0.0,0.0,0.0,0.0,,,0.0
Premier League,Pau Torres,Aston Villa,ESP,DF,26,1997,29,2464,1.0,0.0,0.0,17.0,10.0,2.0,8.0,11.0,16.0,,,0.0
Premier League,Philippe Coutinho,Aston Villa,BRA,"FW,MF",31,1992,2,25,0.0,0.0,0.0,0.0,1.0,0.0,0.0,0.0,0.0,,,0.0
Premier League,Robin Olsen,Aston Villa,SWE,GK,33,1990,5,405,0.0,0.0,0.0,0.0,2.0,0.0,0.0,0.0,0.0,,,0.0
Premier League,Tim Iroegbunam,Aston Villa,ENG,MF,20,2003,9,164,0.0,0.0,0.0,9.0,3.0,0.0,0.0,3.0,4.0,,,0.0
Premier League,Tyrone Mings,Aston Villa,ENG,DF,30,1993,1,30,0.0,0.0,0.0,0.0,0.0,0.0,0.0,1.0,0.0,,,0.0
Premier League,Youri Tielemans,Aston Villa,BEL,"MF,FW",26,1997,32,1622,3.0,0.0,0.0,22.0,29.0,0.0,31.0,14.0,21.0,,,0.0
Premier League,Álex Moreno,Aston Villa,ESP,DF,30,1993,21,1031,2.0,0.0,0.0,11.0,16.0,2.0,37.0,11.0,12.0,,,1.0
Premier League,Adam Smith,Bournemouth,ENG,DF,32,1991,28,2150,6.0,0.0,0.0,30.0,22.0,1.0,39.0,21.0,23.0,,,0.0
Premier League,Alex Scott,Bournemouth,ENG,MF,19,2003,23,1014,3.0,0.0,0.0,19.0,25.0,1.0,36.0,11.0,16.0,,,0.0
Premier League,Antoine Semenyo,Bournemouth,GHA,MF,23,2000,33,2105,6.0,0.0,0.0,43.0,25.0,3.0,46.0,5.0,17.0,,,0.0
Premier League,Chris Mepham,Bournemouth,WAL,DF,25,1997,10,617,2.0,0.0,0.0,15.0,2.0,0.0,1.0,5.0,11.0,,,0.0
Premier League,Dango Ouattara,Bournemouth,BFA,"DF,MF",21,2002,30,1229,3.0,0.0,0.0,15.0,17.0,4.0,37.0,21.0,26.0,,,0.0
Premier League,David Brooks,Bournemouth,WAL,MF,26,1997,13,282,1.0,0.0,0.0,6.0,1.0,1.0,15.0,2.0,4.0,,,0.0
Premier League,Dominic Sadi,Bournemouth,ENG,MF,19,2003,1,1,0.0,0.0,0.0,0.0,0.0,0.0,0.0,0.0,0.0,,,0.0
Premier League,Dominic Solanke,Bournemouth,ENG,FW,25,1997,38,3325,3.0,0.0,0.0,41.0,45.0,16.0,6.0,7.0,9.0,,,0.0
Premier League,Enes Ünal,Bournemouth,TUR,FW,26,1997,16,328,1.0,0.0,0.0,10.0,9.0,6.0,3.0,1.0,4.0,,,0.0
Premier League,Hamed Junior Traorè,Bournemouth,CIV,MF,23,2000,3,47,0.0,0.0,0.0,0.0,0.0,0.0,3.0,0.0,0.0,,,0.0
Premier League,Illia Zabarnyi,Bournemouth,UKR,DF,20,2002,37,3330,5.0,0.0,0.0,24.0,24.0,0.0,1.0,31.0,31.0,,,0.0
Premier League,Ionuț Radu,Bournemouth,ROU,GK,26,1997,2,180,0.0,0.0,0.0,0.0,0.0,0.0,0.0,0.0,0.0,,,0.0
Premier League,Jaidon Anthony,Bournemouth,ENG,MF,23,1999,3,152,1.0,0.0,0.0,4.0,2.0,2.0,2.0,0.0,1.0,,,0.0
Premier League,James Hill,Bournemouth,ENG,DF,21,2002,5,76,0.0,0.0,0.0,1.0,0.0,0.0,0.0,3.0,2.0,,,0.0
Premier League,Joe Rothwell,Bournemouth,ENG,MF,28,1995,11,386,0.0,0.0,0.0,4.0,2.0,0.0,13.0,2.0,2.0,,,0.0
Premier League,Justin Kluivert,Bournemouth,NED,MF,24,1999,32,1916,5.0,0.0,0.0,52.0,28.0,5.0,28.0,7.0,17.0,,,0.0
Premier League,Kieffer Moore,Bournemouth,WAL,"DF,FW",30,1992,8,108,0.0,0.0,0.0,5.0,2.0,0.0,2.0,0.0,0.0,,,0.0
Premier League,Lewis Cook,Bournemouth,ENG,MF,26,1997,33,2786,5.0,1.0,0.0,39.0,16.0,2.0,133.0,67.0,42.0,,,0.0
Premier League,Lloyd Kelly,Bournemouth,ENG,DF,24,1998,23,1559,2.0,0.0,0.0,17.0,13.0,0.0,21.0,13.0,20.0,,,0.0
Premier League,Luis Sinisterra,Bournemouth,COL,MF,24,1999,20,699,0.0,0.0,0.0,12.0,6.0,4.0,11.0,8.0,12.0,,,0.0
Premier League,Marcos Senesi,Bournemouth,ARG,DF,26,1997,31,2242,13.0,0.0,0.0,41.0,11.0,0.0,25.0,33.0,35.0,,,0.0
Premier League,Marcus Tavernier,Bournemouth,ENG,MF,24,1999,30,2118,3.0,0.0,0.0,21.0,22.0,3.0,116.0,4.0,33.0,,,0.0
Premier League,Mark Travers,Bournemouth,IRL,GK,24,1999,4,360,0.0,0.0,0.0,1.0,1.0,0.0,0.0,0.0,0.0,,,0.0
Premier League,Max Aarons,Bournemouth,ENG,DF,23,2000,20,1237,1.0,0.0,0.0,12.0,26.0,2.0,14.0,8.0,19.0,,,0.0
Premier League,Milos Kerkez,Bournemouth,HUN,DF,19,2003,28,1970,4.0,1.0,0.0,24.0,21.0,1.0,57.0,16.0,25.0,,,1.0
Premier League,Neto,Bournemouth,BRA,GK,34,1989,32,2880,5.0,0.0,0.0,1.0,0.0,0.0,0.0,1.0,0.0,,,0.0
Premier League,Philip Billing,Bournemouth,DEN,MF,27,1996,29,1398,3.0,1.0,0.0,19.0,12.0,0.0,28.0,18.0,19.0,,,0.0
Premier League,Romain Faivre,Bournemouth,FRA,MF,25,1998,5,41,1.0,0.0,0.0,2.0,4.0,0.0,3.0,0.0,1.0,,,0.0
Premier League,Ryan Christie,Bournemouth,SCO,MF,28,1995,37,2907,6.0,0.0,0.0,47.0,38.0,5.0,73.0,51.0,43.0,,,0.0
Premier League,Tyler Adams,Bournemouth,USA,MF,24,1999,3,121,0.0,0.0,0.0,0.0,3.0,0.0,1.0,4.0,3.0,,,0.0
Premier League,Aaron Hickey,Brentford,SCO,"DF,MF",21,2002,9,713,5.0,0.0,0.0,10.0,16.0,0.0,5.0,3.0,10.0,,,0.0
Premier League,Ben Mee,Brentford,ENG,DF,33,1989,16,1272,1.0,1.0,0.0,7.0,3.0,2.0,5.0,13.0,14.0,,,0.0
Premier League,Bryan Mbeumo,Brentford,CMR,FW,23,1999,25,1960,2.0,0.0,0.0,22.0,42.0,4.0,93.0,7.0,9.0,,,0.0
Premier League,Christian Nørgaard,Brentford,DEN,MF,29,1994,31,2505,8.0,0.0,0.0,41.0,32.0,1.0,22.0,53.0,50.0,,,0.0
Premier League,Ethan Pinnock,Brentford,JAM,DF,30,1993,29,2521,1.0,0.0,0.0,5.0,11.0,0.0,7.0,43.0,23.0,,,0.0
Premier League,Frank Onyeka,Brentford,NGA,MF,25,1998,26,1161,8.0,0.0,0.0,24.0,31.0,4.0,16.0,23.0,20.0,,,0.0
Premier League,Ivan Toney,Brentford,ENG,FW,27,1996,17,1450,5.0,0.0,0.0,24.0,29.0,7.0,22.0,10.0,4.0,,,0.0
Premier League,Josh Dasilva,Brentford,ENG,MF,24,1998,3,24,0.0,0.0,0.0,2.0,0.0,0.0,6.0,0.0,1.0,,,0.0
Premier League,Keane Lewis-Potter,Brentford,ENG,"FW,MF",22,2001,30,1441,0.0,0.0,0.0,8.0,18.0,3.0,50.0,7.0,7.0,,,0.0
Premier League,Kevin Schade,Brentford,GER,FW,21,2001,11,333,0.0,0.0,0.0,10.0,6.0,2.0,5.0,1.0,2.0,,,0.0
Premier League,Kristoffer Ajer,Brentford,NOR,DF,25,1998,28,1832,5.0,0.0,0.0,25.0,10.0,1.0,22.0,21.0,23.0,,,0.0
Premier League,Mads Roerslev,Brentford,DEN,"MF,DF",24,1999,34,1985,1.0,0.0,0.0,10.0,15.0,3.0,61.0,20.0,31.0,,,0.0
Premier League,Mark Flekken,Brentford,NED,GK,30,1993,37,3285,3.0,0.0,0.0,2.0,4.0,0.0,0.0,0.0,1.0,,,0.0
Premier League,Mathias Jensen,Brentford,DEN,MF,27,1996,32,2204,5.0,0.0,0.0,28.0,20.0,1.0,111.0,21.0,33.0,,,0.0
Premier League,Mathias Jørgensen,Brentford,DEN,DF,33,1990,14,1087,4.0,0.0,0.0,11.0,6.0,3.0,9.0,11.0,12.0,,,0.0
Premier League,Michael Olakigbe,Brentford,ENG,MF,19,2004,8,59,0.0,0.0,0.0,2.0,2.0,1.0,7.0,1.0,0.0,,,0.0
Premier League,Mikkel Damsgaard,Brentford,DEN,MF,23,2000,23,842,2.0,0.0,0.0,14.0,8.0,3.0,29.0,12.0,18.0,,,0.0
Premier League,Myles Peart-Harris,Brentford,ENG,MF,20,2002,3,13,0.0,0.0,0.0,2.0,2.0,0.0,1.0,0.0,0.0,,,0.0
Premier League,Nathan Collins,Brentford,IRL,DF,22,2001,32,2652,3.0,0.0,0.0,13.0,23.0,3.0,4.0,43.0,20.0,,,0.0
Premier League,Neal Maupay,Brentford,FRA,FW,26,1996,29,1321,8.0,0.0,0.0,19.0,26.0,4.0,8.0,2.0,7.0,,,0.0
Premier League,Rico Henry,Brentford,JAM,DF,26,1997,5,401,1.0,0.0,0.0,4.0,6.0,2.0,11.0,5.0,5.0,,,0.0
Premier League,Saman Ghoddos,Brentford,IRN,"DF,MF",29,1993,19,739,5.0,0.0,0.0,12.0,9.0,2.0,43.0,5.0,21.0,,,0.0
Premier League,Sergio Reguilón,Brentford,ESP,"MF,DF",26,1996,16,1118,4.0,1.0,0.0,10.0,15.0,1.0,72.0,15.0,22.0,,,0.0
Premier League,Shandon Baptiste,Brentford,GRN,MF,25,1998,10,229,1.0,0.0,0.0,3.0,0.0,0.0,3.0,3.0,3.0,,,0.0
Premier League,Thomas Strakosha,Brentford,ALB,GK,28,1995,2,135,0.0,0.0,0.0,0.0,1.0,0.0,0.0,0.0,0.0,,,0.0
Premier League,Vitaly Janelt,Brentford,GER,"MF,DF",25,1998,38,3054,8.0,0.0,0.0,27.0,28.0,3.0,58.0,37.0,36.0,,,0.0
Premier League,Yehor Yarmoliuk,Brentford,UKR,MF,19,2004,27,688,2.0,0.0,0.0,11.0,6.0,1.0,13.0,6.0,11.0,,,0.0
Premier League,Yoane Wissa,Brentford,COD,FW,26,1996,34,2493,7.0,0.0,0.0,38.0,50.0,19.0,21.0,9.0,14.0,,,0.0
Premier League,Adam Lallana,Brighton,ENG,MF,35,1988,25,850,2.0,0.0,0.0,9.0,11.0,2.0,7.0,3.0,3.0,,,0.0
Premier League,Adam Webster,Brighton,ENG,DF,28,1995,15,1144,2.0,0.0,0.0,9.0,2.0,0.0,1.0,16.0,12.0,,,1.0
Premier League,Ansu Fati,Brighton,ESP,"MF,FW",20,2002,19,521,2.0,0.0,0.0,6.0,13.0,2.0,3.0,2.0,3.0,,,0.0
Premier League,Bart Verbruggen,Brighton,NED,GK,20,2002,21,1890,3.0,0.0,0.0,1.0,2.0,0.0,0.0,0.0,1.0,,,0.0
Premier League,Benicio Boaitey,Brighton,ENG,FW,19,2004,5,40,1.0,0.0,0.0,2.0,0.0,1.0,0.0,0.0,0.0,,,0.0
Premier League,Billy Gilmour,Brighton,SCO,MF,22,2001,30,2120,8.0,1.0,0.0,22.0,30.0,0.0,33.0,10.0,18.0,,,0.0
Premier League,Carlos Baleba,Brighton,CMR,MF,19,2004,27,1325,7.0,0.0,0.0,40.0,27.0,0.0,0.0,18.0,21.0,,,0.0
Premier League,Danny Welbeck,Brighton,ENG,"FW,MF",32,1990,29,1693,4.0,0.0,0.0,12.0,21.0,9.0,3.0,8.0,18.0,,,0.0
Premier League,Evan Ferguson,Brighton,IRL,FW,18,2004,27,1367,1.0,0.0,0.0,23.0,25.0,5.0,1.0,2.0,7.0,,,0.0
Premier League,Facundo Buonanotte,Brighton,ARG,"MF,FW",18,2004,27,1364,7.0,0.0,0.0,34.0,41.0,3.0,6.0,7.0,22.0,,,0.0
Premier League,Igor,Brighton,BRA,DF,25,1998,24,1637,4.0,0.0,0.0,21.0,4.0,0.0,1.0,14.0,18.0,,,0.0
Premier League,Jack Hinshelwood,Brighton,ENG,"DF,MF",18,2005,12,869,1.0,0.0,0.0,11.0,3.0,1.0,10.0,14.0,5.0,,,0.0
Premier League,Jakub Moder,Brighton,POL,"MF,DF",24,1999,17,618,2.0,0.0,0.0,8.0,5.0,2.0,6.0,1.0,10.0,,,0.0
Premier League,James Milner,Brighton,ENG,"DF,MF",37,1986,15,773,3.0,0.0,0.0,11.0,4.0,3.0,29.0,8.0,14.0,,,0.0
Premier League,Jan Paul van Hecke,Brighton,NED,DF,23,2000,28,2369,4.0,0.0,0.0,14.0,17.0,0.0,4.0,30.0,25.0,,,0.0
Premier League,Jason Steele,Brighton,ENG,GK,32,1990,17,1530,0.0,0.0,0.0,0.0,1.0,0.0,0.0,0.0,0.0,,,0.0
Premier League,João Pedro,Brighton,BRA,"MF,FW",21,2001,31,2045,2.0,0.0,0.0,19.0,60.0,11.0,29.0,10.0,15.0,,,0.0
Premier League,Joël Veltman,Brighton,NED,DF,31,1992,27,1588,4.0,0.0,0.0,16.0,42.0,1.0,11.0,18.0,41.0,,,0.0
Premier League,Julio Enciso,Brighton,PAR,MF,19,2004,12,475,2.0,0.0,0.0,6.0,10.0,1.0,8.0,0.0,2.0,,,0.0
Premier League,Kaoru Mitoma,Brighton,JPN,"MF,FW",26,1997,19,1486,4.0,0.0,0.0,14.0,23.0,7.0,45.0,5.0,5.0,,,0.0
Premier League,Lewis Dunk,Brighton,ENG,DF,31,1991,33,2869,7.0,1.0,0.0,23.0,12.0,1.0,7.0,31.0,16.0,,,0.0
Premier League,Mahmoud Dahoud,Brighton,GER,MF,27,1996,9,452,1.0,1.0,0.0,6.0,2.0,0.0,3.0,1.0,4.0,,,0.0
Premier League,Mark O'Mahony,Brighton,IRL,FW,18,2005,3,63,1.0,0.0,0.0,1.0,0.0,0.0,0.0,0.0,0.0,,,0.0
Premier League,Odeluga Offiah,Brighton,ENG,DF,20,2002,4,128,0.0,0.0,0.0,2.0,2.0,0.0,3.0,1.0,0.0,,,0.0
Premier League,Pascal Groß,Brighton,GER,"MF,DF",32,1991,36,3114,6.0,0.0,0.0,23.0,27.0,3.0,240.0,21.0,46.0,,,0.0
Premier League,Pervis Estupiñán,Brighton,ECU,"DF,MF",25,1998,19,1243,4.0,0.0,0.0,22.0,17.0,5.0,65.0,20.0,13.0,,,1.0
Premier League,Simon Adingra,Brighton,CIV,MF,21,2002,31,2222,3.0,0.0,0.0,29.0,19.0,18.0,76.0,21.0,20.0,,,0.0
Premier League,Solly March,Brighton,ENG,"MF,DF",29,1994,7,554,1.0,0.0,0.0,11.0,8.0,7.0,21.0,11.0,13.0,,,0.0
Premier League,Tariq Lamptey,Brighton,GHA,"DF,MF",22,2000,19,914,3.0,0.0,0.0,11.0,18.0,3.0,32.0,5.0,14.0,,,0.0
Premier League,Valentín Barco,Brighton,ARG,DF,19,2004,6,307,1.0,0.0,0.0,7.0,7.0,0.0,30.0,4.0,5.0,,,0.0
Premier League,Aaron Ramsey,Burnley,ENG,MF,20,2003,14,527,1.0,0.0,0.0,7.0,3.0,1.0,2.0,1.0,14.0,,,0.0
Premier League,Ameen Al-Dakhil,Burnley,BEL,DF,21,2002,13,1056,1.0,0.0,0.0,6.0,4.0,0.0,3.0,11.0,5.0,,,1.0
Premier League,Anass Zaroury,Burnley,MAR,FW,22,2000,6,152,0.0,1.0,0.0,4.0,3.0,0.0,11.0,0.0,0.0,,,0.0
Premier League,Arijanet Muric,Burnley,KVX,GK,24,1998,10,900,0.0,0.0,0.0,0.0,3.0,0.0,0.0,0.0,1.0,,,1.0
Premier League,Benson Manuel,Burnley,ANG,MF,26,1997,8,116,0.0,0.0,0.0,1.0,4.0,0.0,9.0,0.0,2.0,,,0.0
Premier League,Charlie Taylor,Burnley,ENG,DF,29,1993,28,2331,8.0,0.0,0.0,20.0,16.0,2.0,71.0,21.0,20.0,,,0.0
Premier League,Connor Roberts,Burnley,WAL,DF,27,1995,14,823,5.0,1.0,1.0,5.0,9.0,3.0,10.0,4.0,5.0,,,0.0
Premier League,Dara O'Shea,Burnley,IRL,DF,24,1999,33,2892,5.0,1.0,0.0,36.0,15.0,1.0,11.0,33.0,18.0,,,1.0
Premier League,David Datro Fofana,Burnley,CIV,FW,20,2002,15,879,1.0,0.0,0.0,16.0,10.0,10.0,3.0,1.0,5.0,,,0.0
Premier League,Han-Noah Massengo,Burnley,FRA,MF,22,2001,3,16,0.0,0.0,0.0,0.0,0.0,0.0,2.0,0.0,1.0,,,0.0
Premier League,Hannes Delcroix,Burnley,HAI,DF,24,1999,12,589,2.0,0.0,0.0,6.0,0.0,0.0,5.0,12.0,6.0,,,0.0
Premier League,Hjalmar Ekdal,Burnley,SWE,DF,24,1998,8,437,2.0,0.0,0.0,8.0,2.0,0.0,0.0,6.0,2.0,,,0.0
Premier League,Jack Cork,Burnley,ENG,"DF,MF",34,1989,4,27,0.0,0.0,0.0,4.0,1.0,0.0,1.0,1.0,0.0,,,0.0
Premier League,Jacob Bruun Larsen,Burnley,DEN,MF,24,1998,32,1249,1.0,0.0,0.0,12.0,7.0,11.0,61.0,8.0,4.0,,,0.0
Premier League,James Trafford,Burnley,ENG,GK,20,2002,28,2520,2.0,0.0,0.0,0.0,5.0,0.0,0.0,1.0,1.0,,,0.0
Premier League,Jay Rodriguez,Burnley,ENG,FW,34,1989,21,822,0.0,0.0,0.0,18.0,6.0,7.0,2.0,1.0,9.0,,,0.0
Premier League,Jordan Beyer,Burnley,GER,DF,23,2000,15,1234,6.0,0.0,0.0,11.0,6.0,0.0,0.0,17.0,19.0,,,0.0
Premier League,Josh Brownhill,Burnley,ENG,MF,27,1995,33,2252,4.0,1.0,0.0,38.0,25.0,2.0,57.0,33.0,35.0,,,0.0
Premier League,Josh Cullen,Burnley,IRL,MF,27,1996,25,2057,9.0,0.0,0.0,24.0,49.0,1.0,26.0,14.0,26.0,,,0.0
Premier League,Jóhann Berg Guðmundsson,Burnley,ISL,MF,32,1990,26,1192,2.0,0.0,0.0,9.0,20.0,2.0,70.0,15.0,4.0,,,0.0
Premier League,Lorenz Assignon,Burnley,TOG,DF,23,2000,15,1234,5.0,1.0,1.0,33.0,16.0,2.0,28.0,17.0,17.0,,,0.0
Premier League,Luca Koleosho,Burnley,ITA,"MF,FW",18,2004,15,974,0.0,0.0,0.0,18.0,13.0,8.0,23.0,2.0,5.0,,,0.0
Premier League,Lyle Foster,Burnley,RSA,"FW,MF",22,2000,24,1899,0.0,1.0,0.0,24.0,11.0,13.0,3.0,1.0,10.0,,,0.0
Premier League,Maxime Estève,Burnley,FRA,DF,21,2002,16,1309,6.0,0.0,0.0,25.0,16.0,0.0,5.0,28.0,11.0,,,0.0
Premier League,Michael Obafemi,Burnley,IRL,FW,23,2000,2,20,0.0,0.0,0.0,0.0,0.0,0.0,0.0,0.0,0.0,,,0.0
Premier League,Mike Trésor,Burnley,BEL,"MF,FW",24,1999,16,420,0.0,0.0,0.0,0.0,3.0,2.0,31.0,1.0,6.0,,,0.0
Premier League,Nathan Redmond,Burnley,ENG,"FW,MF",29,1994,12,142,1.0,0.0,0.0,4.0,2.0,2.0,3.0,0.0,1.0,,,0.0
Premier League,Sander Berge,Burnley,NOR,MF,25,1998,37,3005,10.0,1.0,1.0,40.0,19.0,1.0,12.0,24.0,47.0,,,0.0
Premier League,Vitinho,Burnley,BRA,"DF,MF",24,1999,32,2314,1.0,0.0,0.0,27.0,28.0,6.0,55.0,9.0,34.0,,,0.0
Premier League,Wilson Odobert,Burnley,FRA,"MF,FW",18,2004,29,2098,3.0,0.0,0.0,9.0,19.0,1.0,35.0,6.0,13.0,,,0.0
Premier League,Zeki Amdouni,Burnley,SUI,FW,22,2000,34,1953,2.0,0.0,0.0,22.0,39.0,2.0,7.0,10.0,19.0,,,0.0
Premier League,Alex Matos,Chelsea,ENG,MF,18,2004,1,1,0.0,0.0,0.0,0.0,0.0,0.0,0.0,0.0,0.0,,,0.0
Premier League,Alfie Gilchrist,Chelsea,ENG,DF,19,2003,11,207,1.0,0.0,0.0,4.0,0.0,0.0,1.0,3.0,0.0,,,0.0
Premier League,Armando Broja,Chelsea,ALB,FW,21,2001,13,454,0.0,0.0,0.0,4.0,8.0,6.0,1.0,0.0,0.0,,,0.0
Premier League,Axel Disasi,Chelsea,FRA,DF,25,1998,31,2579,6.0,0.0,0.0,17.0,17.0,4.0,10.0,17.0,19.0,,,1.0
Premier League,Ben Chilwell,Chelsea,ENG,"MF,DF",26,1996,13,756,5.0,0.0,0.0,11.0,12.0,4.0,43.0,4.0,10.0,,,0.0
Premier League,Benoît Badiashile,Chelsea,FRA,DF,22,2001,18,1338,3.0,0.0,0.0,17.0,6.0,1.0,2.0,18.0,15.0,,,1.0
Premier League,Carney Chukwuemeka,Chelsea,AUT,MF,19,2003,9,227,2.0,0.0,0.0,3.0,2.0,0.0,1.0,0.0,4.0,,,0.0
Premier League,Cesare Casadei,Chelsea,ITA,MF,20,2003,11,79,0.0,0.0,0.0,4.0,1.0,0.0,0.0,0.0,3.0,,,0.0
Premier League,Christopher Nkunku,Chelsea,FRA,"MF,FW",25,1997,11,443,0.0,0.0,0.0,8.0,7.0,3.0,4.0,2.0,4.0,,,0.0
Premier League,Cole Palmer,Chelsea,ENG,"MF,FW",21,2002,33,2607,7.0,0.0,0.0,23.0,26.0,6.0,81.0,19.0,12.0,,,0.0
Premier League,Conor Gallagher,Chelsea,ENG,MF,23,2000,37,3128,9.0,1.0,1.0,83.0,64.0,1.0,64.0,40.0,49.0,,,0.0
Premier League,Deivid Washington,Chelsea,BRA,FW,18,2005,2,13,0.0,0.0,0.0,0.0,0.0,0.0,0.0,0.0,1.0,,,0.0
Premier League,Enzo Fernández,Chelsea,ARG,MF,22,2001,28,2209,7.0,0.0,0.0,32.0,31.0,4.0,45.0,17.0,24.0,,,0.0
Premier League,Ian Maatsen,Chelsea,NED,MF,21,2002,12,209,1.0,0.0,0.0,5.0,1.0,0.0,8.0,3.0,2.0,,,0.0
Premier League,Jimi Tauriainen,Chelsea,ENG,FW,19,2004,1,1,0.0,0.0,0.0,0.0,0.0,0.0,0.0,0.0,0.0,,,0.0
Premier League,Joshua Acheampong,Chelsea,ENG,DF,17,2006,1,6,0.0,0.0,0.0,0.0,0.0,0.0,0.0,0.0,0.0,,,0.0
Premier League,Lesley Ugochukwu,Chelsea,FRA,MF,19,2004,12,301,2.0,0.0,0.0,4.0,2.0,0.0,0.0,1.0,10.0,,,0.0
Premier League,Levi Colwill,Chelsea,ENG,DF,20,2003,23,1797,2.0,0.0,0.0,25.0,14.0,4.0,12.0,25.0,33.0,,,0.0
Premier League,Malo Gusto,Chelsea,FRA,"DF,MF",20,2003,27,1751,7.0,1.0,0.0,22.0,29.0,6.0,64.0,17.0,29.0,,,0.0
Premier League,Marc Cucurella,Chelsea,ESP,DF,25,1998,21,1782,10.0,0.0,0.0,23.0,35.0,1.0,17.0,21.0,39.0,,,1.0
Premier League,Mason Burstow,Chelsea,ENG,FW,19,2003,2,9,0.0,0.0,0.0,0.0,0.0,0.0,0.0,0.0,0.0,,,0.0
Premier League,Moisés Caicedo,Chelsea,ECU,MF,21,2001,35,2866,11.0,0.0,0.0,49.0,49.0,0.0,10.0,34.0,46.0,,,0.0
Premier League,Mykhailo Mudryk,Chelsea,UKR,MF,22,2001,31,1576,5.0,0.0,0.0,22.0,27.0,1.0,79.0,9.0,13.0,,,0.0
Premier League,Nicolas Jackson,Chelsea,SEN,FW,22,2001,35,2799,10.0,0.0,0.0,29.0,40.0,28.0,6.0,4.0,14.0,,,0.0
Premier League,Noni Madueke,Chelsea,ENG,MF,21,2002,23,1053,2.0,0.0,0.0,8.0,19.0,3.0,22.0,4.0,11.0,,,0.0
Premier League,Raheem Sterling,Chelsea,ENG,MF,28,1994,31,1978,7.0,0.0,0.0,35.0,41.0,10.0,59.0,10.0,9.0,,,0.0
Premier League,Reece James,Chelsea,ENG,"DF,MF",23,1999,10,419,2.0,2.0,1.0,4.0,5.0,2.0,28.0,3.0,9.0,,,0.0
Premier League,Robert Sánchez,Chelsea,ESP,GK,25,1997,16,1433,2.0,0.0,0.0,0.0,1.0,0.0,0.0,0.0,0.0,,,0.0
Premier League,Roméo Lavia,Chelsea,BEL,MF,19,2004,1,33,0.0,0.0,0.0,1.0,1.0,0.0,0.0,0.0,0.0,,,0.0
Premier League,Thiago Silva,Chelsea,BRA,DF,38,1984,31,2527,4.0,0.0,0.0,10.0,7.0,1.0,4.0,25.0,15.0,,,0.0
Premier League,Trevoh Chalobah,Chelsea,ENG,DF,24,1999,13,952,1.0,0.0,0.0,3.0,3.0,0.0,0.0,8.0,12.0,,,0.0
Premier League,Đorđe Petrović,Chelsea,SRB,GK,23,1999,23,1987,2.0,0.0,0.0,0.0,1.0,0.0,0.0,0.0,0.0,,,0.0
Premier League,Adam Wharton,Crystal Palace,ENG,MF,19,2004,16,1297,2.0,0.0,0.0,18.0,21.0,0.0,25.0,18.0,31.0,,,0.0
Premier League,Cheick Doucouré,Crystal Palace,MLI,MF,23,2000,11,919,2.0,0.0,0.0,10.0,1.0,0.0,1.0,19.0,16.0,,,0.0
Premier League,Chris Richards,Crystal Palace,USA,"DF,MF",23,2000,26,2094,3.0,0.0,0.0,12.0,6.0,1.0,1.0,24.0,27.0,,,0.0
Premier League,Daniel Muñoz,Crystal Palace,COL,"MF,DF",27,1996,16,1439,4.0,0.0,0.0,29.0,8.0,8.0,10.0,23.0,36.0,,,0.0
Premier League,David Ozoh,Crystal Palace,ENG,MF,18,2005,9,156,1.0,0.0,0.0,2.0,0.0,0.0,0.0,0.0,6.0,,,0.0
Premier League,Dean Henderson,Crystal Palace,ENG,GK,26,1997,18,1620,2.0,0.0,0.0,0.0,2.0,0.0,0.0,0.0,1.0,,,1.0
Premier League,Eberechi Eze,Crystal Palace,ENG,"MF,FW",25,1998,27,2055,3.0,0.0,0.0,27.0,48.0,11.0,109.0,11.0,17.0,,,0.0
Premier League,James Tomkins,Crystal Palace,ENG,"DF,MF",34,1989,4,10,0.0,0.0,0.0,0.0,0.0,0.0,0.0,0.0,0.0,,,0.0
Premier League,Jaïro Riedewald,Crystal Palace,NED,MF,26,1996,9,235,0.0,0.0,0.0,3.0,2.0,0.0,3.0,2.0,3.0,,,0.0
Premier League,Jean-Philippe Mateta,Crystal Palace,FRA,FW,26,1997,35,2282,3.0,0.0,0.0,35.0,22.0,24.0,20.0,4.0,16.0,,,0.0
Premier League,Jefferson Lerma,Crystal Palace,COL,"MF,DF",28,1994,28,2400,8.0,0.0,0.0,43.0,25.0,4.0,15.0,36.0,25.0,,,0.0
Premier League,Jeffrey Schlupp,Crystal Palace,GHA,"MF,FW",30,1992,29,1352,1.0,0.0,0.0,24.0,15.0,0.0,11.0,7.0,21.0,,,0.0
Premier League,Jesurun Rak Sakyi,Crystal Palace,GHA,"FW,MF",20,2002,6,136,0.0,0.0,0.0,1.0,5.0,0.0,3.0,3.0,1.0,,,0.0
Premier League,Joachim Andersen,Crystal Palace,DEN,DF,27,1996,38,3415,7.0,0.0,0.0,43.0,24.0,1.0,32.0,42.0,36.0,,,0.0
Premier League,Joel Ward,Crystal Palace,ENG,DF,33,1989,26,1980,4.0,0.0,0.0,22.0,6.0,0.0,22.0,13.0,28.0,,,1.0
Premier League,Jordan Ayew,Crystal Palace,GHA,"MF,FW",31,1991,35,2543,9.0,1.0,1.0,47.0,93.0,7.0,97.0,17.0,37.0,,,0.0
Premier League,Marc Guéhi,Crystal Palace,ENG,DF,23,2000,25,2021,2.0,0.0,0.0,14.0,26.0,0.0,3.0,15.0,16.0,,,0.0
Premier League,Matheus França,Crystal Palace,BRA,MF,19,2004,10,232,1.0,0.0,0.0,5.0,2.0,2.0,14.0,1.0,3.0,,,0.0
Premier League,Michael Olise,Crystal Palace,FRA,"MF,FW",21,2001,19,1275,0.0,0.0,0.0,13.0,43.0,2.0,95.0,9.0,10.0,,,0.0
Premier League,Naouirou Ahamada,Crystal Palace,FRA,MF,21,2002,20,349,4.0,1.0,1.0,9.0,6.0,1.0,6.0,2.0,9.0,,,0.0
Premier League,Nathaniel Clyne,Crystal Palace,ENG,DF,32,1991,19,1338,0.0,0.0,0.0,6.0,3.0,0.0,9.0,9.0,15.0,,,0.0
Premier League,Odsonne Édouard,Crystal Palace,FRA,"FW,MF",25,1998,30,1555,4.0,0.0,0.0,31.0,22.0,9.0,10.0,5.0,12.0,,,0.0
Premier League,Remi Matthews,Crystal Palace,ENG,GK,29,1994,1,4,0.0,0.0,0.0,0.0,0.0,0.0,0.0,0.0,0.0,,,0.0
Premier League,Sam Johnstone,Crystal Palace,ENG,GK,30,1993,20,1796,1.0,0.0,0.0,1.0,0.0,0.0,0.0,1.0,0.0,,,0.0
Premier League,Tyrick Mitchell,Crystal Palace,ENG,"DF,MF",23,1999,37,3204,6.0,0.0,0.0,22.0,16.0,1.0,69.0,24.0,59.0,,,0.0
Premier League,Will Hughes,Crystal Palace,ENG,MF,28,1995,30,1891,6.0,0.0,0.0,39.0,30.0,1.0,30.0,18.0,33.0,,,0.0
Premier League,Abdoulaye Doucouré,Everton,MLI,MF,30,1993,32,2629,7.0,0.0,0.0,53.0,8.0,21.0,26.0,16.0,28.0,,,0.0
Premier League,Alex Iwobi,Everton,NGA,MF,27,1996,2,140,0.0,0.0,0.0,0.0,0.0,3.0,10.0,1.0,0.0,,,0.0
Premier League,Amadou Onana,Everton,BEL,MF,21,2001,30,2091,5.0,0.0,0.0,37.0,45.0,1.0,3.0,19.0,39.0,,,0.0
Premier League,André Gomes,Everton,POR,MF,30,1993,12,508,4.0,0.0,0.0,17.0,5.0,0.0,27.0,3.0,4.0,,,0.0
Premier League,Arnaut Danjuma,Everton,NED,"MF,FW",26,1997,14,595,0.0,0.0,0.0,6.0,5.0,3.0,10.0,3.0,4.0,,,0.0
Premier League,Ashley Young,Everton,ENG,"DF,MF",38,1985,31,2280,7.0,1.0,1.0,33.0,24.0,1.0,98.0,22.0,36.0,,,1.0
Premier League,Ben Godfrey,Everton,ENG,DF,25,1998,15,1120,2.0,0.0,0.0,8.0,6.0,2.0,21.0,16.0,21.0,,,0.0
Premier League,Beto,Everton,GNB,FW,25,1998,30,951,2.0,0.0,0.0,21.0,19.0,10.0,5.0,1.0,6.0,,,0.0
Premier League,Dominic Calvert-Lewin,Everton,ENG,FW,26,1997,32,2171,2.0,0.0,0.0,31.0,32.0,24.0,3.0,4.0,6.0,,,0.0
Premier League,Dwight McNeil,Everton,ENG,MF,23,1999,35,2892,2.0,0.0,0.0,18.0,33.0,4.0,229.0,20.0,27.0,,,0.0
Premier League,Idrissa Gueye,Everton,SEN,MF,33,1989,25,1884,8.0,0.0,0.0,35.0,31.0,0.0,10.0,28.0,41.0,,,0.0
Premier League,Jack Harrison,Everton,ENG,MF,26,1996,29,2214,1.0,0.0,0.0,20.0,31.0,1.0,82.0,11.0,22.0,,,0.0
Premier League,James Garner,Everton,ENG,MF,22,2001,37,3004,7.0,0.0,0.0,39.0,43.0,3.0,113.0,46.0,42.0,,,0.0
Premier League,James Tarkowski,Everton,ENG,DF,30,1992,38,3419,11.0,0.0,0.0,45.0,25.0,1.0,6.0,55.0,42.0,,,0.0
Premier League,Jarrad Branthwaite,Everton,ENG,DF,21,2002,35,3116,8.0,0.0,0.0,25.0,19.0,5.0,1.0,48.0,33.0,,,0.0
Premier League,Jordan Pickford,Everton,ENG,GK,29,1994,38,3420,5.0,0.0,0.0,1.0,6.0,0.0,0.0,0.0,0.0,,,1.0
Premier League,Lewis Dobbin,Everton,ENG,MF,20,2003,12,232,1.0,0.0,0.0,3.0,6.0,0.0,6.0,1.0,7.0,,,0.0
Premier League,Lewis Warrington,Everton,ENG,MF,20,2002,1,1,0.0,0.0,0.0,0.0,0.0,0.0,0.0,0.0,0.0,,,0.0
Premier League,Michael Keane,Everton,ENG,DF,30,1993,9,439,2.0,0.0,0.0,5.0,0.0,0.0,0.0,5.0,3.0,,,0.0
Premier League,Nathan Patterson,Everton,SCO,DF,21,2001,20,1005,4.0,0.0,0.0,18.0,5.0,1.0,32.0,11.0,25.0,,,0.0
Premier League,Neal Maupay,Everton,FRA,FW,26,1996,2,111,0.0,0.0,0.0,1.0,0.0,2.0,0.0,0.0,0.0,,,0.0
Premier League,Séamus Coleman,Everton,IRL,DF,34,1988,12,665,0.0,0.0,0.0,6.0,5.0,0.0,12.0,7.0,14.0,,,1.0
Premier League,Tom Cannon,Everton,IRL,FW,20,2002,1,1,0.0,0.0,0.0,0.0,0.0,0.0,0.0,0.0,0.0,,,0.0
Premier League,Tyler Onyango,Everton,ENG,MF,20,2003,1,1,0.0,0.0,0.0,0.0,0.0,0.0,0.0,0.0,0.0,,,0.0
Premier League,Vitaliy Mykolenko,Everton,UKR,DF,24,1999,28,2469,1.0,0.0,0.0,23.0,9.0,1.0,56.0,34.0,37.0,,,0.0
Premier League,Youssef Chermiti,Everton,POR,FW,19,2004,18,208,3.0,0.0,0.0,11.0,4.0,6.0,0.0,1.0,2.0,,,0.0
Premier League,Adama Traoré,Fulham,ESP,MF,27,1996,17,377,2.0,0.0,0.0,5.0,4.0,0.0,26.0,1.0,3.0,,,0.0
Premier League,Aleksandar Mitrović,Fulham,SRB,FW,28,1994,1,33,0.0,0.0,0.0,0.0,0.0,0.0,0.0,0.0,0.0,,,0.0
Premier League,Alex Iwobi,Fulham,NGA,MF,27,1996,30,2192,2.0,0.0,0.0,12.0,5.0,5.0,62.0,15.0,16.0,,,0.0
Premier League,Andreas Pereira,Fulham,BRA,MF,27,1996,37,2613,6.0,0.0,0.0,22.0,26.0,3.0,219.0,4.0,13.0,,,0.0
Premier League,Antonee Robinson,Fulham,USA,DF,25,1997,37,3265,6.0,0.0,0.0,34.0,20.0,3.0,133.0,81.0,56.0,,,2.0
Premier League,Armando Broja,Fulham,ALB,FW,21,2001,8,88,0.0,0.0,0.0,5.0,3.0,0.0,1.0,0.0,0.0,,,0.0
Premier League,Bernd Leno,Fulham,GER,GK,31,1992,38,3420,3.0,0.0,0.0,0.0,3.0,0.0,0.0,0.0,0.0,,,1.0
Premier League,Bobby De Cordova-Reid,Fulham,JAM,"MF,FW",30,1993,33,1423,4.0,0.0,0.0,16.0,25.0,4.0,35.0,5.0,14.0,,,0.0
Premier League,Calvin Bassey,Fulham,NGA,DF,23,1999,29,2303,6.0,1.0,1.0,15.0,11.0,2.0,3.0,27.0,29.0,,,0.0
Premier League,Carlos Vinícius,Fulham,BRA,FW,28,1995,13,315,2.0,0.0,0.0,4.0,2.0,6.0,1.0,0.0,2.0,,,0.0
Premier League,Fodé Ballo-Touré,Fulham,SEN,"DF,MF",26,1997,6,71,1.0,0.0,0.0,4.0,2.0,0.0,5.0,3.0,2.0,,,0.0
Premier League,Harrison Reed,Fulham,ENG,MF,28,1995,27,1325,6.0,0.0,0.0,26.0,10.0,0.0,19.0,9.0,17.0,,,0.0
Premier League,Harry Wilson,Fulham,WAL,"MF,FW",26,1997,35,1620,6.0,0.0,0.0,21.0,40.0,5.0,42.0,9.0,13.0,,,0.0
Premier League,Issa Diop,Fulham,MAR,DF,26,1997,18,1424,4.0,1.0,1.0,17.0,4.0,0.0,0.0,17.0,14.0,,,0.0
Premier League,João Palhinha,Fulham,POR,MF,28,1995,33,2699,13.0,0.0,0.0,52.0,56.0,2.0,5.0,48.0,77.0,,,0.0
Premier League,Kenny Tete,Fulham,NED,DF,27,1995,14,867,2.0,0.0,0.0,16.0,12.0,0.0,23.0,16.0,19.0,,,0.0
Premier League,Luke Harris,Fulham,WAL,MF,18,2005,1,75,0.0,0.0,0.0,2.0,2.0,0.0,0.0,0.0,1.0,,,0.0
Premier League,Raúl Jiménez,Fulham,MEX,FW,32,1991,24,1395,3.0,1.0,0.0,17.0,21.0,12.0,7.0,4.0,12.0,,,0.0
Premier League,Rodrigo Muniz,Fulham,BRA,FW,22,2001,26,1593,1.0,0.0,0.0,25.0,34.0,4.0,2.0,6.0,4.0,,,0.0
Premier League,Saša Lukić,Fulham,SRB,MF,26,1996,24,1122,3.0,0.0,0.0,27.0,9.0,0.0,3.0,14.0,21.0,,,0.0
Premier League,Tim Ream,Fulham,USA,DF,35,1987,18,1503,4.0,1.0,1.0,8.0,6.0,1.0,1.0,26.0,9.0,,,0.0
Premier League,Timothy Castagne,Fulham,BEL,DF,27,1995,34,2634,3.0,0.0,0.0,22.0,11.0,3.0,50.0,37.0,25.0,,,0.0
Premier League,Tom Cairney,Fulham,SCO,MF,32,1991,34,1488,3.0,0.0,0.0,15.0,23.0,0.0,25.0,12.0,17.0,,,1.0
Premier League,Tosin Adarabioyo,Fulham,ENG,DF,25,1997,20,1617,2.0,0.0,0.0,10.0,5.0,0.0,2.0,24.0,12.0,,,0.0
Premier League,Willian,Fulham,BRA,"MF,FW",34,1988,31,2053,1.0,0.0,0.0,9.0,30.0,1.0,75.0,9.0,11.0,,,0.0
Premier League,Alexis Mac Allister,Liverpool,ARG,MF,24,1998,33,2599,7.0,1.0,0.0,53.0,47.0,0.0,31.0,32.0,52.0,,,0.0
Premier League,Alisson,Liverpool,BRA,GK,30,1992,28,2520,1.0,0.0,0.0,1.0,5.0,0.0,0.0,0.0,0.0,,,0.0
Premier League,Andy Robertson,Liverpool,SCO,DF,29,1994,23,1693,2.0,0.0,0.0,9.0,5.0,3.0,184.0,13.0,25.0,,,0.0
Premier League,Ben Gannon-Doak,Liverpool,SCO,MF,17,2005,1,14,0.0,0.0,0.0,0.0,0.0,0.0,0.0,0.0,0.0,,,0.0
Premier League,Bobby Clark,Liverpool,ENG,MF,18,2005,5,89,0.0,0.0,0.0,4.0,3.0,0.0,0.0,1.0,1.0,,,0.0
Premier League,Caoimhín Kelleher,Liverpool,IRL,GK,24,1998,10,900,0.0,0.0,0.0,0.0,0.0,0.0,0.0,0.0,0.0,,,0.0
Premier League,Cody Gakpo,Liverpool,NED,"FW,MF",24,1999,35,1649,1.0,0.0,0.0,28.0,38.0,8.0,21.0,11.0,18.0,,,0.0
Premier League,Conor Bradley,Liverpool,NIR,DF,20,2003,11,753,2.0,0.0,0.0,8.0,12.0,2.0,18.0,10.0,25.0,,,1.0
Premier League,Curtis Jones,Liverpool,ENG,MF,22,2001,23,1167,3.0,1.0,0.0,16.0,14.0,5.0,4.0,7.0,14.0,,,0.0
Premier League,Darwin Núñez,Liverpool,URU,FW,24,1999,36,2047,9.0,0.0,0.0,28.0,15.0,33.0,19.0,2.0,13.0,,,0.0
Premier League,Diogo Jota,Liverpool,POR,FW,26,1996,21,1145,3.0,1.0,1.0,27.0,21.0,3.0,9.0,7.0,13.0,,,0.0
Premier League,Dominik Szoboszlai,Liverpool,HUN,MF,22,2000,33,2104,1.0,0.0,0.0,29.0,29.0,3.0,113.0,14.0,18.0,,,0.0
Premier League,Harvey Elliott,Liverpool,ENG,"MF,FW",20,2003,34,1352,2.0,0.0,0.0,7.0,14.0,1.0,61.0,5.0,17.0,,,0.0
Premier League,Ibrahima Konaté,Liverpool,FRA,DF,24,1999,22,1574,5.0,1.0,1.0,25.0,13.0,0.0,1.0,19.0,23.0,,,0.0
Premier League,James McConnell,Liverpool,ENG,MF,18,2004,3,4,0.0,0.0,0.0,1.0,1.0,0.0,0.0,1.0,0.0,,,0.0
Premier League,Jarell Quansah,Liverpool,ENG,DF,20,2003,17,1190,1.0,0.0,0.0,10.0,2.0,0.0,0.0,16.0,22.0,,,0.0
Premier League,Jayden Danns,Liverpool,ENG,FW,17,2006,2,9,1.0,0.0,0.0,2.0,0.0,0.0,0.0,0.0,0.0,,,0.0
Premier League,Joe Gomez,Liverpool,ENG,DF,26,1997,32,1786,5.0,0.0,0.0,28.0,16.0,0.0,39.0,19.0,30.0,,,0.0
Premier League,Joël Matip,Liverpool,CMR,DF,31,1991,10,781,2.0,0.0,0.0,7.0,3.0,1.0,0.0,9.0,7.0,,,1.0
Premier League,Kaide Gordon,Liverpool,ENG,FW,18,2004,1,1,0.0,0.0,0.0,0.0,0.0,0.0,0.0,0.0,0.0,,,0.0
Premier League,Kostas Tsimikas,Liverpool,GRE,DF,27,1996,13,679,0.0,0.0,0.0,11.0,7.0,1.0,72.0,4.0,12.0,,,0.0
Premier League,Luis Díaz,Liverpool,COL,FW,26,1997,37,2629,3.0,0.0,0.0,54.0,42.0,20.0,27.0,3.0,26.0,,,0.0
Premier League,Mohamed Salah,Liverpool,EGY,FW,31,1992,32,2534,2.0,0.0,0.0,12.0,25.0,18.0,41.0,2.0,11.0,,,0.0
Premier League,Owen Beck,Liverpool,WAL,"DF,MF",20,2002,1,8,0.0,0.0,0.0,0.0,0.0,0.0,0.0,0.0,1.0,,,0.0
Premier League,Ryan Gravenberch,Liverpool,NED,MF,21,2002,26,1121,0.0,0.0,0.0,20.0,15.0,0.0,4.0,15.0,12.0,,,0.0
Premier League,Stefan Bajcetic,Liverpool,ESP,MF,18,2004,1,26,0.0,0.0,0.0,1.0,2.0,0.0,0.0,0.0,1.0,,,0.0
Premier League,Thiago Alcántara,Liverpool,ESP,MF,32,1991,1,6,0.0,0.0,0.0,0.0,0.0,0.0,0.0,0.0,0.0,,,0.0
Premier League,Trent Alexander-Arnold,Liverpool,ENG,DF,24,1998,28,2155,6.0,0.0,0.0,9.0,9.0,2.0,166.0,29.0,27.0,,,0.0
Premier League,Virgil van Dijk,Liverpool,NED,DF,32,1991,36,3177,3.0,1.0,0.0,23.0,13.0,1.0,0.0,35.0,23.0,,,0.0
Premier League,Wataru Endo,Liverpool,JPN,MF,30,1993,29,1722,10.0,0.0,0.0,50.0,25.0,0.0,4.0,19.0,28.0,,,0.0
Premier League,Albert Sambi Lokonga,Luton Town,BEL,MF,23,1999,17,1303,4.0,0.0,0.0,18.0,27.0,0.0,13.0,11.0,18.0,,,0.0
Premier League,Alfie Doughty,Luton Town,ENG,"MF,DF",23,1999,37,2925,5.0,0.0,0.0,31.0,9.0,14.0,340.0,30.0,37.0,,,0.0
Premier League,Amari'i Bell,Luton Town,JAM,DF,29,1994,21,1720,0.0,0.0,0.0,22.0,16.0,0.0,14.0,26.0,31.0,,,0.0
Premier League,Andros Townsend,Luton Town,ENG,"MF,FW",32,1991,27,1210,1.0,0.0,0.0,12.0,12.0,2.0,74.0,4.0,13.0,,,0.0
Premier League,Carlton Morris,Luton Town,ENG,"FW,MF",27,1995,38,2862,4.0,0.0,0.0,50.0,43.0,10.0,15.0,1.0,9.0,,,0.0
Premier League,Cauley Woodrow,Luton Town,ENG,FW,28,1994,24,427,2.0,0.0,0.0,8.0,4.0,2.0,10.0,1.0,10.0,,,0.0
Premier League,Chiedozie Ogbene,Luton Town,IRL,MF,26,1997,30,1995,1.0,0.0,0.0,9.0,50.0,7.0,79.0,7.0,9.0,,,0.0
Premier League,Daiki Hashioka,Luton Town,JPN,"DF,MF",24,1999,10,595,0.0,0.0,0.0,10.0,6.0,0.0,9.0,8.0,6.0,,,2.0
Premier League,Elijah Adebayo,Luton Town,ENG,FW,25,1998,27,1419,1.0,0.0,0.0,28.0,16.0,13.0,5.0,4.0,1.0,,,0.0
Premier League,Fred Onyedinma,Luton Town,ENG,MF,26,1996,8,407,1.0,0.0,0.0,10.0,6.0,0.0,13.0,1.0,5.0,,,0.0
Premier League,Gabriel Osho,Luton Town,NGA,DF,24,1998,21,1846,3.0,0.0,0.0,23.0,14.0,1.0,3.0,28.0,23.0,,,0.0
Premier League,Issa Kaboré,Luton Town,BFA,"MF,DF",22,2001,24,1729,7.0,0.0,0.0,27.0,30.0,2.0,65.0,15.0,28.0,,,1.0
Premier League,Jacob Brown,Luton Town,SCO,"MF,FW",25,1998,19,1019,4.0,0.0,0.0,19.0,19.0,6.0,9.0,9.0,12.0,,,0.0
Premier League,James Shea,Luton Town,ENG,GK,32,1991,1,15,0.0,0.0,0.0,0.0,0.0,0.0,0.0,0.0,0.0,,,0.0
Premier League,Jordan Clark,Luton Town,ENG,MF,29,1993,23,1304,4.0,0.0,0.0,12.0,26.0,4.0,23.0,10.0,16.0,,,0.0
Premier League,Joseph Johnson,Luton Town,ENG,DF,17,2006,2,77,1.0,0.0,0.0,1.0,0.0,0.0,0.0,0.0,0.0,,,0.0
Premier League,Luke Berry,Luton Town,ENG,MF,31,1992,17,323,1.0,0.0,0.0,6.0,7.0,0.0,8.0,0.0,2.0,,,0.0
Premier League,Mads Juel Andersen,Luton Town,DEN,DF,25,1997,8,400,1.0,0.0,0.0,6.0,2.0,0.0,0.0,8.0,5.0,,,0.0
Premier League,Marvelous Nakamba,Luton Town,ZIM,MF,29,1994,13,1130,5.0,0.0,0.0,24.0,9.0,0.0,4.0,10.0,26.0,,,0.0
Premier League,Pelly Ruddock Mpanzu,Luton Town,COD,MF,30,1993,27,1101,1.0,0.0,0.0,9.0,15.0,0.0,10.0,9.0,5.0,,,0.0
Premier League,Reece Burke,Luton Town,ENG,DF,26,1996,22,1660,5.0,0.0,0.0,20.0,12.0,0.0,13.0,21.0,24.0,,,0.0
Premier League,Ross Barkley,Luton Town,ENG,MF,29,1993,32,2618,6.0,0.0,0.0,25.0,39.0,0.0,46.0,25.0,20.0,,,0.0
Premier League,Ryan Giles,Luton Town,ENG,"MF,DF",23,2000,11,503,0.0,0.0,0.0,2.0,1.0,0.0,49.0,4.0,6.0,,,0.0
Premier League,Tahith Chong,Luton Town,CUW,"MF,FW",23,1999,33,1982,4.0,0.0,0.0,21.0,65.0,5.0,35.0,7.0,20.0,,,0.0
Premier League,Teden Mengi,Luton Town,ENG,DF,21,2002,30,2469,3.0,0.0,0.0,35.0,7.0,1.0,2.0,54.0,22.0,,,0.0
Premier League,Thomas Kaminski,Luton Town,BEL,GK,30,1992,38,3405,3.0,0.0,0.0,0.0,2.0,0.0,0.0,0.0,1.0,,,0.0
Premier League,Tom Lockyer,Luton Town,WAL,DF,28,1994,14,1169,4.0,0.0,0.0,15.0,10.0,0.0,1.0,23.0,16.0,,,1.0
Premier League,Zack Nelson,Luton Town,ENG,MF,18,2005,2,7,0.0,0.0,0.0,0.0,0.0,0.0,0.0,0.0,0.0,,,0.0
Premier League,Aymeric Laporte,Manchester City,ESP,DF,29,1994,1,12,0.0,0.0,0.0,0.0,0.0,0.0,0.0,0.0,0.0,,,0.0
Premier League,Bernardo Silva,Manchester City,POR,MF,28,1994,33,2578,8.0,0.0,0.0,22.0,26.0,3.0,83.0,14.0,24.0,,,0.0
Premier League,Cole Palmer,Manchester City,ENG,"FW,MF",21,2002,1,11,0.0,0.0,0.0,1.0,0.0,0.0,0.0,0.0,0.0,,,0.0
Premier League,Ederson Moraes,Manchester City,BRA,GK,29,1993,33,2785,5.0,0.0,0.0,2.0,4.0,0.0,0.0,0.0,0.0,,,0.0
Premier League,Erling Haaland,Manchester City,NOR,"FW,MF",23,2000,31,2552,1.0,0.0,0.0,18.0,30.0,6.0,5.0,2.0,3.0,,,0.0
Premier League,Jack Grealish,Manchester City,ENG,"MF,FW",27,1995,20,1009,6.0,0.0,0.0,6.0,41.0,2.0,16.0,6.0,8.0,,,0.0
Premier League,James Mcatee,Manchester City,ENG,MF,20,2002,1,1,0.0,0.0,0.0,0.0,0.0,0.0,0.0,0.0,0.0,,,0.0
Premier League,Jeremy Doku,Manchester City,BEL,"MF,FW",21,2002,29,1595,3.0,0.0,0.0,15.0,32.0,4.0,61.0,9.0,22.0,,,0.0
Premier League,John Stones,Manchester City,ENG,DF,29,1994,16,1064,2.0,0.0,0.0,3.0,5.0,0.0,5.0,10.0,1.0,,,0.0
Premier League,Joško Gvardiol,Manchester City,CRO,DF,21,2002,28,2328,3.0,0.0,0.0,20.0,23.0,2.0,33.0,27.0,33.0,,,0.0
Premier League,Julián Álvarez,Manchester City,ARG,"MF,FW",23,2000,36,2647,2.0,0.0,0.0,23.0,13.0,3.0,137.0,2.0,13.0,,,0.0
Premier League,Kalvin Phillips,Manchester City,ENG,"DF,MF",27,1995,4,93,0.0,0.0,0.0,3.0,2.0,0.0,2.0,2.0,3.0,,,0.0
Premier League,Kevin De Bruyne,Manchester City,BEL,MF,32,1991,18,1221,2.0,0.0,0.0,11.0,13.0,1.0,136.0,3.0,9.0,,,0.0
Premier League,Kyle Walker,Manchester City,ENG,"DF,MF",33,1990,32,2767,2.0,0.0,0.0,23.0,18.0,7.0,59.0,24.0,24.0,,,0.0
Premier League,Manuel Akanji,Manchester City,SUI,"DF,MF",28,1995,30,2511,4.0,1.0,1.0,17.0,19.0,0.0,9.0,22.0,28.0,,,0.0
Premier League,Mateo Kovačić,Manchester City,CRO,MF,29,1994,30,1551,4.0,0.0,0.0,16.0,15.0,0.0,0.0,10.0,26.0,,,0.0
Premier League,Matheus Nunes,Manchester City,POR,"MF,FW",24,1998,17,661,0.0,0.0,0.0,8.0,16.0,2.0,19.0,1.0,6.0,,,0.0
Premier League,Nathan Aké,Manchester City,NED,DF,28,1995,29,2042,0.0,0.0,0.0,10.0,18.0,0.0,11.0,15.0,16.0,,,0.0
Premier League,Oscar Bobb,Manchester City,NOR,MF,20,2003,14,302,0.0,0.0,0.0,2.0,3.0,0.0,5.0,5.0,3.0,,,0.0
Premier League,Phil Foden,Manchester City,ENG,MF,23,2000,35,2857,2.0,0.0,0.0,14.0,60.0,5.0,88.0,12.0,20.0,,,0.0
Premier League,Rico Lewis,Manchester City,ENG,"DF,MF",18,2004,16,809,1.0,0.0,0.0,7.0,20.0,0.0,1.0,4.0,7.0,,,0.0
Premier League,Rodri,Manchester City,ESP,"MF,DF",27,1996,34,2931,8.0,1.0,0.0,41.0,35.0,6.0,12.0,25.0,43.0,,,0.0
Premier League,Rúben Dias,Manchester City,POR,"DF,MF",26,1997,30,2559,0.0,0.0,0.0,23.0,15.0,0.0,13.0,30.0,21.0,,,1.0
Premier League,Sergio Gómez,Manchester City,ESP,"DF,MF",22,2000,6,53,0.0,0.0,0.0,2.0,0.0,1.0,4.0,1.0,0.0,,,0.0
Premier League,Stefan Ortega,Manchester City,GER,GK,30,1992,9,635,0.0,0.0,0.0,0.0,1.0,0.0,0.0,0.0,0.0,,,0.0
Premier League,Aaron Wan-Bissaka,Manchester Utd,COD,DF,25,1997,22,1780,4.0,0.0,0.0,17.0,9.0,0.0,12.0,39.0,25.0,,,0.0
Premier League,Alejandro Garnacho,Manchester Utd,ARG,MF,19,2004,36,2565,4.0,0.0,0.0,20.0,54.0,15.0,59.0,18.0,15.0,,,0.0
Premier League,Amad Diallo,Manchester Utd,CIV,MF,21,2002,9,390,1.0,0.0,0.0,5.0,4.0,0.0,1.0,1.0,4.0,,,0.0
Premier League,André Onana,Manchester Utd,CMR,GK,27,1996,38,3420,5.0,0.0,0.0,1.0,4.0,0.0,0.0,0.0,0.0,,,0.0
Premier League,Anthony Martial,Manchester Utd,FRA,FW,27,1995,13,448,0.0,0.0,0.0,3.0,6.0,3.0,0.0,0.0,1.0,,,0.0
Premier League,Antony,Manchester Utd,BRA,MF,23,2000,29,1324,5.0,0.0,0.0,19.0,32.0,2.0,15.0,11.0,22.0,,,0.0
Premier League,Bruno Fernandes,Manchester Utd,POR,MF,28,1994,35,3118,9.0,0.0,0.0,41.0,27.0,13.0,225.0,25.0,37.0,,,0.0
Premier League,Casemiro,Manchester Utd,BRA,"MF,DF",31,1992,25,1982,7.0,0.0,0.0,30.0,10.0,6.0,13.0,18.0,54.0,,,0.0
Premier League,Christian Eriksen,Manchester Utd,DEN,MF,31,1992,22,1141,1.0,0.0,0.0,6.0,3.0,1.0,42.0,4.0,14.0,,,0.0
Premier League,Daniel Gore,Manchester Utd,ENG,MF,18,2004,1,1,0.0,0.0,0.0,0.0,1.0,0.0,0.0,1.0,1.0,,,0.0
Premier League,Diogo Dalot,Manchester Utd,POR,DF,24,1999,36,3174,6.0,1.0,1.0,45.0,14.0,2.0,81.0,38.0,50.0,,,0.0
Premier League,Donny van de Beek,Manchester Utd,NED,MF,26,1997,1,3,0.0,0.0,0.0,0.0,0.0,0.0,0.0,0.0,0.0,,,0.0
Premier League,Ethan Wheatley,Manchester Utd,ENG,FW,17,2006,3,16,0.0,0.0,0.0,3.0,0.0,0.0,0.0,2.0,1.0,,,0.0
Premier League,Facundo Pellistri,Manchester Utd,URU,MF,21,2001,9,172,0.0,0.0,0.0,4.0,6.0,0.0,5.0,1.0,2.0,,,0.0
Premier League,Hannibal Mejbri,Manchester Utd,TUN,MF,20,2003,5,133,1.0,0.0,0.0,5.0,6.0,1.0,1.0,0.0,3.0,,,0.0
Premier League,Harry Maguire,Manchester Utd,ENG,DF,30,1993,22,1653,4.0,0.0,0.0,21.0,10.0,6.0,4.0,24.0,17.0,,,0.0
Premier League,Jadon Sancho,Manchester Utd,ENG,"FW,MF",23,2000,3,79,0.0,0.0,0.0,0.0,2.0,1.0,1.0,1.0,1.0,,,0.0
Premier League,Jonny Evans,Manchester Utd,NIR,DF,35,1988,23,1392,2.0,0.0,0.0,17.0,13.0,0.0,0.0,23.0,15.0,,,0.0
Premier League,Kobbie Mainoo,Manchester Utd,ENG,MF,18,2005,24,1924,3.0,0.0,0.0,16.0,23.0,0.0,7.0,22.0,26.0,,,0.0
Premier League,Lisandro Martínez,Manchester Utd,ARG,DF,25,1998,11,646,3.0,0.0,0.0,6.0,3.0,0.0,2.0,5.0,9.0,,,1.0
Premier League,Luke Shaw,Manchester Utd,ENG,DF,28,1995,12,959,6.0,0.0,0.0,14.0,3.0,0.0,33.0,6.0,9.0,,,0.0
Premier League,Marcus Rashford,Manchester Utd,ENG,"MF,FW",25,1997,33,2271,2.0,0.0,0.0,12.0,21.0,12.0,35.0,4.0,13.0,,,0.0
Premier League,Mason Mount,Manchester Utd,ENG,MF,24,1999,14,516,2.0,0.0,0.0,10.0,9.0,0.0,14.0,6.0,14.0,,,0.0
Premier League,Omari Forson,Manchester Utd,ENG,MF,19,2004,4,70,0.0,0.0,0.0,1.0,0.0,0.0,0.0,0.0,0.0,,,0.0
Premier League,Raphaël Varane,Manchester Utd,FRA,DF,30,1993,22,1375,2.0,0.0,0.0,8.0,3.0,2.0,0.0,14.0,10.0,,,0.0
Premier League,Rasmus Højlund,Manchester Utd,DEN,FW,20,2003,30,2158,2.0,0.0,0.0,20.0,30.0,15.0,6.0,1.0,6.0,,,0.0
Premier League,Scott McTominay,Manchester Utd,SCO,"MF,FW",26,1996,32,1901,2.0,0.0,0.0,27.0,21.0,6.0,4.0,14.0,23.0,,,0.0
Premier League,Sergio Reguilón,Manchester Utd,ESP,DF,26,1996,9,412,3.0,0.0,0.0,4.0,11.0,3.0,30.0,5.0,9.0,,,0.0
Premier League,Sofyan Amrabat,Manchester Utd,MAR,"MF,DF",26,1996,21,938,6.0,0.0,0.0,24.0,10.0,0.0,7.0,8.0,15.0,,,0.0
Premier League,Victor Lindelöf,Manchester Utd,SWE,DF,29,1994,19,1328,2.0,0.0,0.0,15.0,2.0,3.0,1.0,13.0,11.0,,,0.0
Premier League,Willy Kambwala,Manchester Utd,FRA,DF,18,2004,8,330,1.0,0.0,0.0,4.0,2.0,0.0,0.0,4.0,1.0,,,0.0
Premier League,Alex Murphy,Newcastle,IRL,DF,19,2004,2,13,0.0,0.0,0.0,2.0,0.0,0.0,0.0,1.0,1.0,,,0.0
Premier League,Alexander Isak,Newcastle,SWE,FW,23,1999,30,2255,1.0,0.0,0.0,14.0,16.0,17.0,10.0,6.0,0.0,,,0.0
Premier League,Amadou Diallo,Newcastle,ENG,FW,20,2003,1,1,0.0,0.0,0.0,0.0,0.0,0.0,0.0,0.0,0.0,,,0.0
Premier League,Anthony Gordon,Newcastle,ENG,FW,22,2001,35,2890,12.0,1.0,1.0,38.0,64.0,8.0,111.0,6.0,33.0,,,0.0
Premier League,Ben Parkinson,Newcastle,ENG,FW,18,2005,1,25,0.0,0.0,0.0,0.0,0.0,1.0,0.0,0.0,0.0,,,0.0
Premier League,Bruno Guimarães,Newcastle,BRA,MF,25,1997,37,3263,9.0,0.0,0.0,50.0,108.0,0.0,33.0,31.0,52.0,,,0.0
Premier League,Callum Wilson,Newcastle,ENG,FW,31,1992,20,991,3.0,0.0,0.0,15.0,17.0,4.0,3.0,1.0,3.0,,,0.0
Premier League,Dan Burn,Newcastle,ENG,DF,31,1992,33,2726,4.0,0.0,0.0,32.0,11.0,4.0,11.0,35.0,34.0,,,0.0
Premier League,Elliot Anderson,Newcastle,ENG,"MF,FW",20,2002,21,1027,3.0,0.0,0.0,22.0,19.0,1.0,19.0,9.0,18.0,,,0.0
Premier League,Emil Krafth,Newcastle,SWE,DF,28,1994,17,913,2.0,0.0,0.0,11.0,7.0,0.0,17.0,8.0,11.0,,,0.0
Premier League,Fabian Schär,Newcastle,SUI,DF,31,1991,36,3054,5.0,0.0,0.0,37.0,26.0,0.0,8.0,33.0,25.0,,,0.0
Premier League,Harvey Barnes,Newcastle,ENG,"FW,MF",25,1997,21,802,2.0,0.0,0.0,4.0,21.0,2.0,12.0,3.0,1.0,,,0.0
Premier League,Jacob Murphy,Newcastle,ENG,"FW,MF",28,1995,21,1189,1.0,0.0,0.0,7.0,15.0,1.0,78.0,5.0,12.0,,,0.0
Premier League,Jamaal Lascelles,Newcastle,ENG,DF,29,1993,16,1080,4.0,0.0,0.0,17.0,2.0,1.0,1.0,5.0,9.0,,,0.0
Premier League,Joe White,Newcastle,ENG,MF,20,2002,4,13,1.0,0.0,0.0,2.0,0.0,0.0,0.0,0.0,1.0,,,0.0
Premier League,Joe Willock,Newcastle,ENG,MF,23,1999,9,419,0.0,0.0,0.0,3.0,3.0,1.0,6.0,1.0,7.0,,,0.0
Premier League,Joelinton,Newcastle,BRA,"MF,FW",26,1996,20,1279,6.0,0.0,0.0,28.0,22.0,0.0,2.0,19.0,26.0,,,0.0
Premier League,Kieran Trippier,Newcastle,ENG,DF,32,1990,28,2236,5.0,0.0,0.0,27.0,21.0,3.0,214.0,24.0,27.0,,,0.0
Premier League,Lewis Hall,Newcastle,ENG,DF,18,2004,18,781,2.0,0.0,0.0,5.0,5.0,0.0,23.0,13.0,17.0,,,0.0
Premier League,Lewis Miley,Newcastle,ENG,MF,17,2006,17,1202,1.0,0.0,0.0,5.0,6.0,2.0,12.0,8.0,21.0,,,0.0
Premier League,Loris Karius,Newcastle,GER,GK,30,1993,1,90,0.0,0.0,0.0,0.0,0.0,0.0,0.0,0.0,0.0,,,0.0
Premier League,Martin Dúbravka,Newcastle,SVK,GK,34,1989,23,1985,1.0,0.0,0.0,2.0,5.0,0.0,0.0,0.0,0.0,,,0.0
Premier League,Matt Ritchie,Newcastle,SCO,"DF,MF",33,1989,13,128,1.0,0.0,0.0,2.0,1.0,0.0,7.0,1.0,3.0,,,0.0
Premier League,Matt Targett,Newcastle,ENG,DF,27,1995,3,78,1.0,0.0,0.0,0.0,2.0,0.0,0.0,0.0,0.0,,,0.0
Premier League,Michael Ndiweni,Newcastle,ENG,MF,19,2003,1,1,0.0,0.0,0.0,0.0,0.0,0.0,0.0,0.0,0.0,,,0.0
Premier League,Miguel Almirón,Newcastle,PAR,FW,29,1994,33,1937,2.0,0.0,0.0,16.0,22.0,10.0,24.0,10.0,24.0,,,0.0
Premier League,Nick Pope,Newcastle,ENG,GK,31,1992,15,1345,1.0,0.0,0.0,0.0,3.0,0.0,0.0,0.0,0.0,,,0.0
Premier League,Paul Dummett,Newcastle,WAL,DF,31,1991,5,20,0.0,0.0,0.0,1.0,0.0,0.0,0.0,0.0,0.0,,,0.0
Premier League,Sandro Tonali,Newcastle,ITA,MF,23,2000,8,438,2.0,0.0,0.0,9.0,6.0,0.0,11.0,2.0,7.0,,,0.0
Premier League,Sean Longstaff,Newcastle,ENG,MF,25,1997,35,2747,7.0,0.0,0.0,24.0,33.0,2.0,25.0,16.0,31.0,,,0.0
Premier League,Sven Botman,Newcastle,NED,DF,23,2000,17,1377,2.0,0.0,0.0,9.0,2.0,1.0,0.0,9.0,13.0,,,1.0
Premier League,Tino Livramento,Newcastle,ENG,DF,20,2002,26,1314,1.0,0.0,0.0,3.0,28.0,1.0,26.0,24.0,14.0,,,0.0
Premier League,Andrew Omobamidele,Nottingham,IRL,DF,21,2002,11,783,2.0,0.0,0.0,6.0,3.0,0.0,0.0,12.0,3.0,,,1.0
Premier League,Andrey Santos,Nottingham,BRA,MF,19,2004,1,8,0.0,0.0,0.0,0.0,0.0,0.0,0.0,0.0,0.0,,,0.0
Premier League,Anthony Elanga,Nottingham,SWE,"MF,FW",21,2002,36,2433,1.0,0.0,0.0,9.0,26.0,19.0,57.0,8.0,19.0,,,0.0
Premier League,Brandon Aguilera,Nottingham,CRC,MF,20,2003,1,5,0.0,0.0,0.0,3.0,0.0,0.0,0.0,0.0,0.0,,,0.0
Premier League,Brennan Johnson,Nottingham,WAL,"FW,MF",22,2001,3,237,0.0,0.0,0.0,1.0,7.0,1.0,2.0,0.0,0.0,,,0.0
Premier League,Callum Hudson-Odoi,Nottingham,ENG,"MF,FW",22,2000,29,1854,0.0,0.0,0.0,14.0,30.0,9.0,73.0,6.0,8.0,,,0.0
Premier League,Cheikhou Kouyaté,Nottingham,SEN,MF,33,1989,12,212,2.0,0.0,0.0,6.0,2.0,0.0,0.0,2.0,5.0,,,0.0
Premier League,Chris Wood,Nottingham,NZL,FW,31,1991,31,1812,0.0,0.0,0.0,22.0,13.0,7.0,2.0,1.0,4.0,,,0.0
Premier League,Danilo Santos,Nottingham,BRA,MF,22,2001,29,1792,4.0,0.0,0.0,13.0,9.0,2.0,26.0,33.0,22.0,,,0.0
Premier League,Divock Origi,Nottingham,BEL,"MF,FW",28,1995,20,606,1.0,0.0,0.0,14.0,8.0,5.0,13.0,2.0,4.0,,,0.0
Premier League,Felipe,Nottingham,BRA,DF,34,1989,7,375,4.0,0.0,0.0,10.0,2.0,0.0,0.0,4.0,9.0,,,0.0
Premier League,Gio Reyna,Nottingham,USA,MF,20,2002,9,235,0.0,0.0,0.0,3.0,2.0,0.0,8.0,2.0,3.0,,,0.0
Premier League,Gonzalo Montiel,Nottingham,ARG,DF,26,1997,14,801,5.0,0.0,0.0,6.0,1.0,2.0,16.0,7.0,19.0,,,0.0
Premier League,Harry Toffolo,Nottingham,ENG,"DF,MF",27,1995,23,1459,3.0,0.0,0.0,17.0,2.0,0.0,46.0,12.0,15.0,,,0.0
Premier League,Ibrahim Sangaré,Nottingham,CIV,MF,25,1997,17,1035,6.0,0.0,0.0,22.0,9.0,2.0,2.0,14.0,22.0,,,0.0
Premier League,Joe Worrall,Nottingham,ENG,DF,26,1997,7,439,0.0,1.0,0.0,3.0,2.0,0.0,0.0,3.0,5.0,,,0.0
Premier League,Matt Turner,Nottingham,USA,GK,29,1994,17,1530,2.0,0.0,0.0,0.0,3.0,0.0,0.0,0.0,0.0,,,0.0
Premier League,Matz Sels,Nottingham,BEL,GK,31,1992,16,1440,1.0,0.0,0.0,0.0,3.0,0.0,0.0,0.0,0.0,,,0.0
Premier League,Morgan Gibbs-White,Nottingham,ENG,"MF,FW",23,2000,37,3156,9.0,0.0,0.0,37.0,57.0,6.0,181.0,18.0,24.0,,,0.0
Premier League,Moussa Niakhaté,Nottingham,SEN,DF,27,1996,21,1460,5.0,1.0,1.0,11.0,4.0,0.0,11.0,14.0,25.0,,,0.0
Premier League,Murillo,Nottingham,BRA,DF,21,2002,32,2789,5.0,0.0,0.0,38.0,7.0,0.0,3.0,40.0,33.0,,,1.0
Premier League,Neco Williams,Nottingham,WAL,"DF,MF",22,2001,26,1637,4.0,0.0,0.0,23.0,30.0,4.0,69.0,23.0,39.0,,,0.0
Premier League,Nicolás Domínguez,Nottingham,ARG,MF,25,1998,26,1495,4.0,0.0,0.0,26.0,16.0,2.0,6.0,18.0,35.0,,,0.0
Premier League,Nuno Tavares,Nottingham,POR,DF,23,2000,8,457,2.0,0.0,0.0,8.0,2.0,0.0,16.0,1.0,7.0,,,0.0
Premier League,Odysseas Vlachodimos,Nottingham,GRE,GK,29,1994,5,450,0.0,0.0,0.0,0.0,1.0,0.0,0.0,0.0,0.0,,,0.0
Premier League,Ola Aina,Nottingham,NGA,"DF,MF",26,1996,22,1692,3.0,0.0,0.0,18.0,25.0,2.0,27.0,17.0,29.0,,,0.0
Premier League,Orel Mangala,Nottingham,BEL,MF,25,1998,20,1563,6.0,0.0,0.0,23.0,21.0,0.0,2.0,27.0,12.0,,,0.0
Premier League,Rodrigo Ribeiro,Nottingham,POR,FW,18,2005,4,17,0.0,0.0,0.0,1.0,0.0,0.0,0.0,1.0,0.0,,,0.0
Premier League,Ryan Yates,Nottingham,ENG,MF,25,1997,35,1992,6.0,0.0,0.0,54.0,57.0,2.0,6.0,21.0,37.0,,,0.0
Premier League,Scott McKenna,Nottingham,SCO,DF,26,1996,5,416,0.0,0.0,0.0,3.0,2.0,0.0,0.0,4.0,0.0,,,0.0
Premier League,Serge Aurier,Nottingham,CIV,"DF,MF",30,1992,12,833,2.0,0.0,0.0,8.0,9.0,0.0,22.0,8.0,14.0,,,0.0
Premier League,Taiwo Awoniyi,Nottingham,NGA,FW,25,1997,20,1042,2.0,0.0,0.0,9.0,16.0,13.0,1.0,1.0,6.0,,,0.0
Premier League,Willy Boly,Nottingham,CIV,DF,32,1991,20,1438,3.0,1.0,1.0,20.0,2.0,1.0,1.0,24.0,30.0,,,0.0
Premier League,Andre Brooks,Sheffield United,JAM,MF,19,2003,20,938,1.0,0.0,0.0,11.0,9.0,0.0,8.0,15.0,10.0,,,0.0
Premier League,Anel Ahmedhodžić,Sheffield United,BIH,DF,24,1999,31,2649,11.0,1.0,1.0,34.0,13.0,2.0,6.0,33.0,35.0,,,0.0
Premier League,Anis Ben Slimane,Sheffield United,TUN,MF,22,2001,15,419,2.0,0.0,0.0,7.0,6.0,2.0,1.0,5.0,6.0,,,1.0
Premier League,Antwoine Hackford,Sheffield United,ENG,FW,19,2004,2,13,0.0,0.0,0.0,0.0,0.0,0.0,0.0,0.0,0.0,,,0.0
Premier League,Auston Trusty,Sheffield United,USA,DF,24,1998,32,2572,4.0,0.0,0.0,23.0,12.0,3.0,6.0,34.0,29.0,,,0.0
Premier League,Ben Brereton,Sheffield United,CHI,"FW,MF",24,1999,14,1105,3.0,0.0,0.0,11.0,19.0,10.0,9.0,3.0,4.0,,,0.0
Premier League,Ben Osborn,Sheffield United,ENG,MF,28,1994,24,1367,3.0,0.0,0.0,8.0,9.0,1.0,47.0,8.0,8.0,,,1.0
Premier League,Bénie Traoré,Sheffield United,CIV,"FW,MF",20,2002,8,387,0.0,0.0,0.0,10.0,4.0,1.0,3.0,1.0,2.0,,,0.0
Premier League,Cameron Archer,Sheffield United,ENG,"FW,MF",22,2001,29,1832,1.0,0.0,0.0,14.0,20.0,13.0,5.0,1.0,12.0,,,0.0
Premier League,Chris Basham,Sheffield United,ENG,"DF,MF",35,1988,8,321,1.0,0.0,0.0,3.0,3.0,2.0,4.0,4.0,2.0,,,0.0
Premier League,Daniel Jebbison,Sheffield United,CAN,FW,19,2003,1,21,0.0,0.0,0.0,0.0,0.0,0.0,0.0,0.0,0.0,,,0.0
Premier League,George Baldock,Sheffield United,GRE,"DF,MF",30,1993,13,969,4.0,0.0,0.0,18.0,14.0,1.0,18.0,10.0,9.0,,,0.0
Premier League,Gustavo Hamer,Sheffield United,NED,MF,26,1997,36,2910,9.0,0.0,0.0,50.0,17.0,6.0,118.0,26.0,20.0,,,0.0
Premier League,Ivo Grbić,Sheffield United,CRO,GK,27,1996,9,771,1.0,0.0,0.0,0.0,2.0,0.0,0.0,0.0,0.0,,,0.0
Premier League,Jack Robinson,Sheffield United,ENG,DF,29,1993,34,2885,10.0,0.0,0.0,19.0,16.0,1.0,12.0,29.0,30.0,,,2.0
Premier League,James Mcatee,Sheffield United,ENG,"MF,FW",20,2002,30,1822,2.0,0.0,0.0,15.0,29.0,1.0,35.0,11.0,20.0,,,0.0
Premier League,Jayden Bogle,Sheffield United,ENG,"MF,DF",23,2000,34,2788,9.0,0.0,0.0,39.0,22.0,4.0,41.0,32.0,37.0,,,1.0
Premier League,John Egan,Sheffield United,IRL,DF,30,1992,6,482,2.0,0.0,0.0,6.0,1.0,0.0,0.0,13.0,3.0,,,0.0
Premier League,John Fleck,Sheffield United,SCO,MF,31,1991,4,92,1.0,0.0,0.0,2.0,2.0,0.0,0.0,0.0,0.0,,,0.0
Premier League,Luke Thomas,Sheffield United,ENG,"MF,DF",22,2001,12,917,3.0,0.0,0.0,10.0,13.0,0.0,13.0,10.0,9.0,,,0.0
Premier League,Mason Holgate,Sheffield United,JAM,DF,26,1996,10,710,3.0,1.0,0.0,8.0,4.0,0.0,7.0,10.0,7.0,,,0.0
Premier League,Max Lowe,Sheffield United,ENG,"MF,DF",26,1997,10,503,1.0,0.0,0.0,7.0,3.0,1.0,8.0,4.0,9.0,,,0.0
Premier League,Oliver Arblaster,Sheffield United,ENG,MF,19,2004,12,943,2.0,0.0,0.0,10.0,12.0,0.0,7.0,15.0,17.0,,,1.0
Premier League,Oliver McBurnie,Sheffield United,SCO,FW,27,1996,21,1280,7.0,2.0,2.0,19.0,27.0,4.0,5.0,5.0,6.0,,,0.0
Premier League,Oliver Norwood,Sheffield United,NIR,MF,32,1991,27,1440,8.0,0.0,0.0,15.0,9.0,0.0,52.0,19.0,26.0,,,0.0
Premier League,Rhian Brewster,Sheffield United,ENG,FW,23,2000,13,346,0.0,1.0,0.0,5.0,5.0,1.0,3.0,1.0,1.0,,,0.0
Premier League,Rhys Norrington-Davies,Sheffield United,WAL,DF,24,1999,5,110,1.0,0.0,0.0,3.0,1.0,1.0,2.0,1.0,1.0,,,0.0
Premier League,Ryan One,Sheffield United,SCO,MF,17,2006,1,8,0.0,0.0,0.0,0.0,0.0,0.0,0.0,0.0,0.0,,,0.0
Premier League,Sam Curtis,Sheffield United,IRL,DF,17,2005,1,28,0.0,0.0,0.0,0.0,0.0,0.0,1.0,0.0,0.0,,,0.0
Premier League,Sydie Peck,Sheffield United,ENG,MF,18,2004,1,10,0.0,0.0,0.0,0.0,0.0,0.0,0.0,0.0,0.0,,,0.0
Premier League,Tom Davies,Sheffield United,ENG,MF,25,1998,9,221,2.0,0.0,0.0,7.0,2.0,0.0,4.0,3.0,5.0,,,0.0
Premier League,Vinicius Souza,Sheffield United,BRA,MF,24,1999,36,2668,3.0,0.0,0.0,48.0,14.0,2.0,10.0,30.0,73.0,,,0.0
Premier League,Wes Foderingham,Sheffield United,ENG,GK,32,1991,30,2649,2.0,0.0,0.0,1.0,12.0,0.0,0.0,0.0,5.0,,,1.0
Premier League,William Osula,Sheffield United,DEN,FW,19,2003,21,786,4.0,0.0,0.0,15.0,12.0,6.0,2.0,2.0,2.0,,,0.0
Premier League,Yasser Larouci,Sheffield United,ALG,MF,22,2001,11,531,1.0,0.0,0.0,5.0,5.0,1.0,6.0,7.0,9.0,,,0.0
Premier League,Alejo Véliz,Tottenham,ARG,FW,19,2003,8,50,1.0,0.0,0.0,0.0,1.0,3.0,0.0,0.0,0.0,,,0.0
Premier League,Ben Davies,Tottenham,WAL,DF,30,1993,17,1090,2.0,0.0,0.0,8.0,19.0,0.0,10.0,10.0,16.0,,,0.0
Premier League,Brennan Johnson,Tottenham,WAL,"MF,FW",22,2001,32,2085,3.0,0.0,0.0,17.0,29.0,12.0,71.0,9.0,15.0,,,0.0
Premier League,Bryan Gil,Tottenham,ESP,MF,22,2001,11,209,0.0,0.0,0.0,2.0,3.0,1.0,12.0,2.0,0.0,,,0.0
Premier League,Cristian Romero,Tottenham,ARG,DF,25,1998,33,2790,7.0,1.0,0.0,31.0,24.0,1.0,3.0,43.0,41.0,,,1.0
Premier League,Dane Scarlett,Tottenham,ENG,FW,19,2004,4,22,0.0,0.0,0.0,1.0,2.0,0.0,0.0,0.0,1.0,,,0.0
Premier League,Davinson Sánchez,Tottenham,COL,DF,27,1996,1,77,1.0,0.0,0.0,2.0,1.0,0.0,0.0,1.0,0.0,,,0.0
Premier League,Dejan Kulusevski,Tottenham,SWE,"MF,FW",23,2000,36,2762,7.0,0.0,0.0,54.0,29.0,10.0,89.0,17.0,33.0,,,0.0
Premier League,Destiny Udogie,Tottenham,ITA,DF,20,2002,28,2391,7.0,1.0,1.0,51.0,36.0,3.0,22.0,37.0,33.0,,,0.0
Premier League,Emerson,Tottenham,BRA,DF,24,1999,22,1161,4.0,0.0,0.0,14.0,38.0,0.0,14.0,18.0,24.0,,,0.0
Premier League,Eric Dier,Tottenham,ENG,DF,29,1994,4,201,0.0,0.0,0.0,0.0,1.0,2.0,0.0,1.0,1.0,,,0.0
Premier League,Giovani Lo Celso,Tottenham,ARG,MF,27,1996,22,506,2.0,0.0,0.0,12.0,26.0,1.0,14.0,5.0,13.0,,,0.0
Premier League,Guglielmo Vicario,Tottenham,ITA,GK,26,1996,38,3420,2.0,0.0,0.0,0.0,8.0,0.0,0.0,1.0,0.0,,,0.0
Premier League,Ivan Perišić,Tottenham,CRO,"FW,MF",34,1989,5,103,2.0,0.0,0.0,2.0,1.0,0.0,13.0,2.0,2.0,,,0.0
Premier League,James Maddison,Tottenham,ENG,MF,26,1996,28,2135,5.0,0.0,0.0,21.0,74.0,2.0,134.0,14.0,19.0,,,0.0
Premier League,Jamie Donley,Tottenham,NIR,MF,18,2005,3,3,1.0,0.0,0.0,1.0,1.0,0.0,0.0,0.0,0.0,,,0.0
Premier League,Manor Solomon,Tottenham,ISR,MF,24,1999,5,199,1.0,0.0,0.0,2.0,1.0,1.0,5.0,3.0,3.0,,,0.0
Premier League,Micky van de Ven,Tottenham,NED,DF,22,2001,27,2339,5.0,0.0,0.0,13.0,17.0,1.0,3.0,17.0,34.0,,,0.0
Premier League,Mikey Moore,Tottenham,ENG,MF,15,2007,2,4,0.0,0.0,0.0,1.0,0.0,0.0,0.0,0.0,0.0,,,0.0
Premier League,Oliver Skipp,Tottenham,ENG,"MF,DF",22,2000,21,707,3.0,0.0,0.0,8.0,12.0,0.0,1.0,4.0,13.0,,,0.0
Premier League,Pape Matar Sarr,Tottenham,SEN,MF,20,2002,34,2069,9.0,0.0,0.0,32.0,17.0,0.0,25.0,30.0,24.0,,,0.0
Premier League,Pedro Porro,Tottenham,ESP,DF,23,1999,35,3089,3.0,0.0,0.0,37.0,27.0,1.0,198.0,33.0,65.0,,,0.0
Premier League,Pierre Højbjerg,Tottenham,DEN,MF,27,1995,36,1311,4.0,0.0,0.0,20.0,17.0,0.0,14.0,16.0,16.0,,,1.0
Premier League,Radu Drăgușin,Tottenham,ROU,DF,21,2002,9,429,1.0,0.0,0.0,6.0,4.0,1.0,1.0,8.0,3.0,,,0.0
Premier League,Richarlison,Tottenham,BRA,"FW,MF",26,1997,28,1491,3.0,0.0,0.0,20.0,30.0,12.0,15.0,8.0,11.0,,,0.0
Premier League,Rodrigo Bentancur,Tottenham,URU,MF,26,1997,23,1005,7.0,0.0,0.0,20.0,17.0,0.0,9.0,16.0,16.0,,,0.0
Premier League,Son Heung-min,Tottenham,KOR,"FW,MF",31,1992,35,2934,1.0,0.0,0.0,12.0,39.0,20.0,36.0,8.0,13.0,,,1.0
Premier League,Timo Werner,Tottenham,GER,"MF,FW",27,1996,13,809,1.0,0.0,0.0,3.0,5.0,12.0,28.0,3.0,4.0,,,0.0
Premier League,Yves Bissouma,Tottenham,MLI,MF,26,1996,28,2068,10.0,2.0,1.0,35.0,31.0,0.0,1.0,34.0,51.0,,,0.0
Premier League,Aaron Cresswell,West Ham,ENG,DF,33,1989,11,436,1.0,0.0,0.0,2.0,3.0,1.0,11.0,4.0,2.0,,,0.0
Premier League,Alphonse Areola,West Ham,FRA,GK,30,1993,31,2699,1.0,0.0,0.0,2.0,3.0,0.0,0.0,1.0,1.0,,,1.0
Premier League,Angelo Ogbonna,West Ham,ITA,DF,35,1988,11,635,1.0,0.0,0.0,1.0,3.0,0.0,0.0,3.0,5.0,,,0.0
Premier League,Ben Johnson,West Ham,ENG,"MF,DF",23,2000,14,544,1.0,0.0,0.0,2.0,7.0,1.0,31.0,5.0,6.0,,,0.0
Premier League,Danny Ings,West Ham,ENG,"FW,MF",31,1992,20,404,1.0,0.0,0.0,4.0,6.0,1.0,1.0,4.0,3.0,,,0.0
Premier League,Divin Mubama,West Ham,ENG,FW,18,2004,5,80,0.0,0.0,0.0,1.0,1.0,0.0,0.0,0.0,0.0,,,0.0
Premier League,Edson Álvarez,West Ham,MEX,MF,25,1997,31,2377,11.0,0.0,0.0,33.0,15.0,1.0,4.0,43.0,40.0,,,0.0
Premier League,Emerson Palmieri,West Ham,ITA,DF,28,1994,36,3137,10.0,0.0,0.0,32.0,33.0,1.0,49.0,40.0,67.0,,,1.0
Premier League,George Earthy,West Ham,ENG,MF,18,2004,3,34,0.0,0.0,0.0,1.0,0.0,0.0,0.0,1.0,0.0,,,0.0
Premier League,James Ward-Prowse,West Ham,ENG,MF,28,1994,37,3001,4.0,0.0,0.0,24.0,20.0,0.0,189.0,38.0,30.0,,,0.0
Premier League,Jarrod Bowen,West Ham,ENG,"MF,FW",26,1996,34,3019,2.0,0.0,0.0,28.0,42.0,20.0,74.0,19.0,29.0,,,0.0
Premier League,Kaelan Casey,West Ham,ENG,DF,18,2004,1,1,0.0,0.0,0.0,0.0,0.0,0.0,0.0,0.0,0.0,,,0.0
Premier League,Kalvin Phillips,West Ham,ENG,MF,27,1995,8,309,3.0,1.0,1.0,14.0,5.0,0.0,1.0,3.0,5.0,,,0.0
Premier League,Konstantinos Mavropanos,West Ham,GRE,DF,25,1997,19,1500,2.0,0.0,0.0,15.0,10.0,0.0,1.0,24.0,15.0,,,2.0
Premier League,Kurt Zouma,West Ham,FRA,DF,28,1994,33,2838,3.0,0.0,0.0,24.0,6.0,0.0,0.0,27.0,17.0,,,0.0
Premier League,Lucas Paquetá,West Ham,BRA,MF,25,1997,31,2622,10.0,0.0,0.0,47.0,65.0,5.0,37.0,22.0,46.0,,,0.0
Premier League,Maxwel Cornet,West Ham,CIV,MF,26,1996,7,112,0.0,0.0,0.0,2.0,2.0,3.0,1.0,2.0,2.0,,,0.0
Premier League,Michail Antonio,West Ham,JAM,FW,33,1990,26,1695,6.0,0.0,0.0,25.0,28.0,9.0,25.0,2.0,8.0,,,0.0
Premier League,Mohammed Kudus,West Ham,GHA,MF,22,2000,33,2484,6.0,0.0,0.0,39.0,75.0,16.0,95.0,11.0,46.0,,,0.0
Premier League,Nayef Aguerd,West Ham,MAR,DF,27,1996,21,1857,3.0,1.0,1.0,10.0,6.0,0.0,5.0,16.0,14.0,,,0.0
Premier League,Pablo Fornals,West Ham,ESP,MF,27,1996,15,426,0.0,0.0,0.0,3.0,5.0,1.0,8.0,6.0,6.0,,,0.0
Premier League,Saïd Benrahma,West Ham,ALG,MF,27,1995,13,620,1.0,0.0,0.0,5.0,6.0,1.0,17.0,5.0,4.0,,,0.0
Premier League,Thilo Kehrer,West Ham,GER,DF,26,1996,4,22,2.0,0.0,0.0,2.0,0.0,0.0,0.0,0.0,1.0,,,0.0
Premier League,Tomáš Souček,West Ham,CZE,MF,28,1995,37,2870,7.0,0.0,0.0,41.0,25.0,10.0,6.0,33.0,36.0,,,0.0
Premier League,Vladimír Coufal,West Ham,CZE,DF,30,1992,36,3132,7.0,1.0,1.0,32.0,27.0,1.0,107.0,38.0,42.0,,,0.0
Premier League,Łukasz Fabiański,West Ham,POL,GK,38,1985,10,721,0.0,0.0,0.0,0.0,0.0,0.0,0.0,1.0,0.0,,,0.0
Premier League,Boubacar Traoré,Wolves,MLI,MF,21,2001,24,819,4.0,0.0,0.0,23.0,4.0,1.0,5.0,5.0,22.0,,,0.0
Premier League,Craig Dawson,Wolves,ENG,DF,33,1990,25,2209,7.0,0.0,0.0,20.0,15.0,4.0,1.0,16.0,19.0,,,0.0
Premier League,Daniel Bentley,Wolves,ENG,GK,30,1993,5,383,0.0,0.0,0.0,0.0,0.0,0.0,0.0,0.0,0.0,,,0.0
Premier League,Enso Gonzalez,Wolves,PAR,FW,18,2005,1,1,0.0,0.0,0.0,0.0,1.0,0.0,0.0,0.0,0.0,,,0.0
Premier League,Fábio Silva,Wolves,POR,FW,21,2002,8,264,2.0,0.0,0.0,8.0,4.0,5.0,0.0,2.0,4.0,,,0.0
Premier League,Hugo Bueno,Wolves,ESP,"MF,DF",20,2002,22,741,1.0,0.0,0.0,7.0,6.0,1.0,29.0,5.0,14.0,,,1.0
Premier League,Hwang Hee-chan,Wolves,KOR,"FW,MF",27,1996,29,2119,6.0,0.0,0.0,31.0,32.0,15.0,11.0,9.0,10.0,,,0.0
Premier League,Jean-Ricner Bellegarde,Wolves,HAI,"MF,FW",25,1998,22,958,0.0,1.0,0.0,10.0,24.0,2.0,30.0,8.0,9.0,,,0.0
Premier League,Jonny Castro,Wolves,ESP,"DF,MF",29,1994,1,5,0.0,0.0,0.0,0.0,0.0,0.0,0.0,0.0,0.0,,,0.0
Premier League,José Sá,Wolves,POR,GK,30,1993,35,3037,1.0,0.0,0.0,0.0,9.0,0.0,0.0,0.0,1.0,,,0.0
Premier League,João Gomes,Wolves,BRA,MF,22,2001,34,2649,11.0,0.0,0.0,66.0,38.0,1.0,25.0,18.0,75.0,,,0.0
Premier League,Leon Chiwome,Wolves,ENG,FW,17,2006,3,174,0.0,0.0,0.0,2.0,2.0,2.0,0.0,0.0,1.0,,,0.0
Premier League,Mario Lemina,Wolves,GAB,MF,29,1993,35,2968,12.0,1.0,1.0,43.0,24.0,8.0,15.0,41.0,58.0,,,0.0
Premier League,Matheus Cunha,Wolves,BRA,"FW,MF",24,1999,32,2440,9.0,0.0,0.0,31.0,50.0,4.0,24.0,11.0,15.0,,,0.0
Premier League,Matheus Nunes,Wolves,POR,MF,24,1998,2,179,2.0,1.0,1.0,0.0,6.0,3.0,3.0,5.0,1.0,,,0.0
Premier League,Matt Doherty,Wolves,IRL,"MF,DF",31,1992,30,1150,2.0,0.0,0.0,13.0,11.0,5.0,13.0,7.0,18.0,,,0.0
Premier League,Max Kilman,Wolves,ENG,DF,26,1997,38,3420,7.0,0.0,0.0,38.0,18.0,2.0,6.0,38.0,19.0,,,0.0
Premier League,Nathan Fraser,Wolves,IRL,FW,18,2005,7,186,1.0,0.0,0.0,5.0,3.0,0.0,0.0,1.0,2.0,,,0.0
Premier League,Nélson Semedo,Wolves,POR,"MF,DF",29,1993,36,3084,10.0,1.0,0.0,48.0,30.0,1.0,80.0,35.0,48.0,,,0.0
Premier League,Pablo Sarabia,Wolves,ESP,"MF,FW",31,1992,30,1745,5.0,0.0,0.0,21.0,25.0,10.0,132.0,9.0,14.0,,,0.0
Premier League,Pedro Neto,Wolves,POR,"MF,FW",23,2000,20,1516,4.0,0.0,0.0,15.0,21.0,2.0,114.0,5.0,4.0,,,0.0
Premier League,Rayan Aït-Nouri,Wolves,ALG,"MF,DF",22,2001,33,2329,7.0,0.0,0.0,25.0,53.0,9.0,42.0,16.0,45.0,,,0.0
Premier League,Santiago Bueno,Wolves,URU,DF,24,1998,12,822,1.0,0.0,0.0,10.0,5.0,0.0,2.0,6.0,7.0,,,0.0
Premier League,Saša Kalajdžić,Wolves,AUT,FW,26,1997,11,166,0.0,0.0,0.0,6.0,4.0,2.0,1.0,1.0,2.0,,,0.0
Premier League,Tawanda Chirewa,Wolves,ZIM,FW,19,2003,8,145,1.0,0.0,0.0,4.0,2.0,1.0,4.0,1.0,3.0,,,0.0
Premier League,Tommy Doyle,Wolves,ENG,MF,21,2001,26,1222,2.0,0.0,0.0,11.0,4.0,0.0,27.0,13.0,13.0,,,0.0
Premier League,Toti Gomes,Wolves,POR,DF,24,1999,35,2772,7.0,0.0,0.0,38.0,13.0,1.0,13.0,23.0,23.0,,,0.0
Serie A,Ademola Lookman,Atalanta,NGA,"FW,MF",25,1997,31,1894,4.0,0.0,0.0,28.0,34.0,12.0,69.0,9.0,15.0,,,0.0
Serie A,Aleksei Miranchuk,Atalanta,RUS,"MF,FW",27,1995,27,1176,1.0,0.0,0.0,12.0,31.0,3.0,83.0,3.0,6.0,,,0.0
Serie A,Berat Djimsiti,Atalanta,ALB,DF,30,1993,37,2832,5.0,0.0,0.0,17.0,11.0,0.0,6.0,59.0,24.0,,,0.0
Serie A,Charles De Ketelaere,Atalanta,BEL,"FW,MF",22,2001,35,2026,1.0,0.0,0.0,17.0,47.0,6.0,47.0,6.0,21.0,,,1.0
Serie A,Davide Zappacosta,Atalanta,ITA,MF,31,1992,31,1867,5.0,0.0,0.0,26.0,15.0,2.0,75.0,5.0,21.0,,,0.0
Serie A,Duván Zapata,Atalanta,COL,FW,32,1991,2,112,0.0,0.0,0.0,1.0,4.0,1.0,6.0,0.0,0.0,,,0.0
Serie A,El Bilal Touré,Atalanta,MLI,FW,21,2001,11,394,2.0,0.0,0.0,13.0,8.0,3.0,2.0,1.0,1.0,,,0.0
Serie A,Emil Holm,Atalanta,SWE,MF,23,2000,22,947,5.0,0.0,0.0,14.0,21.0,1.0,34.0,7.0,20.0,,,0.0
Serie A,Francesco Rossi,Atalanta,ITA,GK,32,1991,1,5,0.0,0.0,0.0,0.0,0.0,0.0,0.0,0.0,0.0,,,0.0
Serie A,Gianluca Scamacca,Atalanta,ITA,FW,24,1999,29,1453,1.0,0.0,0.0,28.0,28.0,9.0,5.0,4.0,9.0,,,0.0
Serie A,Giorgio Scalvini,Atalanta,ITA,DF,19,2003,33,2544,3.0,0.0,0.0,48.0,11.0,4.0,5.0,57.0,30.0,,,0.0
Serie A,Giovanni Bonfanti,Atalanta,ITA,DF,20,2003,2,89,0.0,0.0,0.0,2.0,1.0,0.0,2.0,1.0,2.0,,,0.0
Serie A,Hans Hateboer,Atalanta,NED,MF,29,1994,23,1113,5.0,0.0,0.0,16.0,3.0,0.0,35.0,4.0,5.0,,,0.0
Serie A,Isak Hien,Atalanta,SWE,DF,24,1999,16,937,3.0,0.0,0.0,18.0,9.0,2.0,0.0,14.0,12.0,,,0.0
Serie A,José Luis Palomino,Atalanta,ARG,DF,33,1990,4,27,0.0,0.0,0.0,0.0,0.0,0.0,0.0,1.0,1.0,,,0.0
Serie A,Juan Musso,Atalanta,ARG,GK,29,1994,11,990,0.0,0.0,0.0,1.0,0.0,0.0,0.0,0.0,0.0,,,0.0
Serie A,Leonardo Mendicino,Atalanta,ITA,MF,17,2006,1,1,0.0,0.0,0.0,0.0,0.0,0.0,0.0,0.0,0.0,,,0.0
Serie A,Luis Muriel,Atalanta,COL,FW,32,1991,18,409,0.0,0.0,0.0,6.0,14.0,1.0,31.0,1.0,2.0,,,0.0
Serie A,Marco Carnesecchi,Atalanta,ITA,GK,23,2000,27,2425,0.0,0.0,0.0,1.0,2.0,0.0,0.0,0.0,0.0,,,0.0
Serie A,Mario Pašalić,Atalanta,CRO,MF,28,1995,34,2051,3.0,0.0,0.0,20.0,7.0,6.0,10.0,17.0,16.0,,,0.0
Serie A,Marten de Roon,Atalanta,NED,"MF,DF",32,1991,30,2599,10.0,0.0,0.0,43.0,24.0,3.0,17.0,36.0,44.0,,,0.0
Serie A,Matteo Ruggeri,Atalanta,ITA,MF,21,2002,34,2449,3.0,0.0,0.0,21.0,9.0,2.0,101.0,22.0,15.0,,,0.0
Serie A,Michel Ndary Adopo,Atalanta,FRA,MF,23,2000,10,109,0.0,0.0,0.0,2.0,1.0,1.0,1.0,0.0,3.0,,,0.0
Serie A,Mitchel Bakker,Atalanta,NED,MF,23,2000,14,382,1.0,0.0,0.0,4.0,4.0,1.0,13.0,3.0,4.0,,,0.0
Serie A,Nadir Zortea,Atalanta,ITA,"DF,MF",24,1999,5,149,1.0,0.0,0.0,4.0,2.0,0.0,12.0,1.0,4.0,,,0.0
Serie A,Rafael Tolói,Atalanta,ITA,DF,32,1990,18,965,6.0,1.0,1.0,17.0,4.0,0.0,8.0,11.0,10.0,,,0.0
Serie A,Sead Kolašinac,Atalanta,BIH,DF,30,1993,30,2178,4.0,0.0,0.0,29.0,20.0,1.0,9.0,20.0,32.0,,,0.0
Serie A,Teun Koopmeiners,Atalanta,NED,MF,25,1998,34,2627,5.0,0.0,0.0,53.0,23.0,5.0,120.0,9.0,27.0,,,0.0
Serie A,Éderson Silva,Atalanta,BRA,MF,24,1999,36,2869,8.0,0.0,0.0,45.0,34.0,0.0,18.0,39.0,48.0,,,0.0
Serie A,Alexis Saelemaekers,Bologna,BEL,MF,24,1999,30,1887,7.0,1.0,1.0,16.0,58.0,2.0,86.0,14.0,22.0,,,0.0
Serie A,Babis Lykogiannis,Bologna,GRE,DF,29,1993,22,904,2.0,0.0,0.0,12.0,0.0,2.0,58.0,5.0,6.0,,,0.0
Serie A,Dan Ndoye,Bologna,SUI,"MF,FW",22,2000,32,1771,4.0,0.0,0.0,29.0,56.0,7.0,47.0,10.0,15.0,,,0.0
Serie A,Federico Ravaglia,Bologna,ITA,GK,23,1999,6,535,0.0,0.0,0.0,0.0,0.0,0.0,0.0,0.0,0.0,,,0.0
Serie A,Giovanni Fabbian,Bologna,ITA,MF,20,2003,27,1057,4.0,0.0,0.0,16.0,18.0,2.0,5.0,7.0,9.0,,,0.0
Serie A,Jens Odgaard,Bologna,DEN,"MF,FW",24,1999,10,431,1.0,0.0,0.0,14.0,11.0,7.0,8.0,1.0,4.0,,,0.0
Serie A,Jesper Karlsson,Bologna,SWE,MF,25,1998,7,344,0.0,0.0,0.0,4.0,1.0,1.0,25.0,3.0,3.0,,,0.0
Serie A,Jhon Lucumí,Bologna,COL,DF,25,1998,29,2217,1.0,0.0,0.0,10.0,18.0,1.0,1.0,15.0,29.0,,,0.0
Serie A,Joshua Zirkzee,Bologna,NED,FW,22,2001,34,2759,8.0,0.0,0.0,29.0,27.0,5.0,8.0,3.0,20.0,,,0.0
Serie A,Kacper Urbanski,Bologna,POL,"MF,FW",18,2004,22,926,2.0,0.0,0.0,11.0,11.0,3.0,21.0,4.0,9.0,,,0.0
Serie A,Kevin Bonifazi,Bologna,ITA,DF,27,1996,1,90,0.0,0.0,0.0,1.0,1.0,0.0,0.0,0.0,0.0,,,0.0
Serie A,Lewis Ferguson,Bologna,SCO,MF,23,1999,31,2712,8.0,0.0,0.0,51.0,72.0,4.0,11.0,15.0,22.0,,,0.0
Serie A,Lorenzo De Silvestri,Bologna,ITA,DF,35,1988,15,674,0.0,0.0,0.0,3.0,6.0,0.0,9.0,6.0,9.0,,,0.0
Serie A,Michel Aebischer,Bologna,SUI,MF,26,1997,36,2230,8.0,0.0,0.0,36.0,30.0,0.0,12.0,11.0,20.0,,,0.0
Serie A,Nicola Bagnolini,Bologna,ITA,GK,19,2004,1,5,0.0,0.0,0.0,0.0,0.0,0.0,0.0,0.0,0.0,,,0.0
Serie A,Nicolás Domínguez,Bologna,ARG,MF,25,1998,2,102,0.0,0.0,0.0,3.0,0.0,0.0,0.0,0.0,0.0,,,0.0
Serie A,Nikola Moro,Bologna,CRO,"MF,FW",25,1998,23,840,0.0,0.0,0.0,12.0,9.0,0.0,13.0,7.0,17.0,,,0.0
Serie A,Oussama El Azzouzi,Bologna,MAR,MF,22,2001,18,547,4.0,0.0,0.0,14.0,7.0,1.0,2.0,5.0,8.0,,,0.0
Serie A,Remo Freuler,Bologna,SUI,MF,31,1992,32,2624,9.0,0.0,0.0,44.0,15.0,0.0,8.0,34.0,50.0,,,0.0
Serie A,Riccardo Calafiori,Bologna,ITA,DF,21,2002,30,2349,4.0,0.0,0.0,35.0,27.0,2.0,9.0,51.0,31.0,,,1.0
Serie A,Riccardo Orsolini,Bologna,ITA,MF,26,1997,33,1792,2.0,0.0,0.0,16.0,41.0,14.0,101.0,8.0,14.0,,,0.0
Serie A,Sam Beukema,Bologna,NED,DF,24,1998,30,2547,6.0,1.0,1.0,27.0,11.0,1.0,2.0,17.0,12.0,,,0.0
Serie A,Santiago Castro,Bologna,ARG,FW,18,2004,8,242,1.0,0.0,0.0,7.0,7.0,0.0,1.0,0.0,1.0,,,0.0
Serie A,Stefan Posch,Bologna,AUT,DF,26,1997,31,2409,7.0,0.0,0.0,31.0,12.0,1.0,39.0,18.0,45.0,,,0.0
Serie A,Sydney van Hooijdonk,Bologna,NED,FW,23,2000,9,212,0.0,0.0,0.0,6.0,3.0,1.0,1.0,1.0,0.0,,,0.0
Serie A,Tommaso Corazza,Bologna,ITA,DF,19,2004,9,195,1.0,0.0,0.0,1.0,3.0,0.0,8.0,5.0,4.0,,,0.0
Serie A,Victor Bernth Kristiansen,Bologna,DEN,DF,20,2002,32,2307,4.0,0.0,0.0,30.0,7.0,1.0,36.0,12.0,33.0,,,0.0
Serie A,Łukasz Skorupski,Bologna,POL,GK,32,1991,32,2880,2.0,0.0,0.0,0.0,4.0,0.0,0.0,1.0,1.0,,,0.0
Serie A,Adam Obert,Cagliari,SVK,DF,20,2002,17,941,1.0,0.0,0.0,14.0,4.0,0.0,15.0,20.0,9.0,,,0.0
Serie A,Alberto Dossena,Cagliari,ITA,DF,24,1998,35,2977,5.0,0.0,0.0,38.0,42.0,0.0,1.0,46.0,35.0,,,2.0
Serie A,Alessandro Deiola,Cagliari,ITA,MF,27,1995,27,1608,7.0,0.0,0.0,24.0,17.0,0.0,15.0,10.0,21.0,,,1.0
Serie A,Alessandro Di Pardo,Cagliari,ITA,"MF,DF",24,1999,15,359,0.0,0.0,0.0,3.0,2.0,1.0,18.0,5.0,1.0,,,0.0
Serie A,Andrea Petagna,Cagliari,ITA,FW,28,1995,18,995,2.0,0.0,0.0,18.0,22.0,2.0,3.0,1.0,2.0,,,0.0
Serie A,Antoine Makoumbou,Cagliari,CGO,MF,25,1998,32,2702,5.0,2.0,1.0,28.0,28.0,1.0,11.0,16.0,22.0,,,0.0
Serie A,Boris Radunović,Cagliari,SRB,GK,27,1996,7,630,0.0,0.0,0.0,0.0,2.0,0.0,0.0,1.0,0.0,,,0.0
Serie A,Edoardo Goldaniga,Cagliari,ITA,DF,29,1993,13,1011,3.0,0.0,0.0,14.0,10.0,3.0,11.0,15.0,7.0,,,0.0
Serie A,Eldor Shomurodov,Cagliari,UZB,"MF,FW",28,1995,22,936,1.0,0.0,0.0,11.0,11.0,2.0,7.0,4.0,4.0,,,0.0
Serie A,Gabriele Zappa,Cagliari,ITA,"DF,MF",23,1999,38,2561,2.0,0.0,0.0,21.0,15.0,0.0,78.0,20.0,30.0,,,0.0
Serie A,Gaetano Oristanio,Cagliari,ITA,"FW,MF",20,2002,25,1104,1.0,0.0,0.0,37.0,28.0,2.0,33.0,9.0,10.0,,,0.0
Serie A,Gianluca Gaetano,Cagliari,ITA,"MF,FW",23,2000,11,745,1.0,1.0,0.0,10.0,12.0,3.0,16.0,4.0,3.0,,,0.0
Serie A,Gianluca Lapadula,Cagliari,PER,FW,33,1990,23,1205,3.0,0.0,0.0,22.0,18.0,15.0,7.0,2.0,1.0,,,0.0
Serie A,Ibrahim Sulemana,Cagliari,GHA,MF,20,2003,21,1339,4.0,0.0,0.0,18.0,11.0,1.0,12.0,6.0,13.0,,,0.0
Serie A,Jakub Jankto,Cagliari,CZE,MF,27,1996,18,872,0.0,0.0,0.0,9.0,8.0,1.0,26.0,5.0,9.0,,,0.0
Serie A,Kingstone Mutandwa,Cagliari,ZAM,FW,20,2003,5,39,0.0,0.0,0.0,0.0,0.0,0.0,0.0,0.0,0.0,,,0.0
Serie A,Leonardo Pavoletti,Cagliari,ITA,FW,34,1988,19,628,4.0,0.0,0.0,19.0,7.0,1.0,1.0,0.0,1.0,,,0.0
Serie A,Marco Mancosu,Cagliari,ITA,"MF,FW",34,1988,6,156,0.0,0.0,0.0,3.0,1.0,2.0,4.0,0.0,0.0,,,0.0
Serie A,Mateusz Wieteska,Cagliari,POL,DF,26,1997,19,965,5.0,1.0,1.0,12.0,6.0,0.0,4.0,14.0,10.0,,,0.0
Serie A,Matteo Prati,Cagliari,ITA,MF,19,2003,26,1972,4.0,0.0,0.0,19.0,6.0,0.0,15.0,14.0,25.0,,,0.0
Serie A,Nahitan Nández,Cagliari,URU,"MF,DF",27,1995,33,2341,7.0,0.0,0.0,52.0,32.0,9.0,154.0,19.0,40.0,,,0.0
Serie A,Nicolas Viola,Cagliari,ITA,"MF,FW",33,1989,26,1207,3.0,0.0,0.0,17.0,25.0,2.0,135.0,3.0,8.0,,,0.0
Serie A,Pantelis Hatzidiakos,Cagliari,GRE,DF,26,1997,13,856,1.0,0.0,0.0,7.0,4.0,0.0,6.0,11.0,11.0,,,0.0
Serie A,Paulo Azzi,Cagliari,BRA,"MF,DF",29,1994,25,950,1.0,0.0,0.0,5.0,4.0,4.0,49.0,17.0,11.0,,,0.0
Serie A,Simone Aresti,Cagliari,ITA,GK,37,1986,1,1,0.0,0.0,0.0,0.0,0.0,0.0,0.0,0.0,0.0,,,0.0
Serie A,Simone Scuffet,Cagliari,ITA,GK,27,1996,31,2789,3.0,0.0,0.0,0.0,4.0,0.0,0.0,1.0,0.0,,,0.0
Serie A,Tommaso Augello,Cagliari,ITA,"DF,MF",28,1994,32,2418,5.0,0.0,0.0,15.0,15.0,1.0,152.0,13.0,20.0,,,0.0
Serie A,Yerry Mina,Cagliari,COL,DF,28,1994,14,1215,4.0,0.0,0.0,17.0,18.0,0.0,2.0,4.0,13.0,,,0.0
Serie A,Zito Luvumbo,Cagliari,ANG,"MF,FW",21,2002,30,1946,5.0,0.0,0.0,31.0,66.0,14.0,82.0,1.0,7.0,,,0.0
Serie A,Alberto Cerri,Empoli,ITA,FW,27,1996,12,545,2.0,0.0,0.0,15.0,9.0,6.0,1.0,3.0,3.0,,,0.0
Serie A,Alberto Grassi,Empoli,ITA,MF,28,1995,27,1807,6.0,1.0,1.0,22.0,33.0,0.0,5.0,39.0,17.0,,,1.0
Serie A,Andrea Sodero,Empoli,ITA,MF,18,2004,1,5,0.0,0.0,0.0,0.0,0.0,0.0,1.0,0.0,0.0,,,0.0
Serie A,Ardian Ismajli,Empoli,ALB,DF,26,1996,26,2045,2.0,0.0,0.0,18.0,16.0,0.0,4.0,24.0,15.0,,,0.0
Serie A,Bartosz Bereszyński,Empoli,POL,DF,31,1992,24,1762,3.0,0.0,0.0,23.0,15.0,0.0,16.0,21.0,26.0,,,0.0
Serie A,Daniel Maldini,Empoli,ITA,"FW,MF",21,2001,7,263,1.0,0.0,0.0,8.0,5.0,0.0,5.0,2.0,2.0,,,0.0
Serie A,Elia Caprile,Empoli,ITA,GK,21,2001,23,2070,0.0,0.0,0.0,1.0,7.0,0.0,0.0,0.0,0.0,,,0.0
Serie A,Emmanuel Ekong,Empoli,SWE,FW,21,2002,1,5,0.0,0.0,0.0,0.0,1.0,0.0,0.0,0.0,0.0,,,0.0
Serie A,Emmanuel Gyasi,Empoli,GHA,MF,29,1994,33,1879,8.0,0.0,0.0,40.0,21.0,6.0,22.0,5.0,17.0,,,0.0
Serie A,Etrit Berisha,Empoli,ALB,GK,34,1989,14,1260,0.0,0.0,0.0,0.0,2.0,0.0,0.0,0.0,0.0,,,0.0
Serie A,Filippo Ranocchia,Empoli,ITA,MF,22,2001,9,476,3.0,0.0,0.0,11.0,8.0,0.0,10.0,3.0,11.0,,,0.0
Serie A,Francesco Caputo,Empoli,ITA,FW,35,1987,20,1268,0.0,0.0,0.0,10.0,14.0,20.0,1.0,0.0,0.0,,,0.0
Serie A,Giacomo Corona,Empoli,ITA,FW,19,2004,1,5,0.0,0.0,0.0,1.0,1.0,0.0,0.0,0.0,0.0,,,0.0
Serie A,Giuseppe Pezzella,Empoli,ITA,"MF,DF",25,1997,19,1085,4.0,0.0,0.0,17.0,17.0,2.0,54.0,2.0,14.0,,,0.0
Serie A,Jacopo Fazzini,Empoli,ITA,MF,20,2003,31,1232,6.0,0.0,0.0,23.0,27.0,1.0,54.0,11.0,25.0,,,0.0
Serie A,Liam Henderson,Empoli,SCO,MF,27,1996,1,5,0.0,0.0,0.0,0.0,0.0,0.0,1.0,0.0,0.0,,,0.0
Serie A,Liberato Cacace,Empoli,NZL,"DF,MF",22,2000,31,1912,6.0,0.0,0.0,30.0,18.0,1.0,66.0,19.0,23.0,,,0.0
Serie A,M'Baye Niang,Empoli,SEN,FW,28,1994,14,708,1.0,0.0,0.0,15.0,24.0,9.0,4.0,3.0,2.0,,,0.0
Serie A,Matteo Cancellieri,Empoli,ITA,"FW,MF",21,2002,36,1788,7.0,0.0,0.0,35.0,52.0,13.0,42.0,5.0,24.0,,,0.0
Serie A,Mattia Destro,Empoli,ITA,FW,32,1991,15,366,2.0,0.0,0.0,6.0,8.0,4.0,0.0,3.0,1.0,,,0.0
Serie A,Nicolas Haas,Empoli,SUI,MF,27,1996,1,90,1.0,0.0,0.0,1.0,1.0,0.0,0.0,1.0,3.0,,,0.0
Serie A,Nicolò Cambiaghi,Empoli,ITA,"FW,MF",22,2000,37,2553,3.0,0.0,0.0,48.0,76.0,3.0,133.0,14.0,40.0,,,0.0
Serie A,Roberto Piccoli,Empoli,ITA,FW,22,2001,2,39,0.0,0.0,0.0,1.0,1.0,0.0,0.0,0.0,1.0,,,0.0
Serie A,Răzvan Marin,Empoli,ROU,MF,27,1996,30,1818,3.0,0.0,0.0,28.0,18.0,1.0,97.0,6.0,21.0,,,0.0
Serie A,Samuele Perisan,Empoli,ITA,GK,25,1997,1,90,0.0,0.0,0.0,0.0,0.0,0.0,0.0,0.0,0.0,,,0.0
Serie A,Sebastian Walukiewicz,Empoli,POL,DF,23,2000,27,2055,6.0,0.0,0.0,23.0,7.0,2.0,2.0,16.0,28.0,,,0.0
Serie A,Sebastiano Luperto,Empoli,ITA,DF,26,1996,38,3406,4.0,0.0,0.0,25.0,18.0,1.0,9.0,28.0,27.0,,,0.0
Serie A,Simone Bastoni,Empoli,ITA,"MF,DF",26,1996,16,745,3.0,0.0,0.0,17.0,13.0,0.0,35.0,11.0,12.0,,,0.0
Serie A,Steven Shpendi,Empoli,ALB,FW,20,2003,12,411,0.0,0.0,0.0,12.0,13.0,4.0,0.0,1.0,0.0,,,0.0
Serie A,Szymon Żurkowski,Empoli,POL,MF,25,1997,13,868,4.0,0.0,0.0,19.0,17.0,2.0,6.0,5.0,6.0,,,0.0
Serie A,Tommaso Baldanzi,Empoli,ITA,"MF,FW",20,2003,14,745,1.0,0.0,0.0,4.0,16.0,2.0,16.0,2.0,3.0,,,0.0
Serie A,Tyronne Ebuehi,Empoli,NGA,DF,27,1995,15,1099,0.0,0.0,0.0,7.0,9.0,3.0,23.0,6.0,10.0,,,0.0
Serie A,Viktor Kovalenko,Empoli,UKR,MF,27,1996,17,613,1.0,0.0,0.0,7.0,10.0,2.0,13.0,2.0,2.0,,,0.0
Serie A,Youssef Maleh,Empoli,MAR,MF,24,1998,34,2602,11.0,0.0,0.0,57.0,37.0,0.0,47.0,23.0,50.0,,,0.0
Serie A,Alfred Duncan,Fiorentina,GHA,MF,30,1993,30,1888,2.0,0.0,0.0,26.0,15.0,3.0,67.0,10.0,24.0,,,0.0
Serie A,Andrea Belotti,Fiorentina,ITA,FW,29,1993,15,949,0.0,0.0,0.0,15.0,22.0,7.0,4.0,3.0,3.0,,,0.0
Serie A,Antonín Barák,Fiorentina,CZE,"MF,FW",28,1994,21,808,2.0,0.0,0.0,8.0,7.0,1.0,4.0,2.0,2.0,,,0.0
Serie A,Arthur Melo,Fiorentina,BRA,MF,26,1996,33,1986,2.0,0.0,0.0,18.0,47.0,0.0,21.0,19.0,29.0,,,0.0
Serie A,Christian Kouamé,Fiorentina,CIV,MF,25,1997,23,1089,0.0,0.0,0.0,17.0,25.0,0.0,20.0,2.0,3.0,,,0.0
Serie A,Cristiano Biraghi,Fiorentina,ITA,DF,30,1992,29,2356,8.0,0.0,0.0,44.0,14.0,1.0,225.0,15.0,30.0,,,0.0
Serie A,Davide Faraoni,Fiorentina,ITA,DF,31,1991,8,392,0.0,0.0,0.0,3.0,6.0,0.0,17.0,5.0,5.0,,,0.0
Serie A,Dodô,Fiorentina,BRA,DF,24,1998,9,523,0.0,0.0,0.0,7.0,8.0,0.0,19.0,5.0,3.0,,,0.0
Serie A,Fabiano Parisi,Fiorentina,ITA,DF,22,2000,21,1454,4.0,0.0,0.0,14.0,38.0,0.0,42.0,17.0,14.0,,,0.0
Serie A,Gaetano Castrovilli,Fiorentina,ITA,MF,26,1997,6,367,0.0,0.0,0.0,4.0,5.0,1.0,9.0,2.0,2.0,,,0.0
Serie A,Giacomo Bonaventura,Fiorentina,ITA,MF,33,1989,31,2277,6.0,0.0,0.0,20.0,35.0,1.0,55.0,12.0,13.0,,,0.0
Serie A,Gino Infantino,Fiorentina,ARG,MF,20,2003,6,96,1.0,0.0,0.0,4.0,2.0,0.0,0.0,3.0,1.0,,,0.0
Serie A,Jonathan Ikone,Fiorentina,FRA,MF,25,1998,28,1682,5.0,0.0,0.0,16.0,15.0,5.0,11.0,2.0,12.0,,,0.0
Serie A,Josip Brekalo,Fiorentina,CRO,MF,25,1998,11,652,0.0,0.0,0.0,13.0,6.0,1.0,22.0,1.0,6.0,,,0.0
Serie A,Lorenzo Amatucci,Fiorentina,ITA,MF,19,2004,2,22,0.0,0.0,0.0,1.0,0.0,0.0,0.0,0.0,0.0,,,0.0
Serie A,Luca Ranieri,Fiorentina,ITA,DF,24,1999,26,2065,14.0,0.0,0.0,32.0,11.0,1.0,13.0,27.0,11.0,,,0.0
Serie A,Lucas Beltrán,Fiorentina,ARG,"FW,MF",22,2001,32,1692,6.0,0.0,0.0,24.0,28.0,4.0,7.0,2.0,14.0,,,0.0
Serie A,Lucas Martínez Quarta,Fiorentina,ARG,DF,27,1996,29,2291,9.0,0.0,0.0,41.0,13.0,1.0,5.0,29.0,52.0,,,0.0
Serie A,M'Bala Nzola,Fiorentina,ANG,FW,26,1996,33,1552,2.0,0.0,0.0,37.0,7.0,21.0,6.0,0.0,8.0,,,0.0
Serie A,Maxime Lopez,Fiorentina,FRA,MF,25,1997,19,800,1.0,0.0,0.0,8.0,5.0,0.0,16.0,7.0,7.0,,,0.0
Serie A,Michael Kayode,Fiorentina,ITA,DF,19,2004,26,2058,2.0,0.0,0.0,14.0,19.0,2.0,65.0,18.0,30.0,,,0.0
Serie A,Nicolás González,Fiorentina,ARG,MF,25,1998,29,1913,1.0,0.0,0.0,21.0,36.0,2.0,40.0,12.0,18.0,,,0.0
Serie A,Nikola Milenković,Fiorentina,SRB,DF,25,1997,34,2510,4.0,0.0,0.0,30.0,23.0,0.0,0.0,27.0,19.0,,,0.0
Serie A,Oliver Christensen,Fiorentina,DEN,GK,24,1999,4,360,0.0,0.0,0.0,2.0,1.0,0.0,0.0,0.0,0.0,,,0.0
Serie A,Pietro Comuzzo,Fiorentina,ITA,DF,18,2005,4,43,1.0,0.0,0.0,1.0,0.0,0.0,0.0,1.0,1.0,,,0.0
Serie A,Pietro Terracciano,Fiorentina,ITA,GK,33,1990,33,2970,3.0,0.0,0.0,2.0,2.0,0.0,0.0,0.0,0.0,,,0.0
Serie A,Riccardo Sottil,Fiorentina,ITA,MF,24,1999,22,1103,1.0,0.0,0.0,8.0,34.0,6.0,46.0,2.0,5.0,,,0.0
Serie A,Rolando Mandragora,Fiorentina,ITA,MF,26,1997,33,1588,5.0,0.0,0.0,26.0,25.0,0.0,34.0,9.0,10.0,,,0.0
Serie A,Tommaso Martinelli,Fiorentina,ITA,GK,17,2006,1,90,0.0,0.0,0.0,0.0,0.0,0.0,0.0,0.0,0.0,,,0.0
Serie A,Yerry Mina,Fiorentina,COL,DF,28,1994,4,44,1.0,0.0,0.0,3.0,2.0,0.0,0.0,0.0,1.0,,,0.0
Serie A,Abdou Harroui,Frosinone,NED,MF,25,1998,18,1019,2.0,0.0,0.0,17.0,16.0,1.0,12.0,5.0,11.0,,,0.0
Serie A,Anthony Oyono,Frosinone,GAB,"DF,MF",22,2001,16,1198,4.0,0.0,0.0,13.0,11.0,0.0,12.0,9.0,27.0,,,0.0
Serie A,Arijon Ibrahimović,Frosinone,GER,"MF,FW",17,2005,16,474,1.0,0.0,0.0,3.0,4.0,2.0,7.0,1.0,6.0,,,0.0
Serie A,Caleb Okoli,Frosinone,ITA,DF,22,2001,34,2914,9.0,0.0,0.0,27.0,26.0,0.0,1.0,31.0,34.0,,,0.0
Serie A,Demba Seck,Frosinone,SEN,"FW,MF",22,2001,11,298,0.0,0.0,0.0,9.0,7.0,2.0,2.0,1.0,5.0,,,0.0
Serie A,Emanuele Valeri,Frosinone,ITA,"MF,DF",24,1998,16,1178,3.0,0.0,0.0,12.0,8.0,0.0,72.0,10.0,14.0,,,0.0
Serie A,Enzo Barrenechea,Frosinone,ARG,MF,22,2001,36,2811,10.0,0.0,0.0,32.0,52.0,0.0,1.0,28.0,42.0,,,0.0
Serie A,Farés Ghedjemis,Frosinone,ALG,FW,20,2002,6,182,1.0,0.0,0.0,2.0,0.0,1.0,6.0,1.0,0.0,,,0.0
Serie A,Francesco Gelli,Frosinone,ITA,"MF,DF",26,1996,27,1561,3.0,0.0,0.0,16.0,41.0,1.0,53.0,10.0,13.0,,,0.0
Serie A,Gennaro Borrelli,Frosinone,ITA,FW,23,2000,1,24,0.0,0.0,0.0,0.0,0.0,2.0,1.0,0.0,0.0,,,0.0
Serie A,Giorgi Kvernadze,Frosinone,GEO,FW,20,2003,5,63,0.0,0.0,0.0,3.0,1.0,0.0,1.0,1.0,0.0,,,0.0
Serie A,Giuseppe Caso,Frosinone,ITA,FW,24,1998,14,417,2.0,0.0,0.0,5.0,14.0,1.0,2.0,0.0,3.0,,,0.0
Serie A,Ilario Monterisi,Frosinone,ITA,DF,21,2001,24,1469,1.0,0.0,0.0,10.0,17.0,1.0,5.0,8.0,13.0,,,0.0
Serie A,Jaime Báez,Frosinone,URU,"MF,FW",28,1995,11,500,1.0,0.0,0.0,6.0,15.0,5.0,24.0,4.0,1.0,,,0.0
Serie A,Kaio Jorge,Frosinone,BRA,FW,21,2002,20,812,2.0,0.0,0.0,8.0,10.0,2.0,3.0,2.0,4.0,,,0.0
Serie A,Karlo Lulić,Frosinone,CRO,MF,27,1996,1,19,0.0,0.0,0.0,0.0,0.0,0.0,0.0,1.0,0.0,,,0.0
Serie A,Kevin Bonifazi,Frosinone,ITA,DF,27,1996,6,309,0.0,0.0,0.0,4.0,1.0,0.0,0.0,3.0,3.0,,,0.0
Serie A,Luca Garritano,Frosinone,ITA,MF,29,1994,12,485,1.0,0.0,0.0,6.0,7.0,0.0,16.0,3.0,5.0,,,0.0
Serie A,Luca Mazzitelli,Frosinone,ITA,MF,27,1995,29,2210,6.0,1.0,1.0,45.0,36.0,1.0,43.0,20.0,26.0,,,0.0
Serie A,Luigi Canotto,Frosinone,ITA,"FW,MF",29,1994,1,16,0.0,0.0,0.0,0.0,1.0,0.0,0.0,0.0,0.0,,,0.0
Serie A,Marco Brescianini,Frosinone,ITA,MF,23,2000,36,2321,1.0,0.0,0.0,35.0,24.0,5.0,20.0,9.0,12.0,,,0.0
Serie A,Marvin Cuni,Frosinone,ALB,FW,22,2001,22,534,0.0,0.0,0.0,13.0,12.0,3.0,4.0,1.0,3.0,,,0.0
Serie A,Mateus Lusuardi,Frosinone,BRA,DF,19,2004,4,219,1.0,0.0,0.0,2.0,0.0,0.0,1.0,4.0,1.0,,,0.0
Serie A,Matìas Soulé,Frosinone,ARG,"MF,FW",20,2003,36,3121,4.0,0.0,0.0,18.0,47.0,2.0,99.0,18.0,27.0,,,1.0
Serie A,Mehdi Bourabia,Frosinone,MAR,MF,31,1991,10,200,1.0,0.0,0.0,5.0,1.0,1.0,3.0,1.0,4.0,,,0.0
Serie A,Michele Cerofolini,Frosinone,ITA,GK,24,1999,8,675,1.0,0.0,0.0,1.0,0.0,0.0,0.0,0.0,0.0,,,1.0
Serie A,Nadir Zortea,Frosinone,ITA,"MF,DF",24,1999,14,1258,3.0,0.0,0.0,15.0,14.0,0.0,74.0,4.0,13.0,,,0.0
Serie A,Pol Lirola,Frosinone,ESP,"DF,MF",25,1997,25,1536,1.0,0.0,0.0,7.0,11.0,2.0,25.0,18.0,19.0,,,0.0
Serie A,Przemysław Szymiński,Frosinone,POL,DF,29,1994,1,9,0.0,0.0,0.0,0.0,0.0,0.0,0.0,0.0,0.0,,,0.0
Serie A,Reinier,Frosinone,BRA,"MF,FW",21,2002,22,1059,3.0,0.0,0.0,17.0,9.0,1.0,12.0,10.0,10.0,,,0.0
Serie A,Riccardo Marchizza,Frosinone,ITA,DF,25,1998,13,1148,1.0,0.0,0.0,6.0,3.0,0.0,22.0,7.0,6.0,,,0.0
Serie A,Simone Romagnoli,Frosinone,ITA,DF,33,1990,33,2715,6.0,0.0,0.0,24.0,7.0,0.0,1.0,28.0,17.0,,,0.0
Serie A,Stefano Turati,Frosinone,ITA,GK,21,2001,31,2745,0.0,0.0,0.0,0.0,3.0,0.0,0.0,0.0,0.0,,,0.0
Serie A,Walid Cheddira,Frosinone,MAR,FW,25,1998,36,2120,0.0,0.0,0.0,27.0,43.0,16.0,3.0,4.0,7.0,,,0.0
Serie A,Aarón Martín,Genoa,ESP,"MF,DF",26,1997,22,1376,4.0,1.0,1.0,23.0,17.0,2.0,105.0,7.0,10.0,,,0.0
Serie A,Alan Matturro,Genoa,URU,MF,18,2004,6,106,0.0,0.0,0.0,0.0,0.0,0.0,0.0,2.0,1.0,,,1.0
Serie A,Albert Guðmundsson,Genoa,ISL,"FW,MF",26,1997,35,3016,4.0,0.0,0.0,28.0,46.0,11.0,179.0,11.0,10.0,,,0.0
Serie A,Alessandro Vogliacco,Genoa,ITA,DF,24,1998,20,1169,4.0,0.0,0.0,14.0,4.0,1.0,12.0,30.0,15.0,,,0.0
Serie A,Berkan Kutlu,Genoa,TUR,MF,25,1998,6,199,0.0,0.0,0.0,4.0,4.0,0.0,12.0,4.0,3.0,,,0.0
Serie A,Caleb Ekuban,Genoa,GHA,FW,29,1994,29,1131,0.0,0.0,0.0,17.0,27.0,3.0,4.0,1.0,4.0,,,0.0
Serie A,Christos Papadopoulos,Genoa,GRE,MF,18,2004,1,4,0.0,0.0,0.0,0.0,1.0,0.0,0.0,0.0,0.0,,,0.0
Serie A,Daniele Sommariva,Genoa,ITA,GK,26,1997,1,5,0.0,0.0,0.0,0.0,0.0,0.0,0.0,0.0,0.0,,,0.0
Serie A,David Akpan Ankeye,Genoa,NGA,FW,21,2002,6,57,0.0,0.0,0.0,2.0,1.0,0.0,1.0,0.0,0.0,,,0.0
Serie A,Davide Biraschi,Genoa,ITA,DF,29,1994,1,90,0.0,0.0,0.0,0.0,2.0,0.0,0.0,3.0,3.0,,,0.0
Serie A,Djed Spence,Genoa,ENG,MF,22,2000,16,859,1.0,0.0,0.0,7.0,9.0,1.0,13.0,9.0,10.0,,,0.0
Serie A,Emil Bohinen,Genoa,NOR,MF,24,1999,5,56,0.0,0.0,0.0,0.0,0.0,0.0,2.0,0.0,1.0,,,0.0
Serie A,Filip Jagiełło,Genoa,POL,MF,25,1997,2,33,0.0,0.0,0.0,0.0,0.0,0.0,0.0,1.0,0.0,,,0.0
Serie A,George Pușcaș,Genoa,ROU,FW,27,1996,8,191,0.0,0.0,0.0,1.0,0.0,0.0,0.0,0.0,0.0,,,0.0
Serie A,Giorgio Cittadini,Genoa,ITA,DF,21,2002,5,106,0.0,0.0,0.0,2.0,4.0,0.0,0.0,3.0,5.0,,,0.0
Serie A,Johan Vásquez,Genoa,MEX,DF,24,1998,37,2850,6.0,0.0,0.0,36.0,38.0,4.0,29.0,48.0,32.0,,,0.0
Serie A,Josep Martinez,Genoa,ESP,GK,25,1998,36,3239,4.0,1.0,1.0,2.0,11.0,0.0,0.0,0.0,0.0,,,0.0
Serie A,Junior Messias,Genoa,BRA,"MF,FW",32,1991,18,1053,0.0,0.0,0.0,7.0,22.0,5.0,24.0,5.0,19.0,,,0.0
Serie A,Kevin Strootman,Genoa,NED,MF,33,1990,27,1207,4.0,0.0,0.0,16.0,6.0,0.0,20.0,7.0,19.0,,,0.0
Serie A,Koni De Winter,Genoa,BEL,DF,21,2002,29,2380,8.0,1.0,1.0,38.0,11.0,0.0,5.0,23.0,25.0,,,0.0
Serie A,Mateo Retegui,Genoa,ITA,FW,24,1999,29,2216,5.0,0.0,0.0,36.0,25.0,4.0,19.0,0.0,11.0,,,0.0
Serie A,Mattia Bani,Genoa,ITA,DF,29,1993,27,2306,9.0,0.0,0.0,21.0,28.0,2.0,2.0,21.0,10.0,,,0.0
Serie A,Milan Badelj,Genoa,CRO,MF,34,1989,33,2535,6.0,0.0,0.0,23.0,14.0,0.0,13.0,49.0,28.0,,,0.0
Serie A,Morten Frendrup,Genoa,DEN,MF,22,2001,37,3145,6.0,0.0,0.0,49.0,35.0,1.0,12.0,48.0,72.0,,,0.0
Serie A,Morten Thorsby,Genoa,NOR,MF,27,1996,24,1157,2.0,0.0,0.0,28.0,7.0,6.0,9.0,4.0,11.0,,,0.0
Serie A,Nicola Leali,Genoa,ITA,GK,30,1993,3,176,1.0,0.0,0.0,0.0,0.0,0.0,0.0,0.0,0.0,,,0.0
Serie A,Pablo Galdames Millán,Genoa,CHI,MF,26,1996,2,11,0.0,0.0,0.0,1.0,0.0,0.0,0.0,0.0,0.0,,,0.0
Serie A,Radu Drăgușin,Genoa,ROU,DF,21,2002,19,1710,1.0,0.0,0.0,14.0,14.0,0.0,1.0,21.0,12.0,,,0.0
Serie A,Ridgeciano Haps,Genoa,SUR,MF,30,1993,16,773,0.0,0.0,0.0,3.0,16.0,1.0,16.0,6.0,6.0,,,0.0
Serie A,Ruslan Malinovskyi,Genoa,UKR,"MF,FW",30,1993,28,1544,7.0,0.0,0.0,30.0,17.0,0.0,19.0,5.0,22.0,,,0.0
Serie A,Seydou Fini,Genoa,ITA,FW,17,2006,3,35,0.0,0.0,0.0,0.0,2.0,0.0,1.0,0.0,0.0,,,0.0
Serie A,Silvan Hefti,Genoa,SUI,MF,25,1997,6,114,0.0,0.0,0.0,2.0,1.0,0.0,2.0,0.0,1.0,,,0.0
Serie A,Stefano Sabelli,Genoa,ITA,"MF,DF",30,1993,32,2429,5.0,0.0,0.0,36.0,36.0,4.0,98.0,23.0,23.0,,,0.0
Serie A,Vitinha,Genoa,POR,"MF,FW",23,2000,9,285,2.0,0.0,0.0,10.0,8.0,2.0,9.0,0.0,2.0,,,0.0
Serie A,Alphadjo Cissè,Hellas Verona,ITA,MF,16,2006,1,8,0.0,0.0,0.0,1.0,0.0,0.0,0.0,0.0,0.0,,,0.0
Serie A,Bruno Amione,Hellas Verona,ARG,DF,21,2002,10,579,2.0,0.0,0.0,10.0,6.0,0.0,1.0,9.0,7.0,,,0.0
Serie A,Charlys,Hellas Verona,BRA,MF,19,2004,2,25,0.0,0.0,0.0,0.0,0.0,0.0,0.0,1.0,0.0,,,0.0
Serie A,Cyril Ngonge,Hellas Verona,BEL,"MF,FW",23,2000,19,1431,4.0,0.0,0.0,30.0,22.0,3.0,50.0,3.0,10.0,,,0.0
Serie A,Daniel Bandeira,Hellas Verona,POR,MF,23,2000,14,446,2.0,0.0,0.0,5.0,3.0,0.0,6.0,4.0,5.0,,,0.0
Serie A,Darko Lazović,Hellas Verona,SRB,MF,32,1990,32,1928,0.0,1.0,0.0,5.0,6.0,13.0,96.0,6.0,17.0,,,0.0
Serie A,Davide Faraoni,Hellas Verona,ITA,MF,31,1991,11,602,5.0,0.0,0.0,11.0,9.0,0.0,19.0,6.0,10.0,,,0.0
Serie A,Diego Coppola,Hellas Verona,ITA,DF,19,2003,24,1634,9.0,0.0,0.0,32.0,4.0,0.0,0.0,28.0,22.0,,,0.0
Serie A,Elayis Tavsan,Hellas Verona,NED,"FW,MF",22,2001,3,50,0.0,0.0,0.0,1.0,0.0,0.0,1.0,0.0,0.0,,,0.0
Serie A,Fabien Centonze,Hellas Verona,FRA,DF,27,1996,10,676,2.0,0.0,0.0,13.0,7.0,1.0,28.0,9.0,8.0,,,0.0
Serie A,Federico Bonazzoli,Hellas Verona,ITA,FW,26,1997,24,1016,2.0,0.0,0.0,10.0,20.0,9.0,6.0,3.0,1.0,,,0.0
Serie A,Filippo Terracciano,Hellas Verona,ITA,"MF,DF",20,2003,18,1296,1.0,0.0,0.0,14.0,32.0,0.0,59.0,19.0,17.0,,,0.0
Serie A,Giangiacomo Magnani,Hellas Verona,ITA,DF,27,1995,33,2444,6.0,0.0,0.0,27.0,30.0,0.0,12.0,45.0,17.0,,,0.0
Serie A,Isak Hien,Hellas Verona,SWE,DF,24,1999,10,864,1.0,1.0,0.0,11.0,2.0,0.0,0.0,7.0,10.0,,,0.0
Serie A,Jackson Tchatchoua,Hellas Verona,CMR,DF,21,2001,26,1725,2.0,0.0,0.0,18.0,7.0,2.0,65.0,23.0,26.0,,,0.0
Serie A,Jordi Mboula,Hellas Verona,ESP,"MF,FW",24,1999,11,307,0.0,0.0,0.0,5.0,4.0,2.0,8.0,1.0,3.0,,,0.0
Serie A,Josh Doig,Hellas Verona,SCO,"MF,DF",21,2002,12,830,2.0,0.0,0.0,7.0,4.0,1.0,30.0,4.0,10.0,,,0.0
Serie A,Juan Cruz,Hellas Verona,ARG,FW,24,1999,4,109,0.0,0.0,0.0,1.0,0.0,0.0,1.0,1.0,2.0,,,0.0
Serie A,Juan David Cabal,Hellas Verona,COL,DF,22,2001,22,1497,6.0,0.0,0.0,27.0,16.0,1.0,33.0,28.0,29.0,,,0.0
Serie A,Karol Świderski,Hellas Verona,POL,"FW,MF",26,1997,15,504,0.0,0.0,0.0,6.0,13.0,0.0,3.0,1.0,3.0,,,0.0
Serie A,Lorenzo Montipò,Hellas Verona,ITA,GK,27,1996,37,3330,0.0,0.0,0.0,0.0,3.0,0.0,0.0,0.0,1.0,,,0.0
Serie A,Martin Hongla,Hellas Verona,CMR,MF,25,1998,15,1084,0.0,0.0,0.0,6.0,6.0,1.0,4.0,7.0,13.0,,,0.0
Serie A,Michael Folorunsho,Hellas Verona,ITA,MF,25,1998,34,2781,5.0,0.0,0.0,50.0,74.0,11.0,64.0,16.0,27.0,,,0.0
Serie A,Milan Đurić,Hellas Verona,BIH,FW,33,1990,20,1204,2.0,0.0,0.0,27.0,19.0,6.0,1.0,1.0,0.0,,,0.0
Serie A,Ondrej Duda,Hellas Verona,SVK,MF,28,1994,32,2456,14.0,2.0,2.0,55.0,51.0,0.0,94.0,26.0,36.0,,,0.0
Serie A,Paweł Dawidowicz,Hellas Verona,POL,DF,28,1995,28,2143,5.0,0.0,0.0,33.0,9.0,0.0,2.0,22.0,30.0,,,1.0
Serie A,Reda Belahyane,Hellas Verona,MAR,MF,19,2004,2,90,0.0,0.0,0.0,1.0,1.0,0.0,0.0,1.0,1.0,,,0.0
Serie A,Riccardo Saponara,Hellas Verona,ITA,"MF,FW",31,1991,12,342,0.0,0.0,0.0,1.0,3.0,2.0,7.0,0.0,1.0,,,0.0
Serie A,Rúben Vinagre,Hellas Verona,POR,DF,24,1999,12,282,0.0,0.0,0.0,5.0,2.0,0.0,16.0,1.0,2.0,,,0.0
Serie A,Simone Perilli,Hellas Verona,ITA,GK,28,1995,1,90,0.0,0.0,0.0,0.0,0.0,0.0,0.0,0.0,0.0,,,0.0
Serie A,Stefan Mitrović,Hellas Verona,SRB,MF,20,2002,10,391,0.0,0.0,0.0,10.0,6.0,1.0,15.0,0.0,3.0,,,0.0
Serie A,Suat Serdar,Hellas Verona,GER,MF,26,1997,25,1659,7.0,0.0,0.0,40.0,18.0,0.0,8.0,17.0,39.0,,,0.0
Serie A,Thomas Henry,Hellas Verona,FRA,FW,28,1994,18,334,2.0,2.0,0.0,15.0,5.0,3.0,3.0,0.0,0.0,,,0.0
Serie A,Tijjani Noslin,Hellas Verona,NED,"FW,MF",24,1999,17,1339,2.0,0.0,0.0,24.0,10.0,4.0,15.0,2.0,7.0,,,0.0
Serie A,Tomáš Suslov,Hellas Verona,SVK,MF,21,2002,32,2092,7.0,0.0,0.0,40.0,55.0,1.0,72.0,6.0,29.0,,,0.0
Serie A,Yayah Kallon,Hellas Verona,SLE,FW,22,2001,1,4,0.0,0.0,0.0,0.0,0.0,0.0,0.0,0.0,0.0,,,0.0
Serie A,Alessandro Bastoni,Inter,ITA,DF,24,1999,28,2268,5.0,0.0,0.0,31.0,31.0,0.0,75.0,25.0,32.0,,,0.0
Serie A,Alexis Sánchez,Inter,CHI,FW,34,1988,23,763,0.0,0.0,0.0,14.0,19.0,8.0,31.0,1.0,6.0,,,0.0
Serie A,Benjamin Pavard,Inter,FRA,DF,27,1996,23,1672,6.0,0.0,0.0,24.0,15.0,2.0,24.0,31.0,24.0,,,0.0
Serie A,Carlos Augusto,Inter,BRA,"MF,DF",24,1999,37,1725,1.0,0.0,0.0,17.0,6.0,1.0,39.0,14.0,22.0,,,0.0
Serie A,Davide Frattesi,Inter,ITA,MF,23,1999,32,955,1.0,0.0,0.0,12.0,16.0,1.0,11.0,5.0,6.0,,,0.0
Serie A,Davy Klaassen,Inter,NED,MF,30,1993,13,206,1.0,0.0,0.0,3.0,0.0,1.0,0.0,3.0,2.0,,,0.0
Serie A,Denzel Dumfries,Inter,NED,MF,27,1996,31,1639,2.0,1.0,0.0,25.0,18.0,5.0,47.0,12.0,11.0,,,0.0
Serie A,Ebenezer Akinsanmiro,Inter,NGA,MF,18,2004,1,15,0.0,0.0,0.0,0.0,3.0,0.0,0.0,0.0,0.0,,,0.0
Serie A,Emil Audero,Inter,IDN,GK,26,1997,4,337,0.0,0.0,0.0,0.0,0.0,0.0,0.0,0.0,0.0,,,0.0
Serie A,Federico Dimarco,Inter,ITA,MF,25,1997,30,2077,0.0,0.0,0.0,12.0,21.0,5.0,197.0,7.0,26.0,,,0.0
Serie A,Francesco Acerbi,Inter,ITA,DF,35,1988,29,2388,1.0,0.0,0.0,19.0,24.0,3.0,9.0,32.0,14.0,,,0.0
Serie A,Hakan Çalhanoğlu,Inter,TUR,MF,29,1994,32,2556,5.0,0.0,0.0,42.0,23.0,0.0,152.0,22.0,37.0,,,0.0
Serie A,Henrikh Mkhitaryan,Inter,ARM,MF,34,1989,36,2785,4.0,0.0,0.0,35.0,29.0,3.0,31.0,28.0,33.0,,,0.0
Serie A,Juan Cuadrado,Inter,COL,"DF,FW",35,1988,10,267,1.0,0.0,0.0,4.0,6.0,1.0,18.0,1.0,3.0,,,0.0
Serie A,Kristjan Asllani,Inter,ALB,MF,21,2002,23,787,1.0,0.0,0.0,4.0,19.0,0.0,35.0,11.0,2.0,,,0.0
Serie A,Lautaro Martínez,Inter,ARG,FW,25,1997,33,2656,5.0,0.0,0.0,46.0,59.0,12.0,16.0,17.0,14.0,,,0.0
Serie A,Lucien Agoume,Inter,FRA,MF,21,2002,1,5,0.0,0.0,0.0,0.0,0.0,0.0,0.0,0.0,0.0,,,0.0
Serie A,Marcus Thuram,Inter,FRA,FW,25,1997,35,2687,3.0,0.0,0.0,35.0,45.0,20.0,21.0,2.0,15.0,,,0.0
Serie A,Marko Arnautović,Inter,AUT,FW,34,1989,27,801,0.0,0.0,0.0,11.0,15.0,8.0,7.0,5.0,3.0,,,0.0
Serie A,Matteo Darmian,Inter,ITA,"MF,DF",33,1989,33,2404,2.0,0.0,0.0,27.0,10.0,1.0,22.0,15.0,24.0,,,0.0
Serie A,Nicolò Barella,Inter,ITA,MF,26,1997,37,2846,7.0,0.0,0.0,28.0,27.0,3.0,50.0,8.0,28.0,,,0.0
Serie A,Raffaele Di Gennaro,Inter,ITA,GK,29,1993,1,23,0.0,0.0,0.0,0.0,0.0,0.0,0.0,0.0,0.0,,,0.0
Serie A,Stefan de Vrij,Inter,NED,DF,31,1992,25,1586,0.0,0.0,0.0,8.0,2.0,0.0,0.0,24.0,13.0,,,0.0
Serie A,Stefano Sensi,Inter,ITA,MF,27,1995,4,46,0.0,0.0,0.0,0.0,1.0,0.0,1.0,1.0,1.0,,,0.0
Serie A,Tajon Buchanan,Inter,CAN,"DF,MF",24,1999,10,161,0.0,0.0,0.0,1.0,6.0,1.0,11.0,0.0,1.0,,,0.0
Serie A,Yann Aurel Bisseck,Inter,GER,DF,22,2000,16,904,0.0,0.0,0.0,6.0,11.0,2.0,5.0,6.0,6.0,,,0.0
Serie A,Yann Sommer,Inter,SUI,GK,34,1988,34,3060,1.0,0.0,0.0,1.0,1.0,0.0,0.0,0.0,1.0,,,0.0
Serie A,Adrien Rabiot,Juventus,FRA,MF,28,1995,31,2651,8.0,0.0,0.0,44.0,38.0,6.0,45.0,25.0,39.0,,,0.0
Serie A,Alex Sandro,Juventus,BRA,DF,32,1991,16,721,1.0,0.0,0.0,18.0,12.0,0.0,5.0,18.0,8.0,,,0.0
Serie A,Andrea Cambiaso,Juventus,ITA,MF,23,2000,34,2372,10.0,0.0,0.0,35.0,20.0,4.0,82.0,11.0,30.0,,,0.0
Serie A,Arkadiusz Milik,Juventus,POL,FW,29,1994,32,919,2.0,1.0,0.0,21.0,26.0,11.0,4.0,5.0,6.0,,,0.0
Serie A,Carlo Pinsoglio,Juventus,ITA,GK,33,1990,1,45,0.0,0.0,0.0,0.0,0.0,0.0,0.0,0.0,0.0,,,0.0
Serie A,Carlos Alcaraz,Juventus,ARG,MF,20,2002,10,380,0.0,0.0,0.0,5.0,5.0,0.0,1.0,5.0,6.0,,,0.0
Serie A,Daniele Rugani,Juventus,ITA,DF,29,1994,17,1187,2.0,0.0,0.0,15.0,3.0,0.0,1.0,8.0,10.0,,,0.0
Serie A,Danilo,Juventus,BRA,DF,32,1991,29,2452,7.0,0.0,0.0,26.0,14.0,1.0,18.0,36.0,35.0,,,0.0
Serie A,Dean Huijsen,Juventus,ESP,DF,18,2005,1,13,0.0,0.0,0.0,0.0,0.0,0.0,0.0,0.0,0.0,,,0.0
Serie A,Dušan Vlahović,Juventus,SRB,FW,23,2000,33,2307,8.0,1.0,1.0,30.0,34.0,13.0,8.0,2.0,5.0,,,0.0
Serie A,Fabio Miretti,Juventus,ITA,MF,19,2003,25,1103,3.0,0.0,0.0,22.0,29.0,1.0,32.0,8.0,15.0,,,0.0
Serie A,Federico Chiesa,Juventus,ITA,FW,25,1997,33,2197,1.0,0.0,0.0,14.0,40.0,7.0,117.0,6.0,11.0,,,0.0
Serie A,Federico Gatti,Juventus,ITA,DF,25,1998,32,2637,7.0,0.0,0.0,39.0,15.0,0.0,18.0,17.0,22.0,,,2.0
Serie A,Filip Kostić,Juventus,SRB,MF,30,1992,29,1815,2.0,0.0,0.0,19.0,18.0,7.0,168.0,9.0,23.0,,,0.0
Serie A,Gleison Bremer,Juventus,BRA,DF,26,1997,36,3233,9.0,0.0,0.0,60.0,17.0,2.0,1.0,36.0,44.0,,,0.0
Serie A,Hans Nicolussi Caviglia,Juventus,ITA,MF,23,2000,8,268,1.0,0.0,0.0,1.0,10.0,0.0,18.0,0.0,2.0,,,0.0
Serie A,Joseph Nonge,Juventus,BEL,MF,18,2005,2,24,1.0,0.0,0.0,3.0,1.0,0.0,0.0,0.0,0.0,,,0.0
Serie A,Kenan Yıldız,Juventus,TUR,FW,18,2005,27,952,3.0,0.0,0.0,12.0,22.0,1.0,17.0,1.0,10.0,,,0.0
Serie A,Leonardo Cerri,Juventus,ITA,FW,20,2003,1,7,0.0,0.0,0.0,0.0,0.0,0.0,0.0,0.0,0.0,,,0.0
Serie A,Manuel Locatelli,Juventus,ITA,MF,25,1998,36,3008,6.0,0.0,0.0,41.0,24.0,2.0,10.0,26.0,47.0,,,0.0
Serie A,Mattia De Sciglio,Juventus,ITA,DF,30,1992,1,45,0.0,0.0,0.0,0.0,1.0,0.0,0.0,1.0,0.0,,,0.0
Serie A,Mattia Perin,Juventus,ITA,GK,30,1992,3,225,0.0,0.0,0.0,0.0,0.0,0.0,0.0,0.0,0.0,,,0.0
Serie A,Moise Kean,Juventus,ITA,FW,23,2000,19,654,2.0,0.0,0.0,13.0,13.0,7.0,1.0,2.0,5.0,,,0.0
Serie A,Nicolò Fagioli,Juventus,ITA,MF,22,2001,8,437,1.0,0.0,0.0,3.0,5.0,1.0,19.0,4.0,3.0,,,0.0
Serie A,Nikola Sekulov,Juventus,ITA,MF,21,2002,1,11,0.0,0.0,0.0,0.0,0.0,0.0,0.0,0.0,0.0,,,0.0
Serie A,Paul Pogba,Juventus,FRA,MF,30,1993,2,54,0.0,0.0,0.0,3.0,1.0,0.0,1.0,1.0,0.0,,,0.0
Serie A,Samuel Iling-Junior,Juventus,ENG,MF,19,2003,24,810,1.0,0.0,0.0,15.0,5.0,1.0,46.0,6.0,13.0,,,0.0
Serie A,Tiago Djaló,Juventus,POR,DF,23,2000,1,17,0.0,0.0,0.0,0.0,1.0,0.0,0.0,0.0,0.0,,,0.0
Serie A,Timothy Weah,Juventus,USA,MF,23,2000,30,1258,5.0,0.0,0.0,15.0,8.0,2.0,39.0,6.0,19.0,,,0.0
Serie A,Weston McKennie,Juventus,USA,MF,24,1998,34,2594,6.0,0.0,0.0,23.0,12.0,6.0,59.0,19.0,29.0,,,0.0
Serie A,Wojciech Szczęsny,Juventus,POL,GK,33,1990,35,3150,1.0,0.0,0.0,1.0,2.0,0.0,0.0,1.0,0.0,,,0.0
Serie A,Adam Marušić,Lazio,MNE,"DF,MF",30,1992,37,3100,3.0,1.0,0.0,24.0,10.0,4.0,44.0,28.0,32.0,,,0.0
Serie A,Alessio Romagnoli,Lazio,ITA,DF,28,1995,29,2411,9.0,0.0,0.0,35.0,19.0,1.0,1.0,31.0,16.0,,,0.0
Serie A,Christos Mandas,Lazio,GRE,GK,21,2001,9,721,0.0,0.0,0.0,0.0,1.0,0.0,0.0,1.0,0.0,,,0.0
Serie A,Ciro Immobile,Lazio,ITA,FW,33,1990,31,1652,8.0,0.0,0.0,22.0,30.0,14.0,7.0,3.0,8.0,,,0.0
Serie A,Daichi Kamada,Lazio,JPN,MF,26,1996,29,1544,3.0,0.0,0.0,39.0,13.0,2.0,11.0,18.0,36.0,,,0.0
Serie A,Danilo Cataldi,Lazio,ITA,MF,28,1994,28,1361,8.0,0.0,0.0,17.0,8.0,0.0,31.0,18.0,11.0,,,0.0
Serie A,Elseid Hysaj,Lazio,ALB,DF,29,1994,22,1199,2.0,0.0,0.0,14.0,9.0,3.0,18.0,18.0,14.0,,,0.0
Serie A,Felipe Anderson,Lazio,BRA,"FW,MF",30,1993,38,2770,3.0,0.0,0.0,30.0,36.0,4.0,57.0,27.0,44.0,,,0.0
Serie A,Gustav Isaksen,Lazio,DEN,"FW,MF",22,2001,28,1074,3.0,0.0,0.0,17.0,24.0,3.0,29.0,3.0,4.0,,,0.0
Serie A,Ivan Provedel,Lazio,ITA,GK,29,1994,30,2699,0.0,0.0,0.0,0.0,7.0,0.0,0.0,0.0,0.0,,,0.0
Serie A,Luca Pellegrini,Lazio,ITA,"DF,MF",24,1999,19,786,7.0,1.0,1.0,19.0,13.0,0.0,28.0,8.0,14.0,,,0.0
Serie A,Luis Alberto,Lazio,ESP,MF,30,1992,33,2311,7.0,0.0,0.0,16.0,23.0,6.0,149.0,6.0,21.0,,,0.0
Serie A,Manuel Lazzari,Lazio,ITA,"DF,MF",29,1993,24,1671,4.0,1.0,0.0,15.0,20.0,1.0,56.0,12.0,19.0,,,0.0
Serie A,Mario Gila,Lazio,ESP,DF,22,2000,21,1809,4.0,1.0,1.0,21.0,23.0,1.0,8.0,21.0,14.0,,,0.0
Serie A,Mattia Zaccagni,Lazio,ITA,"FW,MF",28,1995,28,1956,8.0,0.0,0.0,29.0,80.0,7.0,71.0,21.0,16.0,,,0.0
Serie A,Mattéo Guendouzi,Lazio,FRA,MF,24,1999,33,2367,3.0,1.0,0.0,26.0,34.0,0.0,40.0,23.0,15.0,,,0.0
Serie A,Matías Vecino,Lazio,URU,MF,31,1991,31,1153,8.0,0.0,0.0,32.0,7.0,2.0,5.0,10.0,17.0,,,0.0
Serie A,Nicolò Casale,Lazio,ITA,DF,25,1998,20,1559,5.0,0.0,0.0,24.0,6.0,0.0,0.0,11.0,10.0,,,0.0
Serie A,Nicolò Rovella,Lazio,ITA,MF,21,2001,23,1318,6.0,0.0,0.0,38.0,16.0,0.0,20.0,23.0,26.0,,,0.0
Serie A,Patric,Lazio,ESP,DF,30,1993,20,1608,4.0,0.0,0.0,8.0,6.0,0.0,11.0,4.0,8.0,,,0.0
Serie A,Pedro,Lazio,ESP,FW,36,1987,33,816,4.0,0.0,0.0,13.0,19.0,4.0,19.0,2.0,12.0,,,0.0
Serie A,Valentín Castellanos,Lazio,ARG,FW,24,1998,35,1682,2.0,0.0,0.0,33.0,31.0,20.0,16.0,3.0,11.0,,,0.0
Serie A,Ahmed Touba,Lecce,ALG,DF,25,1998,6,277,1.0,0.0,0.0,6.0,1.0,0.0,0.0,7.0,4.0,,,0.0
Serie A,Alexis Blin,Lecce,FRA,MF,26,1996,31,1642,4.0,0.0,0.0,25.0,22.0,0.0,11.0,21.0,21.0,,,0.0
Serie A,Antonino Gallo,Lecce,ITA,DF,23,2000,35,2490,2.0,0.0,0.0,9.0,17.0,3.0,137.0,23.0,26.0,,,0.0
Serie A,Federico Baschirotto,Lecce,ITA,DF,26,1996,37,3294,3.0,1.0,0.0,29.0,4.0,0.0,3.0,22.0,11.0,,,0.0
Serie A,Federico Di Francesco,Lecce,ITA,"FW,MF",29,1994,2,15,0.0,0.0,0.0,0.0,0.0,0.0,1.0,0.0,0.0,,,0.0
Serie A,Gabriel Strefezza,Lecce,BRA,"FW,MF",26,1997,19,1112,4.0,0.0,0.0,20.0,37.0,3.0,42.0,7.0,17.0,,,0.0
Serie A,Hamza Rafia,Lecce,TUN,MF,24,1999,28,1204,4.0,0.0,0.0,31.0,34.0,2.0,38.0,11.0,29.0,,,1.0
Serie A,Jeppe Corfitzen,Lecce,DEN,FW,18,2004,1,9,0.0,0.0,0.0,0.0,0.0,0.0,0.0,0.0,0.0,,,0.0
Serie A,Joan Gonzàlez,Lecce,ESP,MF,21,2002,29,1291,6.0,0.0,0.0,15.0,33.0,1.0,10.0,4.0,19.0,,,0.0
Serie A,Lameck Banda,Lecce,ZAM,"FW,MF",22,2001,21,1350,5.0,1.0,0.0,33.0,30.0,9.0,51.0,3.0,23.0,,,0.0
Serie A,Lorenzo Venuti,Lecce,ITA,DF,28,1995,14,364,1.0,0.0,0.0,5.0,1.0,0.0,10.0,5.0,4.0,,,0.0
Serie A,Marcin Listkowski,Lecce,POL,"FW,MF",25,1998,1,8,0.0,0.0,0.0,0.0,0.0,0.0,0.0,0.0,0.0,,,0.0
Serie A,Marin Pongračić,Lecce,CRO,DF,25,1997,36,3219,10.0,1.0,1.0,57.0,22.0,0.0,1.0,50.0,27.0,,,0.0
Serie A,Medon Berisha,Lecce,ALB,MF,19,2003,6,205,0.0,0.0,0.0,7.0,5.0,0.0,3.0,1.0,0.0,,,0.0
Serie A,Mohamed Kaba,Lecce,GUI,MF,21,2001,23,1378,4.0,1.0,1.0,26.0,21.0,0.0,6.0,12.0,20.0,,,0.0
Serie A,Nicola Sansone,Lecce,ITA,"MF,FW",31,1991,25,767,4.0,0.0,0.0,16.0,12.0,0.0,28.0,4.0,7.0,,,0.0
Serie A,Nikola Krstović,Lecce,MNE,FW,23,2000,35,2373,4.0,1.0,0.0,45.0,54.0,14.0,4.0,3.0,8.0,,,0.0
Serie A,Patrick Dorgu,Lecce,DEN,"MF,DF",18,2004,32,1564,6.0,0.0,0.0,25.0,44.0,2.0,39.0,9.0,22.0,,,0.0
Serie A,Pontus Almqvist,Lecce,SWE,"FW,MF",24,1999,30,2107,5.0,0.0,0.0,29.0,35.0,1.0,22.0,14.0,28.0,,,0.0
Serie A,Rareș-Cătălin Burnete,Lecce,ROU,FW,19,2004,1,8,0.0,0.0,0.0,0.0,0.0,0.0,0.0,0.0,0.0,,,0.0
Serie A,Remi Oudin,Lecce,FRA,"MF,FW",26,1996,31,1819,3.0,0.0,0.0,16.0,11.0,2.0,155.0,21.0,13.0,,,0.0
Serie A,Roberto Piccoli,Lecce,ITA,FW,22,2001,35,1378,5.0,0.0,0.0,28.0,13.0,15.0,6.0,3.0,7.0,,,0.0
Serie A,Santiago Pierotti,Lecce,ARG,"FW,MF",22,2001,11,200,0.0,0.0,0.0,13.0,3.0,0.0,4.0,1.0,8.0,,,0.0
Serie A,Valentin Gendrey,Lecce,FRA,DF,23,2000,37,3044,5.0,0.0,0.0,27.0,40.0,3.0,61.0,34.0,32.0,,,0.0
Serie A,Wladimiro Falcone,Lecce,ITA,GK,28,1995,38,3420,0.0,0.0,0.0,0.0,5.0,0.0,0.0,1.0,0.0,,,0.0
Serie A,Ylber Ramadani,Lecce,ALB,MF,27,1996,34,2970,13.0,0.0,0.0,42.0,37.0,0.0,14.0,47.0,44.0,,,0.0
Serie A,Alessandro Florenzi,Milan,ITA,"DF,MF",32,1991,31,1732,5.0,0.0,0.0,12.0,9.0,2.0,121.0,20.0,20.0,,,0.0
Serie A,Antonio Mirante,Milan,ITA,GK,40,1983,2,177,0.0,0.0,0.0,0.0,0.0,0.0,0.0,0.0,0.0,,,0.0
Serie A,Chaka Traorè,Milan,CIV,FW,18,2004,2,20,0.0,0.0,0.0,1.0,0.0,0.0,0.0,0.0,1.0,,,0.0
Serie A,Christian Pulisic,Milan,USA,"MF,FW",24,1998,36,2602,2.0,0.0,0.0,19.0,45.0,4.0,100.0,10.0,25.0,,,0.0
Serie A,Davide Bartesaghi,Milan,ITA,MF,17,2005,6,79,0.0,0.0,0.0,1.0,1.0,0.0,1.0,0.0,1.0,,,0.0
Serie A,Davide Calabria,Milan,ITA,DF,26,1996,29,2185,5.0,2.0,1.0,25.0,19.0,0.0,35.0,21.0,40.0,,,0.0
Serie A,Fikayo Tomori,Milan,ENG,DF,25,1997,26,2121,8.0,1.0,1.0,26.0,9.0,1.0,3.0,25.0,23.0,,,0.0
Serie A,Filippo Terracciano,Milan,ITA,DF,20,2003,3,76,1.0,0.0,0.0,3.0,1.0,0.0,0.0,0.0,2.0,,,0.0
Serie A,Francesco Camarda,Milan,ITA,FW,15,2008,2,14,0.0,0.0,0.0,0.0,0.0,0.0,0.0,0.0,0.0,,,0.0
Serie A,Ismaël Bennacer,Milan,ALG,MF,25,1997,20,1151,2.0,0.0,0.0,18.0,26.0,1.0,32.0,11.0,21.0,,,0.0
Serie A,Jan-Carlo Simic,Milan,SRB,DF,18,2005,4,146,0.0,0.0,0.0,2.0,0.0,0.0,0.0,0.0,1.0,,,0.0
Serie A,Kevin Zeroli,Milan,ITA,MF,18,2005,3,28,0.0,0.0,0.0,0.0,0.0,0.0,1.0,0.0,0.0,,,0.0
Serie A,Lapo Nava,Milan,ITA,GK,19,2004,1,3,0.0,0.0,0.0,0.0,0.0,0.0,0.0,0.0,0.0,,,0.0
Serie A,Luka Jović,Milan,SRB,FW,25,1997,23,877,2.0,1.0,0.0,8.0,12.0,2.0,1.0,1.0,3.0,,,0.0
Serie A,Luka Romero,Milan,ARG,MF,18,2004,4,88,1.0,0.0,0.0,3.0,2.0,0.0,2.0,0.0,1.0,,,0.0
Serie A,Malick Thiaw,Milan,GER,DF,21,2001,21,1619,5.0,1.0,0.0,31.0,7.0,0.0,0.0,16.0,18.0,,,1.0
Serie A,Marco Pellegrino,Milan,ARG,DF,21,2002,1,68,0.0,0.0,0.0,0.0,0.0,0.0,0.0,1.0,1.0,,,0.0
Serie A,Marco Sportiello,Milan,ITA,GK,31,1992,7,630,0.0,0.0,0.0,0.0,0.0,0.0,0.0,0.0,0.0,,,0.0
Serie A,Matteo Gabbia,Milan,ITA,DF,23,1999,18,1275,5.0,0.0,0.0,27.0,8.0,0.0,0.0,10.0,20.0,,,0.0
Serie A,Mattia Caldara,Milan,ITA,DF,29,1994,1,33,0.0,0.0,0.0,0.0,0.0,0.0,0.0,1.0,1.0,,,0.0
Serie A,Mike Maignan,Milan,FRA,GK,28,1995,29,2609,1.0,1.0,0.0,1.0,5.0,0.0,0.0,1.0,0.0,,,0.0
Serie A,Noah Okafor,Milan,SUI,"FW,MF",23,2000,28,887,1.0,0.0,0.0,12.0,9.0,2.0,22.0,0.0,4.0,,,0.0
Serie A,Olivier Giroud,Milan,FRA,FW,36,1986,35,2363,1.0,1.0,0.0,31.0,24.0,14.0,3.0,6.0,11.0,,,0.0
Serie A,Pierre Kalulu,Milan,FRA,DF,23,2000,9,374,0.0,0.0,0.0,1.0,3.0,0.0,5.0,1.0,1.0,,,0.0
Serie A,Rade Krunić,Milan,BIH,MF,29,1993,10,687,3.0,0.0,0.0,10.0,11.0,0.0,4.0,11.0,8.0,,,0.0
Serie A,Rafael Leão,Milan,POR,"MF,FW",24,1999,34,2512,5.0,0.0,0.0,26.0,52.0,17.0,106.0,9.0,10.0,,,0.0
Serie A,Ruben Loftus-Cheek,Milan,ENG,MF,27,1996,29,2068,5.0,0.0,0.0,39.0,45.0,1.0,13.0,10.0,18.0,,,0.0
Serie A,Samuel Chukwueze,Milan,NGA,"MF,FW",24,1999,24,1017,1.0,0.0,0.0,7.0,12.0,7.0,21.0,6.0,7.0,,,0.0
Serie A,Simon Kjær,Milan,DEN,DF,34,1989,20,1171,1.0,0.0,0.0,9.0,2.0,0.0,1.0,13.0,15.0,,,0.0
Serie A,Theo Hernández,Milan,FRA,DF,25,1997,32,2791,11.0,1.0,0.0,38.0,50.0,2.0,71.0,21.0,17.0,,,0.0
Serie A,Tijjani Reijnders,Milan,NED,MF,25,1998,36,2820,8.0,0.0,0.0,21.0,20.0,1.0,40.0,19.0,25.0,,,0.0
Serie A,Tommaso Pobega,Milan,ITA,"MF,DF",24,1999,11,319,0.0,0.0,0.0,8.0,7.0,0.0,0.0,5.0,9.0,,,0.0
Serie A,Yacine Adli,Milan,FRA,MF,23,2000,24,1407,3.0,0.0,0.0,26.0,9.0,1.0,50.0,18.0,17.0,,,0.0
Serie A,Yunus Musah,Milan,USA,MF,20,2002,30,1478,5.0,0.0,0.0,22.0,21.0,2.0,27.0,11.0,14.0,,,0.0
Serie A,Álex Jiménez,Milan,ESP,DF,18,2005,3,68,1.0,0.0,0.0,2.0,1.0,0.0,1.0,0.0,1.0,,,0.0
Serie A,Alessandro Sorrentino,Monza,ITA,GK,21,2002,7,548,0.0,0.0,0.0,0.0,1.0,0.0,0.0,0.0,0.0,,,0.0
Serie A,Alessio Zerbin,Monza,ITA,MF,24,1999,13,684,2.0,1.0,1.0,17.0,12.0,0.0,31.0,3.0,11.0,,,0.0
Serie A,Andrea Carboni,Monza,ITA,DF,22,2001,21,1487,1.0,0.0,0.0,12.0,5.0,1.0,21.0,17.0,22.0,,,0.0
Serie A,Andrea Colpani,Monza,ITA,MF,24,1999,38,2657,1.0,0.0,0.0,24.0,45.0,2.0,109.0,12.0,15.0,,,0.0
Serie A,Andrea Ferraris,Monza,ITA,FW,20,2003,1,10,0.0,0.0,0.0,0.0,0.0,0.0,0.0,0.0,1.0,,,0.0
Serie A,Armando Izzo,Monza,ITA,DF,31,1992,23,1650,9.0,0.0,0.0,32.0,25.0,1.0,3.0,24.0,20.0,,,0.0
Serie A,Daniel Maldini,Monza,ITA,MF,21,2001,11,333,0.0,0.0,0.0,2.0,5.0,2.0,10.0,2.0,2.0,,,0.0
Serie A,Danilo D'Ambrosio,Monza,ITA,DF,34,1988,24,1536,5.0,1.0,1.0,18.0,13.0,1.0,7.0,15.0,34.0,,,0.0
Serie A,Dany Mota,Monza,POR,"MF,FW",25,1998,34,2049,3.0,0.0,0.0,22.0,28.0,6.0,90.0,2.0,7.0,,,0.0
Serie A,Davide Bettella,Monza,ITA,DF,23,2000,1,3,0.0,0.0,0.0,0.0,0.0,0.0,0.0,0.0,0.0,,,0.0
Serie A,Gianluca Caprari,Monza,ITA,"MF,FW",30,1993,6,285,0.0,0.0,0.0,3.0,5.0,2.0,8.0,2.0,1.0,,,0.0
Serie A,Giorgio Cittadini,Monza,ITA,DF,21,2002,1,15,1.0,0.0,0.0,1.0,1.0,0.0,0.0,0.0,1.0,,,0.0
Serie A,Giorgos Kyriakopoulos,Monza,GRE,"MF,DF",27,1996,28,1712,3.0,0.0,0.0,15.0,14.0,2.0,84.0,12.0,10.0,,,0.0
Serie A,Giulio Donati,Monza,ITA,DF,33,1990,4,36,2.0,0.0,0.0,1.0,0.0,0.0,4.0,0.0,0.0,,,0.0
Serie A,Jean-Daniel Akpa-Akpro,Monza,CIV,"MF,DF",30,1992,19,705,5.0,0.0,0.0,15.0,5.0,0.0,1.0,9.0,13.0,,,0.0
Serie A,Lorenzo Colombo,Monza,ITA,FW,21,2002,25,1359,3.0,0.0,0.0,25.0,24.0,6.0,2.0,0.0,11.0,,,0.0
Serie A,Luca Caldirola,Monza,ITA,DF,32,1991,29,2141,7.0,1.0,1.0,24.0,17.0,1.0,4.0,25.0,14.0,,,0.0
Serie A,Matteo Pessina,Monza,ITA,MF,26,1997,37,3222,5.0,1.0,1.0,29.0,45.0,1.0,20.0,27.0,25.0,,,0.0
Serie A,Michele Di Gregorio,Monza,ITA,GK,26,1997,33,2872,0.0,0.0,0.0,0.0,4.0,0.0,0.0,2.0,0.0,,,0.0
Serie A,Milan Đurić,Monza,BIH,FW,33,1990,17,1257,2.0,0.0,0.0,23.0,26.0,1.0,1.0,0.0,4.0,,,0.0
Serie A,Mirko Marić,Monza,CRO,FW,28,1995,10,287,0.0,1.0,0.0,4.0,5.0,3.0,1.0,2.0,1.0,,,0.0
Serie A,Pablo Marí,Monza,ESP,DF,29,1993,34,2615,7.0,0.0,0.0,37.0,9.0,0.0,4.0,37.0,26.0,,,0.0
Serie A,Papu Gómez,Monza,ARG,"FW,MF",35,1988,2,41,0.0,0.0,0.0,0.0,0.0,0.0,5.0,1.0,0.0,,,0.0
Serie A,Patrick Ciurria,Monza,ITA,MF,28,1995,22,1598,2.0,0.0,0.0,29.0,14.0,4.0,53.0,9.0,20.0,,,0.0
Serie A,Pedro Pereira,Monza,POR,"MF,DF",25,1998,23,841,3.0,0.0,0.0,11.0,3.0,1.0,37.0,4.0,13.0,,,0.0
Serie A,Pepín,Monza,EQG,MF,26,1996,10,241,2.0,0.0,0.0,2.0,6.0,0.0,4.0,0.0,1.0,,,0.0
Serie A,Roberto Gagliardini,Monza,ITA,"MF,DF",29,1994,33,2360,5.0,0.0,0.0,26.0,21.0,1.0,9.0,30.0,29.0,,,0.0
Serie A,Samuele Birindelli,Monza,ITA,"MF,DF",24,1999,35,2013,7.0,0.0,0.0,30.0,32.0,1.0,55.0,16.0,20.0,,,0.0
Serie A,Samuele Vignato,Monza,ITA,MF,19,2004,10,343,2.0,0.0,0.0,4.0,4.0,1.0,8.0,1.0,4.0,,,0.0
Serie A,Valentin Carboni,Monza,ARG,MF,18,2005,31,1169,2.0,0.0,0.0,21.0,20.0,3.0,14.0,7.0,13.0,,,0.0
Serie A,Warren Bondo,Monza,FRA,MF,19,2003,25,1475,9.0,0.0,0.0,31.0,19.0,0.0,2.0,6.0,23.0,,,0.0
Serie A,Alessandro Zanoli,Napoli,ITA,MF,22,2000,4,52,1.0,0.0,0.0,3.0,0.0,0.0,2.0,1.0,1.0,,,0.0
Serie A,Alessio Zerbin,Napoli,ITA,FW,24,1999,7,150,0.0,0.0,0.0,7.0,4.0,0.0,7.0,0.0,2.0,,,0.0
Serie A,Alex Meret,Napoli,ITA,GK,26,1997,31,2773,0.0,0.0,0.0,0.0,3.0,0.0,0.0,0.0,0.0,,,0.0
Serie A,Amir Rrahmani,Napoli,KVX,DF,29,1994,30,2600,5.0,0.0,0.0,19.0,7.0,2.0,4.0,19.0,27.0,,,0.0
Serie A,Cyril Ngonge,Napoli,BEL,FW,23,2000,13,315,2.0,0.0,0.0,2.0,10.0,1.0,21.0,0.0,3.0,,,0.0
Serie A,Diego Demme,Napoli,GER,MF,31,1991,2,73,1.0,0.0,0.0,1.0,2.0,0.0,3.0,0.0,1.0,,,0.0
Serie A,Elif Elmas,Napoli,MKD,"MF,FW",23,1999,11,339,2.0,0.0,0.0,7.0,6.0,1.0,6.0,1.0,3.0,,,0.0
Serie A,Frank Anguissa,Napoli,CMR,MF,27,1995,34,2786,2.0,0.0,0.0,41.0,38.0,4.0,21.0,28.0,35.0,,,0.0
Serie A,Giacomo Raspadori,Napoli,ITA,FW,23,2000,37,1584,0.0,0.0,0.0,17.0,19.0,5.0,64.0,4.0,11.0,,,0.0
Serie A,Gianluca Gaetano,Napoli,ITA,MF,23,2000,9,161,1.0,0.0,0.0,3.0,1.0,0.0,3.0,1.0,1.0,,,0.0
Serie A,Giovanni Di Lorenzo,Napoli,ITA,DF,29,1993,36,3234,6.0,0.0,0.0,28.0,37.0,5.0,125.0,22.0,36.0,,,0.0
Serie A,Giovanni Simeone,Napoli,ARG,FW,28,1995,28,800,3.0,0.0,0.0,11.0,13.0,6.0,6.0,1.0,4.0,,,0.0
Serie A,Hamed Junior Traorè,Napoli,CIV,MF,23,2000,9,382,1.0,0.0,0.0,4.0,7.0,1.0,7.0,1.0,2.0,,,0.0
Serie A,Jens Cajuste,Napoli,SWE,MF,23,1999,26,1016,7.0,0.0,0.0,29.0,11.0,1.0,6.0,3.0,22.0,,,0.0
Serie A,Jesper Lindstrøm,Napoli,DEN,FW,23,2000,22,430,2.0,0.0,0.0,6.0,4.0,2.0,12.0,2.0,2.0,,,0.0
Serie A,Juan Jesus,Napoli,BRA,DF,32,1991,24,2116,7.0,0.0,0.0,28.0,9.0,0.0,0.0,22.0,20.0,,,0.0
Serie A,Khvicha Kvaratskhelia,Napoli,GEO,FW,22,2001,34,2737,8.0,0.0,0.0,25.0,80.0,4.0,99.0,13.0,22.0,,,0.0
Serie A,Leander Dendoncker,Napoli,BEL,"DF,MF",28,1995,3,24,0.0,0.0,0.0,0.0,1.0,0.0,0.0,0.0,0.0,,,0.0
Serie A,Leo Østigård,Napoli,NOR,DF,23,1999,25,1625,3.0,0.0,0.0,12.0,12.0,1.0,2.0,15.0,11.0,,,0.0
Serie A,Mathías Olivera,Napoli,URU,DF,25,1997,23,1569,3.0,0.0,0.0,9.0,17.0,1.0,27.0,19.0,29.0,,,0.0
Serie A,Matteo Politano,Napoli,ITA,FW,29,1993,37,2360,2.0,1.0,0.0,12.0,38.0,2.0,134.0,15.0,9.0,,,0.0
Serie A,Mário Rui,Napoli,POR,DF,32,1991,21,1205,7.0,1.0,1.0,16.0,28.0,1.0,62.0,16.0,15.0,,,0.0
Serie A,Natan,Napoli,BRA,DF,22,2001,14,952,3.0,1.0,1.0,13.0,6.0,0.0,5.0,8.0,11.0,,,0.0
Serie A,Nikita Contini,Napoli,ITA,GK,27,1996,1,17,0.0,0.0,0.0,0.0,0.0,0.0,0.0,0.0,0.0,,,0.0
Serie A,Pasquale Mazzocchi,Napoli,ITA,"DF,MF",28,1995,10,428,0.0,1.0,0.0,9.0,7.0,0.0,14.0,1.0,3.0,,,0.0
Serie A,Pierluigi Gollini,Napoli,ITA,GK,28,1995,7,630,0.0,0.0,0.0,0.0,1.0,0.0,0.0,1.0,1.0,,,0.0
Serie A,Piotr Zieliński,Napoli,POL,MF,29,1994,28,1924,1.0,0.0,0.0,15.0,18.0,0.0,88.0,10.0,16.0,,,0.0
Serie A,Stanislav Lobotka,Napoli,SVK,MF,28,1994,38,3282,4.0,0.0,0.0,33.0,41.0,0.0,3.0,31.0,40.0,,,0.0
Serie A,Victor Osimhen,Napoli,NGA,FW,24,1998,25,1982,6.0,1.0,1.0,31.0,31.0,34.0,14.0,2.0,8.0,,,0.0
Serie A,Andrea Belotti,Roma,ITA,FW,29,1993,14,679,1.0,0.0,0.0,14.0,25.0,8.0,4.0,1.0,4.0,,,0.0
Serie A,Angeliño,Roma,ESP,"DF,MF",26,1997,16,1141,2.0,0.0,0.0,13.0,10.0,1.0,53.0,12.0,11.0,,,1.0
Serie A,Bryan Cristante,Roma,ITA,MF,28,1995,37,3289,8.0,0.0,0.0,77.0,16.0,4.0,28.0,23.0,41.0,,,0.0
Serie A,Chris Smalling,Roma,ENG,DF,33,1989,8,390,0.0,0.0,0.0,1.0,3.0,0.0,1.0,3.0,1.0,,,0.0
Serie A,Dean Huijsen,Roma,ESP,DF,18,2005,13,509,4.0,0.0,0.0,10.0,2.0,0.0,1.0,3.0,5.0,,,1.0
Serie A,Diego Llorente,Roma,ESP,DF,29,1993,29,2170,5.0,0.0,0.0,26.0,23.0,0.0,6.0,22.0,19.0,,,0.0
Serie A,Edoardo Bove,Roma,ITA,MF,21,2002,31,1780,2.0,0.0,0.0,31.0,37.0,1.0,8.0,10.0,31.0,,,0.0
Serie A,Gianluca Mancini,Roma,ITA,DF,27,1996,36,2869,9.0,0.0,0.0,49.0,31.0,0.0,24.0,34.0,19.0,,,0.0
Serie A,Houssem Aouar,Roma,ALG,"MF,FW",25,1998,16,756,3.0,0.0,0.0,10.0,11.0,3.0,10.0,4.0,11.0,,,0.0
Serie A,João Costa,Roma,BRA,FW,18,2005,3,14,1.0,0.0,0.0,2.0,0.0,0.0,1.0,0.0,0.0,,,0.0
Serie A,Leandro Paredes,Roma,ARG,MF,29,1994,34,2634,15.0,1.0,0.0,30.0,35.0,0.0,82.0,27.0,35.0,,,0.0
Serie A,Leonardo Spinazzola,Roma,ITA,"MF,DF",30,1993,24,1312,0.0,0.0,0.0,8.0,6.0,1.0,83.0,3.0,7.0,,,0.0
Serie A,Lorenzo Pellegrini,Roma,ITA,MF,27,1996,29,1859,7.0,0.0,0.0,26.0,35.0,3.0,76.0,20.0,20.0,,,0.0
Serie A,Mile Svilar,Roma,SRB,GK,23,1999,15,1350,1.0,0.0,0.0,0.0,4.0,0.0,0.0,0.0,0.0,,,0.0
Serie A,Niccolò Pisilli,Roma,ITA,MF,18,2004,1,10,0.0,0.0,0.0,0.0,0.0,0.0,0.0,0.0,0.0,,,0.0
Serie A,Nicola Zalewski,Roma,POL,"MF,FW",21,2002,22,968,3.0,1.0,1.0,14.0,27.0,1.0,38.0,8.0,13.0,,,0.0
Serie A,Obite N'Dicka,Roma,CIV,DF,23,1999,25,2168,6.0,0.0,0.0,26.0,16.0,0.0,11.0,15.0,18.0,,,0.0
Serie A,Ola Solbakken,Roma,NOR,FW,24,1998,1,23,0.0,0.0,0.0,0.0,0.0,0.0,1.0,0.0,0.0,,,0.0
Serie A,Paulo Dybala,Roma,ARG,"FW,MF",29,1993,28,1959,3.0,0.0,0.0,12.0,50.0,5.0,88.0,3.0,13.0,,,0.0
Serie A,Rasmus Kristensen,Roma,DEN,"MF,DF",26,1997,29,1744,5.0,0.0,0.0,14.0,8.0,1.0,43.0,7.0,18.0,,,1.0
Serie A,Renato Sanches,Roma,POR,MF,25,1997,7,146,2.0,0.0,0.0,6.0,3.0,0.0,4.0,0.0,1.0,,,0.0
Serie A,Riccardo Pagano,Roma,ITA,MF,18,2004,4,51,0.0,0.0,0.0,3.0,0.0,0.0,1.0,0.0,2.0,,,0.0
Serie A,Rick Karsdorp,Roma,NED,"MF,DF",28,1995,18,1191,2.0,0.0,0.0,9.0,9.0,0.0,28.0,9.0,18.0,,,0.0
Serie A,Romelu Lukaku,Roma,BEL,FW,30,1993,32,2641,5.0,1.0,0.0,24.0,17.0,25.0,13.0,0.0,6.0,,,0.0
Serie A,Rui Patrício,Roma,POR,GK,35,1988,23,2070,1.0,0.0,0.0,1.0,1.0,0.0,0.0,0.0,0.0,,,0.0
Serie A,Sardar Azmoun,Roma,IRN,"FW,MF",28,1995,23,585,4.0,0.0,0.0,8.0,11.0,2.0,2.0,3.0,5.0,,,0.0
Serie A,Stephan El Shaarawy,Roma,ITA,"FW,MF",30,1992,33,1738,2.0,0.0,0.0,14.0,28.0,8.0,18.0,14.0,13.0,,,0.0
Serie A,Tammy Abraham,Roma,ENG,FW,25,1997,8,242,1.0,0.0,0.0,6.0,5.0,2.0,2.0,0.0,1.0,,,0.0
Serie A,Tommaso Baldanzi,Roma,ITA,"MF,FW",20,2003,13,518,2.0,0.0,0.0,7.0,14.0,1.0,5.0,0.0,5.0,,,0.0
Serie A,Zeki Çelik,Roma,TUR,"DF,MF",26,1997,17,671,1.0,0.0,0.0,14.0,3.0,0.0,20.0,8.0,15.0,,,0.0
Serie A,Agustín Martegani,Salernitana,ARG,MF,23,2000,18,731,1.0,0.0,0.0,10.0,14.0,0.0,1.0,4.0,7.0,,,0.0
Serie A,Alessandro Zanoli,Salernitana,ITA,"MF,DF",22,2000,17,921,3.0,0.0,0.0,5.0,4.0,1.0,30.0,2.0,12.0,,,1.0
Serie A,Andres Sfait,Salernitana,ROU,MF,18,2004,2,23,0.0,0.0,0.0,0.0,0.0,0.0,1.0,0.0,1.0,,,0.0
Serie A,Antonio Candreva,Salernitana,ITA,MF,36,1987,34,2750,5.0,0.0,0.0,11.0,43.0,21.0,219.0,7.0,13.0,,,0.0
Serie A,Benoît Costil,Salernitana,FRA,GK,36,1987,13,1170,0.0,0.0,0.0,0.0,1.0,0.0,1.0,0.0,1.0,,,0.0
Serie A,Boulaye Dia,Salernitana,SEN,"FW,MF",26,1996,17,1143,1.0,0.0,0.0,11.0,24.0,3.0,1.0,3.0,2.0,,,0.0
Serie A,Chukwubuikem Ikwuemesi,Salernitana,NGA,FW,21,2001,25,1061,2.0,0.0,0.0,35.0,20.0,9.0,2.0,1.0,1.0,,,0.0
Serie A,Domagoj Bradarić,Salernitana,CRO,"MF,DF",23,1999,34,2749,5.0,0.0,0.0,14.0,34.0,0.0,81.0,31.0,21.0,,,0.0
Serie A,Dylan Bronn,Salernitana,TUN,DF,28,1995,4,52,0.0,0.0,0.0,0.0,2.0,0.0,0.0,0.0,0.0,,,0.0
Serie A,Emanuel Vignato,Salernitana,ITA,"MF,FW",22,2000,9,311,1.0,0.0,0.0,3.0,1.0,1.0,2.0,1.0,7.0,,,0.0
Serie A,Emil Bohinen,Salernitana,NOR,MF,24,1999,12,535,1.0,0.0,0.0,5.0,6.0,0.0,2.0,14.0,6.0,,,0.0
Serie A,Erik Botheim,Salernitana,NOR,"FW,MF",23,2000,7,316,1.0,0.0,0.0,2.0,11.0,0.0,1.0,0.0,0.0,,,0.0
Serie A,Federico Fazio,Salernitana,ARG,DF,36,1987,17,1355,3.0,1.0,0.0,8.0,9.0,0.0,0.0,17.0,11.0,,,0.0
Serie A,Flavius Daniliuc,Salernitana,AUT,DF,22,2001,14,744,2.0,0.0,0.0,14.0,4.0,0.0,1.0,8.0,11.0,,,0.0
Serie A,Gerardo Fusco,Salernitana,ITA,FW,18,2005,1,15,0.0,0.0,0.0,0.0,0.0,0.0,1.0,0.0,0.0,,,0.0
Serie A,Giulio Maggiore,Salernitana,ITA,MF,25,1998,27,1800,9.0,1.0,1.0,39.0,36.0,1.0,3.0,22.0,26.0,,,0.0
Serie A,Grigoris Kastanos,Salernitana,CYP,MF,25,1998,26,1480,5.0,0.0,0.0,18.0,44.0,3.0,38.0,6.0,14.0,,,0.0
Serie A,Guillermo Ochoa,Salernitana,MEX,GK,38,1985,21,1890,0.0,0.0,0.0,0.0,0.0,0.0,0.0,0.0,0.0,,,0.0
Serie A,Iron Gomis,Salernitana,FRA,MF,23,1999,5,134,0.0,0.0,0.0,2.0,2.0,1.0,1.0,2.0,1.0,,,0.0
Serie A,Jovane Cabral,Salernitana,CPV,"MF,FW",25,1998,12,678,1.0,0.0,0.0,19.0,13.0,6.0,14.0,1.0,9.0,,,0.0
Serie A,Junior Sambia,Salernitana,CTA,MF,26,1996,18,1032,4.0,0.0,0.0,9.0,15.0,0.0,29.0,10.0,5.0,,,0.0
Serie A,Jérôme Boateng,Salernitana,GER,DF,34,1988,7,238,0.0,0.0,0.0,2.0,0.0,1.0,1.0,4.0,0.0,,,0.0
Serie A,Kostas Manolas,Salernitana,GRE,DF,32,1991,8,488,0.0,0.0,0.0,5.0,3.0,0.0,1.0,2.0,6.0,,,0.0
Serie A,Lassana Coulibaly,Salernitana,MLI,MF,27,1996,28,2082,5.0,0.0,0.0,33.0,36.0,1.0,9.0,17.0,33.0,,,0.0
Serie A,Lorenzo Pirola,Salernitana,ITA,DF,21,2002,27,1987,4.0,0.0,0.0,33.0,16.0,1.0,2.0,25.0,22.0,,,0.0
Serie A,Loum Tchaouna,Salernitana,FRA,"MF,FW",19,2003,33,2100,4.0,0.0,0.0,15.0,30.0,6.0,69.0,5.0,10.0,,,0.0
Serie A,Mamadou Coulibaly,Salernitana,SEN,MF,24,1999,1,3,0.0,0.0,0.0,0.0,0.0,0.0,0.0,0.0,0.0,,,0.0
Serie A,Marco Pellegrino,Salernitana,ARG,DF,21,2002,10,545,1.0,0.0,0.0,3.0,1.0,0.0,1.0,10.0,6.0,,,0.0
Serie A,Mateusz Łęgowski,Salernitana,POL,MF,20,2003,29,1145,3.0,0.0,0.0,24.0,10.0,2.0,6.0,7.0,12.0,,,0.0
Serie A,Matteo Lovato,Salernitana,ITA,DF,23,2000,13,947,2.0,0.0,0.0,7.0,5.0,0.0,1.0,19.0,14.0,,,0.0
Serie A,Niccolò Pierozzi,Salernitana,ITA,DF,21,2001,12,871,6.0,0.0,0.0,28.0,10.0,0.0,6.0,11.0,10.0,,,0.0
Serie A,Norbert Gyömbér,Salernitana,SVK,DF,31,1992,22,1760,9.0,0.0,0.0,33.0,18.0,0.0,0.0,23.0,19.0,,,1.0
Serie A,Pasquale Mazzocchi,Salernitana,ITA,"MF,DF",28,1995,18,1272,4.0,0.0,0.0,23.0,9.0,3.0,44.0,4.0,18.0,,,0.0
Serie A,Shon Weissman,Salernitana,ISR,FW,27,1996,11,494,0.0,0.0,0.0,3.0,10.0,0.0,0.0,3.0,3.0,,,0.0
Serie A,Simeon Nwankwo,Salernitana,NGA,FW,31,1992,15,686,0.0,0.0,0.0,11.0,17.0,2.0,0.0,0.0,3.0,,,0.0
Serie A,Toma Bašić,Salernitana,CRO,MF,26,1996,15,1162,5.0,0.0,0.0,14.0,16.0,0.0,25.0,14.0,13.0,,,0.0
Serie A,Triantafyllos Pasaridīs,Salernitana,GRE,DF,27,1996,8,452,3.0,0.0,0.0,9.0,3.0,0.0,0.0,3.0,7.0,,,0.0
Serie A,Trivante Stewart,Salernitana,JAM,FW,23,2000,4,100,0.0,0.0,0.0,1.0,0.0,0.0,2.0,0.0,0.0,,,0.0
Serie A,Vincenzo Fiorillo,Salernitana,ITA,GK,33,1990,4,360,1.0,1.0,0.0,0.0,3.0,0.0,0.0,0.0,0.0,,,0.0
Serie A,Alessio Cragno,Sassuolo,ITA,GK,29,1994,3,270,0.0,0.0,0.0,0.0,0.0,0.0,0.0,0.0,0.0,,,0.0
Serie A,Andrea Consigli,Sassuolo,ITA,GK,36,1987,35,3150,1.0,0.0,0.0,0.0,3.0,0.0,0.0,0.0,0.0,,,0.0
Serie A,Andrea Pinamonti,Sassuolo,ITA,FW,24,1999,38,3076,4.0,0.0,0.0,21.0,52.0,9.0,10.0,1.0,9.0,,,0.0
Serie A,Armand Lauriente,Sassuolo,FRA,"MF,FW",24,1998,37,2908,5.0,0.0,0.0,34.0,55.0,4.0,134.0,18.0,21.0,,,0.0
Serie A,Cristian Volpato,Sassuolo,AUS,"MF,FW",19,2003,22,645,1.0,0.0,0.0,15.0,9.0,0.0,48.0,2.0,8.0,,,0.0
Serie A,Daniel Boloca,Sassuolo,ROU,MF,24,1998,30,2022,6.0,1.0,0.0,25.0,7.0,0.0,8.0,15.0,33.0,,,0.0
Serie A,Domenico Berardi,Sassuolo,ITA,"MF,FW",28,1994,17,1431,6.0,0.0,0.0,28.0,28.0,4.0,73.0,13.0,6.0,,,0.0
Serie A,Emil Ceide,Sassuolo,NOR,"FW,MF",21,2001,11,176,0.0,0.0,0.0,2.0,1.0,0.0,5.0,0.0,1.0,,,0.0
Serie A,Filippo Missori,Sassuolo,ITA,MF,19,2004,8,266,0.0,0.0,0.0,1.0,2.0,0.0,5.0,3.0,3.0,,,0.0
Serie A,Gian Marco Ferrari,Sassuolo,ITA,DF,31,1992,31,2272,4.0,0.0,0.0,26.0,21.0,0.0,14.0,26.0,11.0,,,0.0
Serie A,Grégoire Defrel,Sassuolo,MTQ,"MF,FW",32,1991,20,757,0.0,0.0,0.0,9.0,8.0,1.0,2.0,4.0,7.0,,,0.0
Serie A,Jeremy Toljan,Sassuolo,GER,DF,28,1994,25,2083,1.0,0.0,0.0,10.0,7.0,0.0,52.0,15.0,10.0,,,0.0
Serie A,Josh Doig,Sassuolo,SCO,"DF,MF",21,2002,16,1343,5.0,0.0,0.0,16.0,11.0,0.0,46.0,15.0,17.0,,,0.0
Serie A,Justin Kumi,Sassuolo,ITA,MF,19,2004,1,4,0.0,0.0,0.0,0.0,0.0,0.0,0.0,0.0,0.0,,,0.0
Serie A,Kevin Miranda,Sassuolo,ITA,DF,20,2003,1,14,0.0,0.0,0.0,0.0,0.0,0.0,0.0,0.0,0.0,,,0.0
Serie A,Kristian Thorstvedt,Sassuolo,NOR,MF,24,1999,34,2397,7.0,0.0,0.0,36.0,39.0,1.0,26.0,22.0,20.0,,,0.0
Serie A,Luca Lipani,Sassuolo,ITA,MF,18,2005,8,384,0.0,0.0,0.0,6.0,1.0,0.0,5.0,6.0,7.0,,,0.0
Serie A,Marash Kumbulla,Sassuolo,ALB,DF,23,2000,7,362,1.0,0.0,0.0,3.0,1.0,0.0,0.0,0.0,2.0,,,1.0
Serie A,Marcus Pedersen,Sassuolo,NOR,DF,23,2000,28,1613,4.0,0.0,0.0,13.0,9.0,0.0,57.0,10.0,24.0,,,0.0
Serie A,Martin Erlić,Sassuolo,CRO,DF,25,1998,32,2618,5.0,0.0,0.0,30.0,26.0,0.0,5.0,27.0,22.0,,,0.0
Serie A,Matheus Henrique,Sassuolo,BRA,MF,25,1997,31,2501,8.0,1.0,1.0,21.0,38.0,2.0,28.0,24.0,29.0,,,0.0
Serie A,Mattia Viti,Sassuolo,ITA,DF,21,2002,15,979,0.0,0.0,0.0,9.0,14.0,0.0,1.0,10.0,16.0,,,1.0
Serie A,Matías Viña,Sassuolo,URU,DF,25,1997,15,1014,1.0,0.0,0.0,12.0,9.0,0.0,29.0,9.0,20.0,,,2.0
Serie A,Maxime Lopez,Sassuolo,FRA,MF,25,1997,2,140,0.0,1.0,0.0,2.0,2.0,0.0,0.0,2.0,1.0,,,0.0
Serie A,Nedim Bajrami,Sassuolo,ALB,"MF,FW",24,1999,28,1310,0.0,0.0,0.0,12.0,6.0,4.0,77.0,5.0,6.0,,,0.0
Serie A,Pedro Obiang,Sassuolo,EQG,MF,31,1992,8,453,1.0,0.0,0.0,9.0,3.0,0.0,1.0,7.0,3.0,,,0.0
Serie A,Ruan,Sassuolo,BRA,DF,24,1999,26,1516,7.0,1.0,1.0,23.0,12.0,0.0,2.0,23.0,14.0,,,0.0
Serie A,Samu Castillejo,Sassuolo,ESP,"MF,FW",28,1995,17,536,2.0,0.0,0.0,11.0,18.0,1.0,34.0,1.0,10.0,,,0.0
Serie A,Samuele Mulattieri,Sassuolo,ITA,FW,22,2000,27,462,1.0,0.0,0.0,7.0,5.0,0.0,0.0,1.0,1.0,,,0.0
Serie A,Uroš Račić,Sassuolo,SRB,MF,25,1998,22,820,1.0,0.0,0.0,6.0,12.0,0.0,2.0,7.0,5.0,,,0.0
Serie A,Adam Masina,Torino,MAR,DF,29,1994,16,1024,0.0,0.0,0.0,18.0,5.0,0.0,4.0,11.0,12.0,,,0.0
Serie A,Adrien Tameze,Torino,CMR,"DF,MF",29,1994,29,2146,6.0,1.0,0.0,19.0,15.0,0.0,15.0,47.0,16.0,,,0.0
Serie A,Alessandro Buongiorno,Torino,ITA,DF,24,1999,29,2527,7.0,0.0,0.0,69.0,39.0,1.0,3.0,72.0,39.0,,,0.0
Serie A,Alessandro Dellavalle,Torino,ITA,DF,19,2004,1,15,0.0,0.0,0.0,0.0,1.0,0.0,0.0,1.0,0.0,,,0.0
Serie A,Antonio Sanabria,Torino,PAR,FW,27,1996,35,2133,2.0,0.0,0.0,25.0,33.0,3.0,6.0,7.0,15.0,,,0.0
Serie A,Brandon Soppy,Torino,FRA,MF,21,2002,5,178,0.0,0.0,0.0,4.0,6.0,0.0,3.0,0.0,2.0,,,0.0
Serie A,David Okereke,Torino,NGA,"FW,MF",25,1997,9,252,0.0,0.0,0.0,2.0,3.0,2.0,4.0,1.0,1.0,,,0.0
Serie A,David Zima,Torino,CZE,DF,22,2000,5,91,0.0,0.0,0.0,0.0,1.0,0.0,0.0,4.0,1.0,,,0.0
Serie A,Demba Seck,Torino,SEN,MF,22,2001,9,425,1.0,0.0,0.0,9.0,8.0,0.0,2.0,1.0,3.0,,,0.0
Serie A,Duván Zapata,Torino,COL,FW,32,1991,35,2880,2.0,0.0,0.0,53.0,67.0,22.0,50.0,7.0,7.0,,,0.0
Serie A,Gvidas Gineitis,Torino,LTU,MF,19,2004,14,538,2.0,0.0,0.0,9.0,3.0,0.0,22.0,4.0,7.0,,,0.0
Serie A,Ivan Ilić,Torino,SRB,MF,22,2001,31,2098,3.0,0.0,0.0,24.0,25.0,1.0,91.0,20.0,9.0,,,0.0
Serie A,Karol Linetty,Torino,POL,MF,28,1995,28,1858,12.0,0.0,0.0,50.0,18.0,2.0,19.0,23.0,19.0,,,0.0
Serie A,Koffi Djidji,Torino,CIV,DF,30,1992,13,759,2.0,0.0,0.0,11.0,1.0,0.0,2.0,10.0,8.0,,,0.0
Serie A,Luca Gemello,Torino,ITA,GK,23,2000,2,180,0.0,0.0,0.0,0.0,0.0,0.0,0.0,0.0,0.0,,,0.0
Serie A,Matteo Lovato,Torino,ITA,DF,23,2000,13,544,2.0,0.0,0.0,14.0,0.0,0.0,0.0,14.0,6.0,,,0.0
Serie A,Mërgim Vojvoda,Torino,KVX,"MF,DF",28,1995,28,1379,3.0,0.0,0.0,12.0,4.0,4.0,63.0,14.0,8.0,,,0.0
Serie A,Nemanja Radonjić,Torino,SRB,MF,27,1996,10,374,1.0,0.0,0.0,1.0,5.0,4.0,11.0,0.0,1.0,,,0.0
Serie A,Nikola Vlašić,Torino,CRO,MF,25,1997,33,2608,3.0,0.0,0.0,26.0,37.0,9.0,37.0,11.0,14.0,,,0.0
Serie A,Perr Schuurs,Torino,NED,DF,23,1999,9,770,2.0,0.0,0.0,8.0,1.0,0.0,2.0,11.0,12.0,,,0.0
Serie A,Pietro Pellegri,Torino,ITA,"FW,MF",22,2001,24,756,3.0,0.0,0.0,16.0,22.0,6.0,5.0,2.0,1.0,,,0.0
Serie A,Raoul Bellanova,Torino,ITA,MF,23,2000,37,3046,5.0,0.0,0.0,14.0,53.0,2.0,178.0,15.0,26.0,,,0.0
Serie A,Ricardo Rodríguez,Torino,SUI,"DF,MF",30,1992,35,2772,4.0,0.0,0.0,25.0,9.0,1.0,56.0,26.0,27.0,,,0.0
Serie A,Saba Sazonov,Torino,GEO,DF,21,2002,12,356,2.0,0.0,0.0,10.0,1.0,0.0,0.0,3.0,7.0,,,0.0
Serie A,Samuele Ricci,Torino,ITA,MF,21,2001,32,2395,8.0,1.0,1.0,37.0,46.0,3.0,55.0,28.0,18.0,,,0.0
Serie A,Simone Verdi,Torino,ITA,"FW,MF",31,1992,1,4,0.0,0.0,0.0,0.0,0.0,0.0,0.0,0.0,0.0,,,0.0
Serie A,Valentino Lazaro,Torino,AUT,MF,27,1996,35,1994,3.0,0.0,0.0,12.0,10.0,1.0,126.0,8.0,11.0,,,0.0
Serie A,Vanja Milinković-Savić,Torino,SRB,GK,26,1997,36,3240,2.0,0.0,0.0,0.0,2.0,0.0,0.0,1.0,0.0,,,0.0
Serie A,Yann Karamoh,Torino,FRA,MF,25,1998,10,162,0.0,0.0,0.0,2.0,3.0,2.0,6.0,0.0,0.0,,,0.0
Serie A,Zanos Savva,Torino,CYP,FW,17,2005,2,28,0.0,0.0,0.0,1.0,1.0,0.0,0.0,0.0,1.0,,,0.0
Serie A,Adam Masina,Udinese,MAR,MF,29,1994,4,64,2.0,0.0,0.0,3.0,0.0,0.0,0.0,2.0,0.0,,,0.0
Serie A,Antonio Tikvić,Udinese,CRO,DF,19,2004,1,1,0.0,0.0,0.0,0.0,0.0,0.0,0.0,0.0,0.0,,,0.0
Serie A,Axel Guessand,Udinese,FRA,DF,18,2004,1,45,0.0,0.0,0.0,0.0,1.0,0.0,0.0,0.0,1.0,,,0.0
Serie A,Beto,Udinese,GNB,FW,25,1998,1,74,0.0,0.0,0.0,0.0,0.0,3.0,0.0,0.0,0.0,,,0.0
Serie A,Brenner,Udinese,BRA,"MF,FW",23,2000,8,189,0.0,0.0,0.0,0.0,3.0,1.0,1.0,0.0,6.0,,,0.0
Serie A,Christian Kabasele,Udinese,BEL,DF,32,1991,13,861,5.0,0.0,0.0,15.0,9.0,0.0,2.0,12.0,6.0,,,0.0
Serie A,Domingos Quina,Udinese,POR,MF,23,1999,2,13,0.0,0.0,0.0,0.0,0.0,0.0,0.0,0.0,1.0,,,0.0
Serie A,Enzo Ebosse,Udinese,CMR,DF,24,1999,1,8,0.0,0.0,0.0,0.0,0.0,0.0,0.0,1.0,1.0,,,0.0
Serie A,Festy Ebosele,Udinese,IRL,MF,20,2002,31,1700,6.0,1.0,1.0,29.0,45.0,1.0,44.0,11.0,20.0,,,0.0
Serie A,Florian Thauvin,Udinese,FRA,FW,30,1993,29,1710,4.0,0.0,0.0,14.0,26.0,6.0,79.0,3.0,5.0,,,0.0
Serie A,Hassane Kamara,Udinese,CIV,MF,29,1994,35,2225,4.0,0.0,0.0,21.0,8.0,6.0,70.0,25.0,32.0,,,0.0
Serie A,Isaac Success,Udinese,NGA,"FW,MF",27,1996,27,880,4.0,0.0,0.0,27.0,34.0,1.0,2.0,2.0,4.0,,,0.0
Serie A,Jaka Bijol,Udinese,SVN,DF,24,1999,24,2084,4.0,0.0,0.0,28.0,7.0,0.0,1.0,23.0,28.0,,,0.0
Serie A,Jordan Zemura,Udinese,ZIM,MF,23,1999,27,1038,1.0,0.0,0.0,15.0,15.0,0.0,21.0,15.0,16.0,,,0.0
Serie A,João Ferreira,Udinese,POR,"DF,MF",22,2001,35,1822,9.0,0.0,0.0,35.0,11.0,2.0,21.0,30.0,43.0,,,0.0
Serie A,Keinan Davis,Udinese,ENG,FW,25,1998,8,186,2.0,0.0,0.0,5.0,3.0,3.0,0.0,0.0,0.0,,,0.0
Serie A,Kingsley Ehizibue,Udinese,NED,MF,28,1995,23,955,4.0,0.0,0.0,12.0,21.0,5.0,16.0,9.0,14.0,,,0.0
Serie A,Lautaro Gianetti,Udinese,ARG,DF,29,1993,7,630,4.0,0.0,0.0,9.0,0.0,0.0,0.0,18.0,4.0,,,1.0
Serie A,Lazar Samardzic,Udinese,SRB,MF,21,2002,34,2372,3.0,0.0,0.0,29.0,18.0,0.0,126.0,9.0,17.0,,,0.0
Serie A,Lorenzo Lucca,Udinese,ITA,FW,22,2000,37,2592,6.0,0.0,0.0,52.0,54.0,21.0,8.0,4.0,11.0,,,0.0
Serie A,Maduka Okoye,Udinese,NGA,GK,23,1999,21,1890,2.0,0.0,0.0,1.0,4.0,0.0,0.0,1.0,0.0,,,0.0
Serie A,Marco Silvestri,Udinese,ITA,GK,32,1991,17,1530,0.0,0.0,0.0,0.0,1.0,0.0,0.0,0.0,0.0,,,0.0
Serie A,Marley Aké,Udinese,FRA,"FW,MF",22,2001,1,10,0.0,0.0,0.0,0.0,0.0,0.0,0.0,0.0,0.0,,,0.0
Serie A,Martín Payero,Udinese,ARG,MF,24,1998,29,1796,6.0,1.0,0.0,45.0,28.0,1.0,20.0,13.0,33.0,,,0.0
Serie A,Nehuén Pérez,Udinese,ARG,DF,23,2000,36,3238,9.0,1.0,1.0,34.0,17.0,0.0,20.0,45.0,49.0,,,0.0
Serie A,Oier Zarraga,Udinese,ESP,MF,24,1999,15,404,0.0,0.0,0.0,3.0,3.0,0.0,5.0,5.0,3.0,,,0.0
Serie A,Roberto Pereyra,Udinese,ARG,"FW,MF",32,1991,27,1858,6.0,0.0,0.0,23.0,32.0,6.0,24.0,7.0,10.0,,,0.0
Serie A,Sandi Lovrić,Udinese,SVN,MF,25,1998,29,1987,1.0,1.0,0.0,25.0,23.0,1.0,81.0,21.0,13.0,,,0.0
Serie A,Simone Pafundi,Udinese,ITA,FW,17,2006,1,8,0.0,0.0,0.0,1.0,0.0,0.0,1.0,0.0,0.0,,,0.0
Serie A,Thomas Kristensen,Udinese,DEN,DF,21,2002,26,2096,4.0,1.0,1.0,26.0,7.0,1.0,1.0,29.0,23.0,,,0.0
Serie A,Vivaldo Semedo,Udinese,POR,FW,18,2005,1,12,0.0,0.0,0.0,1.0,2.0,0.0,0.0,0.0,0.0,,,0.0
Serie A,Walace,Udinese,BRA,MF,28,1995,37,3238,7.0,0.0,0.0,42.0,46.0,0.0,12.0,43.0,43.0,,,0.0
