liga,player,team,nation,pos,age,born,mp,min,msc_Performance_CrdY,msc_Performance_CrdR,msc_Performance_2CrdY,msc_Performance_Fls,msc_Performance_Fld,msc_Performance_Off,msc_Performance_Crs,msc_Performance_Int,msc_Performance_TklW,msc_Performance_PKwon,msc_Performance_PKcon,msc_Performance_OG
Bundesliga,Alessandro Schöpf,Arminia,AUT,"MF,FW",27,1994,31,2397,3.0,1.0,1.0,28.0,41.0,1.0,57.0,32.0,22.0,,,0.0
Bundesliga,Amos Pieper,Arminia,GER,DF,23,1998,27,2379,2.0,0.0,0.0,12.0,15.0,0.0,3.0,50.0,31.0,,,0.0
Bundesliga,Andrés Andrade Cedeño,Arminia,PAN,DF,22,1998,17,1046,4.0,0.0,0.0,14.0,2.0,1.0,20.0,18.0,16.0,,,0.0
Bundesliga,Bryan Lasme,Arminia,FRA,"FW,MF",22,1998,23,877,2.0,0.0,0.0,15.0,12.0,9.0,16.0,2.0,5.0,,,0.0
Bundesliga,Burak İnce,Arminia,TUR,FW,17,2004,5,139,0.0,0.0,0.0,2.0,4.0,1.0,3.0,0.0,1.0,,,0.0
Bundesliga,Cédric Brunner,Arminia,SUI,DF,27,1994,27,2183,6.0,0.0,0.0,35.0,24.0,0.0,70.0,46.0,33.0,,,0.0
Bundesliga,Edimilson Fernandes,Arminia,SUI,MF,25,1996,7,283,0.0,0.0,0.0,3.0,1.0,0.0,14.0,2.0,0.0,,,0.0
Bundesliga,Fabian Klos,Arminia,GER,FW,33,1987,25,1420,2.0,1.0,0.0,30.0,18.0,3.0,12.0,0.0,6.0,,,0.0
Bundesliga,Fabian Kunze,Arminia,GER,MF,23,1998,22,1260,9.0,0.0,0.0,38.0,21.0,0.0,12.0,19.0,21.0,,,0.0
Bundesliga,Florian Krüger,Arminia,GER,"MF,FW",22,1999,27,1129,0.0,0.0,0.0,9.0,8.0,5.0,20.0,3.0,1.0,,,0.0
Bundesliga,George Bello,Arminia,USA,DF,19,2002,10,434,0.0,0.0,0.0,4.0,6.0,1.0,11.0,7.0,7.0,,,1.0
Bundesliga,Gonzalo Castro,Arminia,GER,"MF,FW",34,1987,12,436,0.0,0.0,0.0,6.0,4.0,2.0,21.0,3.0,4.0,,,0.0
Bundesliga,Guilherme Ramos,Arminia,POR,DF,23,1997,13,906,1.0,0.0,0.0,16.0,5.0,1.0,5.0,29.0,15.0,,,0.0
Bundesliga,Jacob Barrett Laursen,Arminia,DEN,"DF,MF",26,1994,24,1632,1.0,0.0,0.0,12.0,6.0,1.0,54.0,29.0,12.0,,,1.0
Bundesliga,Janni Serra,Arminia,GER,FW,23,1998,26,1117,1.0,0.0,0.0,16.0,15.0,5.0,1.0,5.0,3.0,,,0.0
Bundesliga,Joakim Nilsson,Arminia,SWE,DF,27,1994,31,2735,5.0,0.0,0.0,32.0,16.0,2.0,3.0,61.0,20.0,,,0.0
Bundesliga,Lennart-Marten Czyborra,Arminia,GER,DF,22,1999,4,131,1.0,0.0,0.0,5.0,0.0,0.0,5.0,3.0,0.0,,,0.0
Bundesliga,Manuel Prietl,Arminia,AUT,"MF,DF",29,1991,26,2123,3.0,0.0,0.0,39.0,10.0,0.0,7.0,40.0,30.0,,,0.0
Bundesliga,Masaya Okugawa,Arminia,JPN,"MF,FW",25,1996,33,2531,0.0,0.0,0.0,24.0,22.0,11.0,14.0,18.0,26.0,,,0.0
Bundesliga,Mike van der Hoorn,Arminia,NED,DF,28,1992,1,14,0.0,0.0,0.0,0.0,1.0,0.0,0.0,1.0,0.0,,,0.0
Bundesliga,Nathan de Medina,Arminia,BEL,DF,23,1997,19,775,2.0,0.0,0.0,13.0,9.0,0.0,5.0,10.0,10.0,,,0.0
Bundesliga,Patrick Wimmer,Arminia,AUT,"MF,FW",20,2001,31,2052,7.0,0.0,0.0,49.0,38.0,5.0,96.0,26.0,31.0,,,0.0
Bundesliga,Robin Hack,Arminia,GER,"MF,FW",22,1998,30,1364,2.0,0.0,0.0,17.0,21.0,4.0,35.0,4.0,10.0,,,0.0
Bundesliga,Sebastian Vasiliadis,Arminia,GRE,MF,23,1997,19,1193,3.0,0.0,0.0,14.0,5.0,2.0,5.0,27.0,17.0,,,0.0
Bundesliga,Stefan Ortega,Arminia,GER,GK,28,1992,33,2970,1.0,0.0,0.0,0.0,3.0,0.0,0.0,0.0,0.0,,,0.0
Bundesliga,Stefanos Kapino,Arminia,GRE,GK,27,1994,1,90,0.0,0.0,0.0,0.0,0.0,0.0,0.0,0.0,0.0,,,0.0
Bundesliga,Alfreð Finnbogason,Augsburg,ISL,"FW,MF",32,1989,10,292,0.0,0.0,0.0,3.0,1.0,1.0,1.0,2.0,2.0,,,0.0
Bundesliga,Andi Zeqiri,Augsburg,SUI,FW,22,1999,22,1016,2.0,0.0,0.0,20.0,15.0,12.0,6.0,2.0,7.0,,,0.0
Bundesliga,André Hahn,Augsburg,GER,"MF,FW",30,1990,32,2101,5.0,0.0,0.0,56.0,18.0,17.0,40.0,15.0,22.0,,,0.0
Bundesliga,Arne Maier,Augsburg,GER,MF,22,1999,29,1864,0.0,0.0,0.0,11.0,14.0,1.0,98.0,14.0,13.0,,,0.0
Bundesliga,Carlos Gruezo,Augsburg,ECU,MF,26,1995,17,970,7.0,0.0,0.0,28.0,4.0,0.0,4.0,9.0,11.0,,,0.0
Bundesliga,Daniel Caligiuri,Augsburg,ITA,MF,33,1988,28,2004,4.0,0.0,0.0,32.0,43.0,0.0,108.0,17.0,28.0,,,0.0
Bundesliga,Florian Niederlechner,Augsburg,GER,FW,30,1990,26,1165,1.0,0.0,0.0,14.0,25.0,9.0,5.0,5.0,5.0,,,1.0
Bundesliga,Frederik Winther,Augsburg,DEN,DF,20,2001,4,328,1.0,0.0,0.0,1.0,0.0,0.0,1.0,8.0,2.0,,,0.0
Bundesliga,Fredrik Jensen,Augsburg,FIN,MF,23,1997,12,418,0.0,0.0,0.0,2.0,3.0,0.0,18.0,2.0,4.0,,,0.0
Bundesliga,Iago,Augsburg,BRA,"DF,MF",24,1997,28,2174,3.0,0.0,0.0,19.0,16.0,4.0,91.0,26.0,27.0,,,1.0
Bundesliga,Jan Morávek,Augsburg,CZE,MF,31,1989,17,471,1.0,0.0,0.0,5.0,2.0,0.0,2.0,6.0,6.0,,,0.0
Bundesliga,Jeffrey Gouweleeuw,Augsburg,NED,DF,30,1991,29,2576,9.0,0.0,0.0,32.0,8.0,0.0,6.0,48.0,30.0,,,0.0
Bundesliga,Lasse Günther,Augsburg,GER,MF,18,2003,5,161,1.0,0.0,0.0,3.0,1.0,0.0,3.0,2.0,5.0,,,0.0
Bundesliga,Mads Pedersen,Augsburg,DEN,"MF,DF",24,1996,29,1391,5.0,0.0,0.0,24.0,30.0,3.0,48.0,15.0,22.0,,,0.0
Bundesliga,Michael Gregoritsch,Augsburg,AUT,"FW,MF",27,1994,25,1392,3.0,0.0,0.0,17.0,13.0,5.0,10.0,6.0,8.0,,,0.0
Bundesliga,Niklas Dorsch,Augsburg,GER,MF,23,1998,30,2324,8.0,0.0,0.0,53.0,48.0,0.0,20.0,35.0,51.0,,,0.0
Bundesliga,Noah Sarenren Bazee,Augsburg,NGA,MF,24,1996,14,241,1.0,0.0,0.0,6.0,3.0,0.0,10.0,1.0,2.0,,,0.0
Bundesliga,Ohis Felix Uduokhai,Augsburg,GER,DF,23,1997,13,787,1.0,0.0,0.0,6.0,7.0,0.0,4.0,9.0,6.0,,,0.0
Bundesliga,Rafał Gikiewicz,Augsburg,POL,GK,33,1987,34,3060,0.0,0.0,0.0,0.0,6.0,0.0,0.0,3.0,0.0,,,0.0
Bundesliga,Raphael Framberger,Augsburg,GER,"DF,MF",25,1995,23,848,3.0,0.0,0.0,17.0,8.0,0.0,36.0,10.0,19.0,,,0.0
Bundesliga,Reece Oxford,Augsburg,ENG,DF,22,1998,30,2693,9.0,0.0,0.0,28.0,21.0,1.0,0.0,71.0,15.0,,,0.0
Bundesliga,Ricardo Pepi,Augsburg,USA,"FW,MF",18,2003,11,477,0.0,0.0,0.0,1.0,4.0,3.0,2.0,2.0,2.0,,,0.0
Bundesliga,Robert Gumny,Augsburg,POL,DF,23,1998,28,2272,3.0,0.0,0.0,26.0,27.0,0.0,27.0,28.0,32.0,,,0.0
Bundesliga,Ruben Vargas,Augsburg,SUI,"MF,FW",22,1998,29,1984,4.0,0.0,0.0,33.0,27.0,12.0,43.0,18.0,22.0,,,0.0
Bundesliga,Sergio Córdova,Augsburg,VEN,FW,23,1997,13,328,2.0,0.0,0.0,5.0,11.0,5.0,3.0,0.0,3.0,,,0.0
Bundesliga,Tobias Strobl,Augsburg,GER,MF,31,1990,5,323,1.0,0.0,0.0,6.0,2.0,0.0,2.0,8.0,2.0,,,0.0
Bundesliga,Alphonso Davies,Bayern Munich,CAN,"DF,MF",20,2000,22,1740,3.0,0.0,0.0,15.0,27.0,3.0,44.0,21.0,16.0,,,0.0
Bundesliga,Benjamin Pavard,Bayern Munich,FRA,"DF,MF",25,1996,25,2076,2.0,1.0,0.0,17.0,10.0,2.0,38.0,37.0,21.0,,,0.0
Bundesliga,Bouna Sarr,Bayern Munich,SEN,"DF,MF",29,1992,5,64,0.0,0.0,0.0,0.0,0.0,0.0,3.0,6.0,4.0,,,0.0
Bundesliga,Chris Richards,Bayern Munich,USA,DF,21,2000,1,3,0.0,0.0,0.0,0.0,0.0,0.0,0.0,0.0,0.0,,,0.0
Bundesliga,Christian Früchtl,Bayern Munich,GER,GK,21,2000,1,10,0.0,0.0,0.0,0.0,0.0,0.0,0.0,0.0,0.0,,,0.0
Bundesliga,Corentin Tolisso,Bayern Munich,FRA,"MF,DF",26,1994,15,703,0.0,0.0,0.0,13.0,6.0,3.0,6.0,9.0,4.0,,,0.0
Bundesliga,Dayot Upamecano,Bayern Munich,FRA,DF,22,1998,28,2211,4.0,0.0,0.0,28.0,12.0,1.0,2.0,28.0,42.0,,,0.0
Bundesliga,Eric Maxim Choupo-Moting,Bayern Munich,CMR,MF,32,1989,20,377,0.0,0.0,0.0,7.0,7.0,2.0,3.0,5.0,9.0,,,0.0
Bundesliga,Gabriel Vidovic,Bayern Munich,CRO,MF,17,2003,3,36,0.0,0.0,0.0,0.0,0.0,0.0,0.0,0.0,0.0,,,0.0
Bundesliga,Jamal Musiala,Bayern Munich,GER,MF,18,2003,30,1465,2.0,0.0,0.0,17.0,20.0,3.0,5.0,19.0,26.0,,,0.0
Bundesliga,Joshua Kimmich,Bayern Munich,GER,"MF,DF",26,1995,28,2474,4.0,0.0,0.0,20.0,45.0,1.0,178.0,55.0,21.0,,,0.0
Bundesliga,Josip Stanišić,Bayern Munich,CRO,"DF,MF",21,2000,13,644,1.0,0.0,0.0,4.0,1.0,0.0,11.0,12.0,10.0,,,0.0
Bundesliga,Kingsley Coman,Bayern Munich,FRA,"MF,FW",25,1996,21,1359,1.0,1.0,0.0,9.0,22.0,5.0,81.0,8.0,8.0,,,0.0
Bundesliga,Leon Goretzka,Bayern Munich,GER,MF,26,1995,19,1396,0.0,0.0,0.0,15.0,10.0,1.0,9.0,17.0,16.0,,,0.0
Bundesliga,Leroy Sané,Bayern Munich,GER,MF,25,1996,32,1976,3.0,0.0,0.0,25.0,24.0,7.0,39.0,10.0,16.0,,,0.0
Bundesliga,Lucas Copado,Bayern Munich,GER,FW,17,2004,1,16,0.0,0.0,0.0,0.0,0.0,0.0,0.0,0.0,0.0,,,0.0
Bundesliga,Lucas Hernández,Bayern Munich,FRA,DF,25,1996,25,2030,7.0,0.0,0.0,22.0,37.0,0.0,9.0,31.0,32.0,,,0.0
Bundesliga,Malik Tillman,Bayern Munich,USA,MF,19,2002,4,104,0.0,0.0,0.0,4.0,1.0,0.0,0.0,2.0,1.0,,,0.0
Bundesliga,Manuel Neuer,Bayern Munich,GER,GK,35,1986,28,2510,0.0,0.0,0.0,0.0,1.0,0.0,0.0,0.0,2.0,,,0.0
Bundesliga,Marc Roca,Bayern Munich,ESP,MF,24,1996,9,379,0.0,0.0,0.0,10.0,4.0,0.0,5.0,6.0,7.0,,,0.0
Bundesliga,Marcel Sabitzer,Bayern Munich,AUT,"MF,DF",27,1994,25,905,0.0,0.0,0.0,16.0,15.0,0.0,16.0,10.0,8.0,,,0.0
Bundesliga,Mickaël Cuisance,Bayern Munich,FRA,MF,21,1999,1,13,0.0,0.0,0.0,0.0,0.0,0.0,0.0,0.0,1.0,,,0.0
Bundesliga,Niklas Süle,Bayern Munich,GER,"DF,MF",25,1995,28,1837,2.0,0.0,0.0,10.0,1.0,1.0,6.0,29.0,24.0,,,0.0
Bundesliga,Omar Richards,Bayern Munich,ENG,"DF,MF",23,1998,12,438,1.0,0.0,0.0,15.0,21.0,0.0,8.0,4.0,12.0,,,0.0
Bundesliga,Paul Wanner,Bayern Munich,AUT,MF,15,2005,4,39,0.0,0.0,0.0,1.0,1.0,0.0,1.0,0.0,1.0,,,0.0
Bundesliga,Robert Lewandowski,Bayern Munich,POL,FW,32,1988,34,2946,2.0,0.0,0.0,22.0,37.0,20.0,28.0,6.0,2.0,,,0.0
Bundesliga,Serge Gnabry,Bayern Munich,GER,MF,26,1995,34,2185,0.0,0.0,0.0,11.0,21.0,15.0,79.0,15.0,34.0,,,0.0
Bundesliga,Sven Ulreich,Bayern Munich,GER,GK,32,1988,6,540,0.0,0.0,0.0,0.0,1.0,0.0,0.0,0.0,0.0,,,0.0
Bundesliga,Tanguy Nianzou,Bayern Munich,FRA,DF,19,2002,17,582,4.0,0.0,0.0,13.0,8.0,0.0,1.0,7.0,7.0,,,0.0
Bundesliga,Thomas Müller,Bayern Munich,GER,MF,31,1989,32,2558,0.0,0.0,0.0,11.0,22.0,12.0,90.0,14.0,20.0,,,1.0
Bundesliga,Anthony Losilla,Bochum,FRA,MF,35,1986,33,2935,5.0,0.0,0.0,47.0,21.0,2.0,10.0,72.0,42.0,,,0.0
Bundesliga,Armel Bella Kotchap,Bochum,GER,DF,19,2001,22,1768,5.0,0.0,0.0,26.0,27.0,3.0,2.0,41.0,18.0,,,2.0
Bundesliga,Christopher Antwi-Adjei,Bochum,GHA,"FW,MF",27,1994,25,1130,2.0,0.0,0.0,14.0,28.0,11.0,29.0,1.0,17.0,,,0.0
Bundesliga,Cristian Gamboa,Bochum,CRC,DF,31,1989,23,1722,6.0,0.0,0.0,21.0,12.0,2.0,32.0,33.0,36.0,,,0.0
Bundesliga,Danilo Soares,Bochum,BRA,DF,29,1991,30,2564,4.0,0.0,0.0,34.0,42.0,0.0,66.0,66.0,72.0,,,0.0
Bundesliga,Danny Blum,Bochum,GER,FW,30,1991,13,346,0.0,0.0,0.0,3.0,3.0,0.0,31.0,2.0,1.0,,,0.0
Bundesliga,Eduard Löwen,Bochum,GER,MF,24,1997,26,1416,0.0,0.0,0.0,20.0,11.0,1.0,108.0,8.0,24.0,,,0.0
Bundesliga,Elvis Rexhbeçaj,Bochum,KVX,MF,23,1997,32,2542,5.0,0.0,0.0,34.0,60.0,2.0,40.0,28.0,20.0,,,0.0
Bundesliga,Erhan Mašović,Bochum,SRB,DF,22,1998,20,1552,7.0,0.0,0.0,16.0,7.0,0.0,0.0,30.0,19.0,,,1.0
Bundesliga,Gerrit Holtmann,Bochum,PHI,"FW,MF",26,1995,29,1840,0.0,0.0,0.0,22.0,13.0,5.0,59.0,7.0,7.0,,,0.0
Bundesliga,Herbert Bockhorn,Bochum,UGA,"DF,MF",26,1995,18,850,1.0,0.0,0.0,7.0,21.0,0.0,27.0,14.0,14.0,,,0.0
Bundesliga,Jürgen Locadia,Bochum,CUW,FW,27,1993,11,444,0.0,0.0,0.0,10.0,9.0,4.0,0.0,1.0,2.0,,,0.0
Bundesliga,Kostas Stafylidis,Bochum,GRE,"DF,MF",27,1993,24,1388,3.0,1.0,0.0,12.0,19.0,1.0,64.0,29.0,28.0,,,0.0
Bundesliga,Luis Hartwig,Bochum,GER,FW,18,2002,1,2,0.0,0.0,0.0,0.0,0.0,0.0,0.0,0.0,0.0,,,0.0
Bundesliga,Manuel Riemann,Bochum,GER,GK,32,1988,31,2790,2.0,0.0,0.0,0.0,3.0,0.0,0.0,1.0,1.0,,,0.0
Bundesliga,Maxim Leitsch,Bochum,GER,DF,23,1998,19,1538,2.0,0.0,0.0,9.0,0.0,1.0,5.0,33.0,10.0,,,0.0
Bundesliga,Michael Esser,Bochum,GER,GK,33,1987,3,270,0.0,0.0,0.0,0.0,0.0,0.0,0.0,0.0,0.0,,,0.0
Bundesliga,Miloš Pantović,Bochum,SRB,"MF,FW",25,1996,28,1533,2.0,0.0,0.0,25.0,31.0,8.0,61.0,19.0,13.0,,,0.0
Bundesliga,Patrick Osterhage,Bochum,GER,MF,21,2000,13,599,2.0,0.0,0.0,5.0,7.0,0.0,9.0,13.0,6.0,,,0.0
Bundesliga,Robert Tesche,Bochum,GER,MF,34,1987,11,349,2.0,1.0,0.0,5.0,1.0,1.0,2.0,6.0,4.0,,,0.0
Bundesliga,Saulo Decarli,Bochum,SUI,DF,29,1992,1,9,0.0,0.0,0.0,0.0,0.0,0.0,0.0,0.0,0.0,,,0.0
Bundesliga,Sebastian Polter,Bochum,GER,FW,30,1991,33,2341,2.0,0.0,0.0,75.0,36.0,7.0,7.0,2.0,4.0,,,0.0
Bundesliga,Silvère Ganvoula,Bochum,CGO,FW,25,1996,9,153,0.0,0.0,0.0,3.0,1.0,6.0,0.0,0.0,0.0,,,0.0
Bundesliga,Simon Zoller,Bochum,GER,"FW,MF",30,1991,10,596,3.0,0.0,0.0,11.0,5.0,3.0,9.0,4.0,3.0,,,0.0
Bundesliga,Soma Novothny,Bochum,HUN,FW,27,1994,6,80,0.0,0.0,0.0,2.0,2.0,0.0,0.0,0.0,1.0,,,0.0
Bundesliga,Takuma Asano,Bochum,JPN,"FW,MF",26,1994,27,1608,1.0,0.0,0.0,17.0,27.0,18.0,33.0,9.0,6.0,,,0.0
Bundesliga,Tarsis Bonga,Bochum,GER,"FW,MF",24,1997,3,17,0.0,0.0,0.0,0.0,0.0,0.0,1.0,0.0,0.0,,,0.0
Bundesliga,Vassilis Lambropoulos,Bochum,GRE,DF,31,1990,13,1168,1.0,0.0,0.0,6.0,3.0,0.0,1.0,18.0,12.0,,,1.0
Bundesliga,Ansgar Knauff,Dortmund,GER,MF,19,2002,5,114,0.0,0.0,0.0,4.0,1.0,1.0,0.0,0.0,1.0,,,0.0
Bundesliga,Antonios Papadopoulos,Dortmund,GER,"DF,MF",21,1999,2,17,1.0,0.0,0.0,1.0,0.0,0.0,0.0,0.0,0.0,,,0.0
Bundesliga,Axel Witsel,Dortmund,BEL,"MF,DF",32,1989,29,1941,4.0,0.0,0.0,26.0,30.0,1.0,0.0,28.0,27.0,,,0.0
Bundesliga,Dan-Axel Zagadou,Dortmund,FRA,DF,22,1999,15,952,2.0,0.0,0.0,12.0,5.0,0.0,2.0,16.0,8.0,,,0.0
Bundesliga,Donyell Malen,Dortmund,NED,FW,22,1999,27,1684,2.0,0.0,0.0,10.0,31.0,9.0,27.0,10.0,9.0,,,0.0
Bundesliga,Emre Can,Dortmund,GER,"DF,MF",27,1994,24,1690,5.0,0.0,0.0,32.0,21.0,1.0,8.0,36.0,22.0,,,0.0
Bundesliga,Erling Haaland,Dortmund,NOR,FW,21,2000,24,1911,3.0,0.0,0.0,17.0,13.0,14.0,8.0,1.0,0.0,,,0.0
Bundesliga,Felix Passlack,Dortmund,GER,DF,23,1998,10,472,0.0,0.0,0.0,5.0,8.0,1.0,13.0,4.0,9.0,,,1.0
Bundesliga,Gio Reyna,Dortmund,USA,"MF,FW",18,2002,10,439,0.0,0.0,0.0,7.0,11.0,1.0,19.0,0.0,5.0,,,0.0
Bundesliga,Gregor Kobel,Dortmund,SUI,GK,23,1997,29,2565,0.0,0.0,0.0,1.0,6.0,0.0,0.0,1.0,0.0,,,0.0
Bundesliga,Immanuel Pherai,Dortmund,SUR,"FW,MF",20,2001,1,1,0.0,0.0,0.0,0.0,0.0,0.0,0.0,0.0,0.0,,,0.0
Bundesliga,Jamie Gittens,Dortmund,ENG,MF,16,2004,4,134,0.0,0.0,0.0,2.0,6.0,0.0,0.0,1.0,1.0,,,0.0
Bundesliga,Jude Bellingham,Dortmund,ENG,MF,18,2003,32,2790,9.0,0.0,0.0,39.0,91.0,5.0,14.0,37.0,34.0,,,0.0
Bundesliga,Julian Brandt,Dortmund,GER,MF,25,1996,31,2078,3.0,0.0,0.0,12.0,17.0,2.0,127.0,25.0,20.0,,,0.0
Bundesliga,Lennard Maloney,Dortmund,USA,"DF,MF",21,1999,2,9,0.0,0.0,0.0,0.0,0.0,0.0,1.0,0.0,0.0,,,0.0
Bundesliga,Lion Semić,Dortmund,GER,DF,17,2003,1,3,0.0,0.0,0.0,0.0,0.0,0.0,0.0,0.0,0.0,,,0.0
Bundesliga,Mahmoud Dahoud,Dortmund,GER,"MF,DF",25,1996,22,1658,7.0,1.0,1.0,23.0,13.0,0.0,29.0,14.0,23.0,,,0.0
Bundesliga,Manuel Akanji,Dortmund,SUI,DF,26,1995,26,2261,3.0,0.0,0.0,19.0,24.0,1.0,2.0,36.0,23.0,,,1.0
Bundesliga,Marco Reus,Dortmund,GER,"MF,FW",32,1989,29,2503,2.0,0.0,0.0,22.0,44.0,10.0,40.0,10.0,28.0,,,0.0
Bundesliga,Marin Pongračić,Dortmund,CRO,DF,23,1997,17,827,3.0,0.0,0.0,12.0,0.0,0.0,0.0,17.0,11.0,,,0.0
Bundesliga,Marius Wolf,Dortmund,GER,"MF,DF",26,1995,27,1321,4.0,0.0,0.0,17.0,17.0,4.0,25.0,15.0,15.0,,,0.0
Bundesliga,Marwin Hitz,Dortmund,SUI,GK,33,1987,5,405,0.0,0.0,0.0,0.0,0.0,0.0,0.0,0.0,0.0,,,0.0
Bundesliga,Mats Hummels,Dortmund,GER,DF,32,1988,23,1765,4.0,0.0,0.0,16.0,12.0,1.0,1.0,33.0,21.0,,,0.0
Bundesliga,Nico Schulz,Dortmund,GER,DF,28,1993,16,836,2.0,0.0,0.0,13.0,5.0,0.0,13.0,10.0,9.0,,,0.0
Bundesliga,Raphaël Guerreiro,Dortmund,POR,"DF,MF",27,1993,23,1795,1.0,0.0,0.0,12.0,8.0,1.0,39.0,23.0,21.0,,,0.0
Bundesliga,Reinier,Dortmund,BRA,MF,19,2002,13,162,0.0,0.0,0.0,2.0,2.0,0.0,0.0,0.0,3.0,,,0.0
Bundesliga,Roman Bürki,Dortmund,SUI,GK,30,1990,1,90,0.0,0.0,0.0,0.0,0.0,0.0,0.0,0.0,0.0,,,0.0
Bundesliga,Steffen Tigges,Dortmund,GER,FW,23,1998,9,112,0.0,0.0,0.0,1.0,1.0,1.0,1.0,0.0,3.0,,,0.0
Bundesliga,Thomas Delaney,Dortmund,DEN,MF,29,1991,1,18,0.0,0.0,0.0,0.0,0.0,0.0,0.0,0.0,0.0,,,0.0
Bundesliga,Thomas Meunier,Dortmund,BEL,"DF,MF",29,1991,17,1402,4.0,0.0,0.0,27.0,7.0,1.0,46.0,12.0,19.0,,,0.0
Bundesliga,Thorgan Hazard,Dortmund,BEL,"MF,FW",28,1993,23,1337,2.0,0.0,0.0,22.0,19.0,11.0,72.0,7.0,13.0,,,0.0
Bundesliga,Tom Rothe,Dortmund,GER,MF,16,2004,2,94,1.0,0.0,0.0,3.0,1.0,3.0,5.0,2.0,3.0,,,0.0
Bundesliga,Youssoufa Moukoko,Dortmund,GER,FW,16,2004,16,223,1.0,0.0,0.0,5.0,5.0,5.0,0.0,2.0,0.0,,,0.0
Bundesliga,Ajdin Hrustic,Frankfurt,AUS,MF,25,1996,23,964,2.0,0.0,0.0,14.0,7.0,0.0,26.0,10.0,12.0,,,0.0
Bundesliga,Almamy Touré,Frankfurt,MLI,"MF,DF",25,1996,10,506,2.0,0.0,0.0,8.0,2.0,1.0,12.0,7.0,10.0,,,0.0
Bundesliga,Ansgar Knauff,Frankfurt,GER,MF,19,2002,12,759,0.0,0.0,0.0,11.0,8.0,1.0,21.0,8.0,13.0,,,0.0
Bundesliga,Aymen Barkok,Frankfurt,MAR,MF,23,1998,5,160,0.0,0.0,0.0,4.0,1.0,0.0,2.0,5.0,3.0,,,0.0
Bundesliga,Christopher Lenz,Frankfurt,GER,"MF,DF",26,1994,15,664,6.0,0.0,0.0,15.0,5.0,0.0,41.0,7.0,18.0,,,0.0
Bundesliga,Daichi Kamada,Frankfurt,JPN,MF,24,1996,32,2139,0.0,0.0,0.0,24.0,25.0,6.0,25.0,9.0,20.0,,,0.0
Bundesliga,Danny da Costa,Frankfurt,GER,"MF,DF",28,1993,11,725,2.0,0.0,0.0,8.0,2.0,0.0,22.0,11.0,2.0,,,0.0
Bundesliga,Diant Ramaj,Frankfurt,GER,GK,19,2001,1,90,0.0,0.0,0.0,0.0,0.0,0.0,0.0,0.0,0.0,,,0.0
Bundesliga,Djibril Sow,Frankfurt,SUI,MF,24,1997,31,2415,5.0,0.0,0.0,41.0,38.0,0.0,9.0,51.0,36.0,,,0.0
Bundesliga,Erik Durm,Frankfurt,GER,"DF,MF",29,1992,7,474,1.0,0.0,0.0,2.0,7.0,0.0,13.0,8.0,9.0,,,0.0
Bundesliga,Filip Kostić,Frankfurt,SRB,MF,28,1992,31,2522,2.0,0.0,0.0,16.0,22.0,3.0,360.0,16.0,16.0,,,0.0
Bundesliga,Gonçalo Paciência,Frankfurt,POR,FW,26,1994,18,516,3.0,0.0,0.0,9.0,12.0,3.0,7.0,1.0,2.0,,,0.0
Bundesliga,Jens Grahl,Frankfurt,GER,GK,32,1988,1,90,0.0,0.0,0.0,0.0,0.0,0.0,0.0,0.0,0.0,,,0.0
Bundesliga,Jens Petter Hauge,Frankfurt,NOR,"MF,FW",21,1999,26,1040,4.0,0.0,0.0,16.0,9.0,1.0,5.0,3.0,6.0,,,0.0
Bundesliga,Jesper Lindstrøm,Frankfurt,DEN,"MF,FW",21,2000,29,1976,0.0,0.0,0.0,23.0,16.0,3.0,53.0,23.0,14.0,,,0.0
Bundesliga,Kevin Trapp,Frankfurt,GER,GK,31,1990,32,2880,2.0,0.0,0.0,0.0,2.0,0.0,0.0,1.0,0.0,,,0.0
Bundesliga,Kristijan Jakić,Frankfurt,CRO,MF,24,1997,26,1879,6.0,0.0,0.0,31.0,19.0,1.0,8.0,18.0,22.0,,,0.0
Bundesliga,Makoto Hasebe,Frankfurt,JPN,DF,37,1984,18,1187,1.0,0.0,0.0,13.0,13.0,0.0,2.0,20.0,14.0,,,0.0
Bundesliga,Martin Hinteregger,Frankfurt,AUT,DF,28,1992,27,2222,6.0,0.0,0.0,28.0,30.0,0.0,0.0,45.0,28.0,,,0.0
Bundesliga,Obite N'Dicka,Frankfurt,CIV,DF,21,1999,32,2857,3.0,0.0,0.0,42.0,14.0,4.0,13.0,47.0,37.0,,,1.0
Bundesliga,Rafael Borré,Frankfurt,COL,FW,25,1995,31,2378,5.0,0.0,0.0,39.0,26.0,17.0,16.0,5.0,21.0,,,0.0
Bundesliga,Ragnar Ache,Frankfurt,GER,MF,23,1998,13,259,0.0,0.0,0.0,5.0,8.0,6.0,6.0,0.0,0.0,,,0.0
Bundesliga,Sam Lammers,Frankfurt,NED,FW,24,1997,15,517,1.0,0.0,0.0,7.0,1.0,1.0,0.0,2.0,4.0,,,0.0
Bundesliga,Sebastian Rode,Frankfurt,GER,MF,30,1990,17,759,1.0,0.0,0.0,6.0,9.0,0.0,3.0,12.0,9.0,,,0.0
Bundesliga,Stefan Ilsanker,Frankfurt,AUT,"DF,MF",32,1989,12,266,1.0,0.0,0.0,5.0,1.0,1.0,0.0,6.0,8.0,,,0.0
Bundesliga,Timothy Chandler,Frankfurt,USA,MF,31,1990,17,1212,4.0,0.0,0.0,17.0,7.0,4.0,29.0,20.0,12.0,,,0.0
Bundesliga,Tuta,Frankfurt,BRA,DF,22,1999,26,2183,4.0,1.0,1.0,37.0,12.0,1.0,4.0,44.0,31.0,,,0.0
Bundesliga,Baptiste Santamaria,Freiburg,FRA,MF,26,1995,1,21,0.0,0.0,0.0,0.0,0.0,0.0,0.0,1.0,0.0,,,0.0
Bundesliga,Benjamin Uphoff,Freiburg,GER,GK,27,1993,2,180,0.0,0.0,0.0,0.0,0.0,0.0,0.0,0.0,0.0,,,0.0
Bundesliga,Christian Günter,Freiburg,GER,"DF,MF",28,1993,34,3060,2.0,0.0,0.0,37.0,13.0,4.0,216.0,16.0,19.0,,,0.0
Bundesliga,Dominique Heintz,Freiburg,GER,DF,27,1993,1,29,0.0,0.0,0.0,0.0,0.0,0.0,0.0,1.0,0.0,,,0.0
Bundesliga,Ermedin Demirović,Freiburg,BIH,FW,23,1998,31,871,4.0,0.0,0.0,27.0,6.0,12.0,6.0,1.0,6.0,,,0.0
Bundesliga,Hugo Siquet,Freiburg,BEL,"DF,MF",19,2002,1,22,0.0,0.0,0.0,1.0,0.0,0.0,1.0,0.0,0.0,,,0.0
Bundesliga,Janik Haberer,Freiburg,GER,MF,27,1994,26,818,1.0,0.0,0.0,20.0,10.0,1.0,3.0,17.0,8.0,,,0.0
Bundesliga,Jeong Woo-yeong,Freiburg,KOR,"MF,FW",21,1999,32,1782,1.0,0.0,0.0,10.0,15.0,12.0,31.0,6.0,10.0,,,0.0
Bundesliga,Jonathan Schmid,Freiburg,FRA,"MF,DF",31,1990,13,588,0.0,0.0,0.0,4.0,3.0,0.0,15.0,6.0,6.0,,,0.0
Bundesliga,Keven Schlotterbeck,Freiburg,GER,DF,24,1997,12,315,1.0,0.0,0.0,9.0,2.0,0.0,0.0,12.0,5.0,,,0.0
Bundesliga,Kevin Schade,Freiburg,GER,"MF,FW",19,2001,21,831,2.0,0.0,0.0,22.0,26.0,4.0,14.0,5.0,7.0,,,0.0
Bundesliga,Kiliann Sildillia,Freiburg,FRA,MF,19,2002,7,169,1.0,0.0,0.0,1.0,1.0,0.0,5.0,2.0,3.0,,,0.0
Bundesliga,Lucas Höler,Freiburg,GER,"FW,MF",27,1994,34,2583,2.0,0.0,0.0,36.0,62.0,14.0,24.0,18.0,28.0,,,0.0
Bundesliga,Lukas Kübler,Freiburg,GER,"DF,MF",28,1992,29,2327,2.0,0.0,0.0,24.0,20.0,3.0,49.0,40.0,34.0,,,0.0
Bundesliga,Manuel Gulde,Freiburg,GER,DF,30,1991,20,1225,2.0,0.0,0.0,17.0,9.0,0.0,3.0,19.0,10.0,,,0.0
Bundesliga,Mark Flekken,Freiburg,NED,GK,28,1993,32,2880,0.0,0.0,0.0,0.0,1.0,0.0,0.0,2.0,0.0,,,0.0
Bundesliga,Maximilian Eggestein,Freiburg,GER,MF,24,1996,31,2194,2.0,0.0,0.0,32.0,26.0,1.0,13.0,31.0,28.0,,,0.0
Bundesliga,Nico Schlotterbeck,Freiburg,GER,DF,21,1999,32,2785,5.0,0.0,0.0,32.0,35.0,1.0,9.0,55.0,44.0,,,0.0
Bundesliga,Nicolas Höfler,Freiburg,GER,MF,31,1990,30,2600,5.0,0.0,0.0,48.0,38.0,0.0,8.0,46.0,41.0,,,0.0
Bundesliga,Nils Petersen,Freiburg,GER,FW,32,1988,22,580,0.0,0.0,0.0,1.0,3.0,0.0,3.0,2.0,3.0,,,0.0
Bundesliga,Noah Weißhaupt,Freiburg,GER,"FW,MF",19,2001,10,97,0.0,0.0,0.0,3.0,2.0,0.0,3.0,1.0,1.0,,,0.0
Bundesliga,Philipp Lienhart,Freiburg,AUT,DF,25,1996,32,2870,2.0,0.0,0.0,15.0,28.0,1.0,7.0,48.0,14.0,,,0.0
Bundesliga,Roland Sallai,Freiburg,HUN,"MF,FW",24,1997,31,1551,1.0,0.0,0.0,29.0,42.0,4.0,58.0,9.0,16.0,,,0.0
Bundesliga,Vincent Vermeij,Freiburg,NED,FW,26,1994,1,3,0.0,0.0,0.0,0.0,0.0,0.0,0.0,0.0,0.0,,,0.0
Bundesliga,Vincenzo Grifo,Freiburg,ITA,"MF,FW",28,1993,34,2775,0.0,0.0,0.0,11.0,28.0,1.0,169.0,15.0,15.0,,,0.0
Bundesliga,Yannik Keitel,Freiburg,GER,MF,21,2000,12,504,1.0,0.0,0.0,13.0,5.0,0.0,2.0,2.0,4.0,,,1.0
Bundesliga,Alassane Pléa,Gladbach,FRA,"MF,FW",28,1993,33,2070,4.0,0.0,0.0,20.0,25.0,13.0,31.0,4.0,13.0,,,0.0
Bundesliga,Breel Embolo,Gladbach,SUI,"FW,MF",24,1997,29,2166,3.0,0.0,0.0,40.0,72.0,20.0,3.0,7.0,11.0,,,0.0
Bundesliga,Christoph Kramer,Gladbach,GER,MF,30,1991,18,748,1.0,0.0,0.0,11.0,5.0,0.0,4.0,12.0,12.0,,,0.0
Bundesliga,Connor Noß,Gladbach,IRL,MF,20,2001,3,52,0.0,0.0,0.0,0.0,0.0,0.0,0.0,0.0,0.0,,,0.0
Bundesliga,Denis Zakaria,Gladbach,SUI,"MF,DF",24,1996,16,1395,4.0,0.0,0.0,19.0,10.0,1.0,5.0,18.0,11.0,,,0.0
Bundesliga,Florian Neuhaus,Gladbach,GER,MF,24,1997,29,2121,2.0,0.0,0.0,18.0,32.0,0.0,14.0,33.0,28.0,,,0.0
Bundesliga,Hannes Wolf,Gladbach,AUT,MF,22,1999,7,307,2.0,0.0,0.0,10.0,5.0,0.0,2.0,2.0,12.0,,,0.0
Bundesliga,Joe Scally,Gladbach,USA,"MF,DF",18,2002,30,1909,4.0,0.0,0.0,27.0,36.0,2.0,35.0,22.0,31.0,,,0.0
Bundesliga,Jonas Hofmann,Gladbach,GER,MF,29,1992,26,2078,1.0,0.0,0.0,23.0,20.0,7.0,139.0,13.0,19.0,,,0.0
Bundesliga,Jordan Beyer,Gladbach,GER,DF,21,2000,17,1384,5.0,0.0,0.0,16.0,21.0,0.0,8.0,15.0,28.0,,,0.0
Bundesliga,Keanan Bennetts,Gladbach,ENG,MF,22,1999,4,50,1.0,0.0,0.0,2.0,0.0,0.0,2.0,0.0,0.0,,,0.0
Bundesliga,Lars Stindl,Gladbach,GER,"MF,FW",32,1988,26,1629,10.0,0.0,0.0,30.0,16.0,5.0,15.0,9.0,15.0,,,0.0
Bundesliga,Luca Netz,Gladbach,GER,"MF,DF",18,2003,24,1396,1.0,0.0,0.0,7.0,11.0,2.0,36.0,13.0,10.0,,,0.0
Bundesliga,László Bénes,Gladbach,SVK,MF,23,1997,13,246,0.0,0.0,0.0,2.0,9.0,0.0,15.0,2.0,3.0,,,0.0
Bundesliga,Manu Koné,Gladbach,FRA,MF,20,2001,27,2183,10.0,0.0,0.0,39.0,60.0,1.0,1.0,34.0,39.0,,,0.0
Bundesliga,Marcus Thuram,Gladbach,FRA,"FW,MF",23,1997,21,979,2.0,0.0,0.0,12.0,25.0,8.0,6.0,5.0,4.0,,,0.0
Bundesliga,Marvin Friedrich,Gladbach,GER,DF,25,1995,8,600,1.0,0.0,0.0,4.0,2.0,1.0,0.0,7.0,9.0,,,0.0
Bundesliga,Matthias Ginter,Gladbach,GER,DF,27,1994,28,2355,2.0,0.0,0.0,9.0,29.0,2.0,20.0,32.0,22.0,,,0.0
Bundesliga,Nico Elvedi,Gladbach,SUI,DF,24,1996,28,2430,3.0,1.0,0.0,21.0,21.0,0.0,1.0,37.0,24.0,,,0.0
Bundesliga,Patrick Herrmann,Gladbach,GER,MF,30,1991,23,754,1.0,0.0,0.0,7.0,8.0,4.0,62.0,6.0,8.0,,,0.0
Bundesliga,Ramy Bensebaini,Gladbach,ALG,"DF,MF",26,1995,23,2020,6.0,0.0,0.0,34.0,42.0,4.0,15.0,39.0,29.0,,,0.0
Bundesliga,Stefan Lainer,Gladbach,AUT,"MF,DF",28,1992,21,1471,2.0,0.0,0.0,8.0,13.0,3.0,27.0,14.0,12.0,,,0.0
Bundesliga,Tobias Sippel,Gladbach,GER,GK,33,1988,1,90,0.0,0.0,0.0,0.0,0.0,0.0,0.0,0.0,0.0,,,0.0
Bundesliga,Tony Jantschke,Gladbach,GER,DF,31,1990,3,225,0.0,0.0,0.0,0.0,3.0,0.0,1.0,4.0,5.0,,,0.0
Bundesliga,Torben Müsel,Gladbach,GER,"FW,MF",22,1999,1,5,0.0,0.0,0.0,0.0,0.0,0.0,0.0,0.0,0.0,,,0.0
Bundesliga,Yann Sommer,Gladbach,SUI,GK,32,1988,33,2970,2.0,0.0,0.0,0.0,6.0,0.0,0.0,3.0,0.0,,,1.0
Bundesliga,Abdourahmane Barry,Greuther Fürth,GUI,DF,21,2000,8,210,2.0,0.0,0.0,9.0,3.0,0.0,7.0,4.0,5.0,,,0.0
Bundesliga,Adrian Fein,Greuther Fürth,GER,MF,22,1999,3,32,0.0,0.0,0.0,1.0,0.0,0.0,0.0,2.0,0.0,,,0.0
Bundesliga,Afimico Pululu,Greuther Fürth,COD,"FW,MF",22,1999,8,70,0.0,0.0,0.0,4.0,8.0,1.0,1.0,0.0,0.0,,,0.0
Bundesliga,Andreas Linde,Greuther Fürth,SWE,GK,28,1993,12,1080,0.0,0.0,0.0,0.0,1.0,0.0,0.0,2.0,0.0,,,0.0
Bundesliga,Branimir Hrgota,Greuther Fürth,SWE,"FW,MF",28,1993,34,2777,4.0,0.0,0.0,57.0,64.0,12.0,64.0,12.0,31.0,,,0.0
Bundesliga,Cedric Itten,Greuther Fürth,SUI,FW,24,1996,12,635,1.0,0.0,0.0,20.0,6.0,3.0,5.0,2.0,2.0,,,0.0
Bundesliga,Dickson Abiama,Greuther Fürth,NGA,FW,22,1998,24,726,3.0,0.0,0.0,17.0,11.0,15.0,3.0,5.0,7.0,,,0.0
Bundesliga,Gian-Luca Itter,Greuther Fürth,GER,"DF,MF",22,1999,24,1455,3.0,0.0,0.0,18.0,5.0,0.0,49.0,13.0,30.0,,,0.0
Bundesliga,Gideon Jung,Greuther Fürth,GER,DF,26,1994,5,142,0.0,0.0,0.0,0.0,4.0,0.0,0.0,2.0,1.0,,,0.0
Bundesliga,Hans Nunoo Sarpei,Greuther Fürth,GHA,DF,22,1998,8,643,2.0,0.0,0.0,7.0,16.0,0.0,0.0,13.0,11.0,,,0.0
Bundesliga,Håvard Nielsen,Greuther Fürth,NOR,"FW,MF",28,1993,26,1367,2.0,0.0,0.0,26.0,24.0,9.0,3.0,8.0,11.0,,,0.0
Bundesliga,Jamie Leweling,Greuther Fürth,GER,"FW,MF",20,2001,33,1959,3.0,0.0,0.0,17.0,49.0,17.0,40.0,11.0,9.0,,,0.0
Bundesliga,Jeremy Dudziak,Greuther Fürth,TUN,"MF,FW",25,1995,22,1134,1.0,0.0,0.0,11.0,24.0,3.0,35.0,11.0,7.0,,,0.0
Bundesliga,Jessic Ngankam,Greuther Fürth,GER,FW,21,2000,6,341,0.0,0.0,0.0,11.0,5.0,1.0,0.0,0.0,2.0,,,0.0
Bundesliga,Jetro Willems,Greuther Fürth,NED,"DF,MF",27,1994,24,1598,5.0,0.0,0.0,14.0,11.0,0.0,41.0,14.0,16.0,,,0.0
Bundesliga,Julian Green,Greuther Fürth,USA,"MF,FW",26,1995,24,1054,2.0,0.0,0.0,13.0,38.0,0.0,57.0,7.0,5.0,,,0.0
Bundesliga,Justin Hoogma,Greuther Fürth,NED,"MF,DF",23,1998,3,270,1.0,0.0,0.0,4.0,0.0,0.0,0.0,4.0,6.0,,,0.0
Bundesliga,Marco Meyerhöfer,Greuther Fürth,GER,"DF,MF",25,1995,26,2280,0.0,0.0,0.0,16.0,25.0,1.0,42.0,43.0,33.0,,,1.0
Bundesliga,Marius Funk,Greuther Fürth,GER,GK,25,1996,8,720,0.0,0.0,0.0,1.0,1.0,0.0,0.0,0.0,0.0,,,0.0
Bundesliga,Max Christiansen,Greuther Fürth,GER,MF,24,1996,27,2054,5.0,0.0,0.0,20.0,19.0,1.0,3.0,67.0,25.0,,,0.0
Bundesliga,Maximilian Bauer,Greuther Fürth,GER,DF,21,2000,26,1690,5.0,0.0,0.0,26.0,10.0,1.0,1.0,32.0,16.0,,,1.0
Bundesliga,Nick Viergever,Greuther Fürth,NED,DF,31,1989,24,2133,2.0,0.0,0.0,14.0,6.0,0.0,1.0,36.0,23.0,,,0.0
Bundesliga,Nils Seufert,Greuther Fürth,GER,MF,24,1997,4,99,0.0,0.0,0.0,0.0,1.0,0.0,0.0,0.0,1.0,,,0.0
Bundesliga,Paul Seguin,Greuther Fürth,GER,MF,26,1995,27,2108,9.0,0.0,0.0,42.0,26.0,0.0,41.0,20.0,29.0,,,0.0
Bundesliga,Sascha Burchert,Greuther Fürth,GER,GK,31,1989,14,1260,0.0,0.0,0.0,0.0,2.0,0.0,0.0,0.0,1.0,,,0.0
Bundesliga,Sebastian Griesbeck,Greuther Fürth,GER,"DF,MF",30,1990,29,2439,7.0,0.0,0.0,33.0,16.0,0.0,1.0,47.0,36.0,,,2.0
Bundesliga,Simon Asta,Greuther Fürth,GER,"MF,DF",20,2001,13,783,1.0,0.0,0.0,13.0,9.0,2.0,15.0,7.0,7.0,,,1.0
Bundesliga,Timothy Tillman,Greuther Fürth,USA,MF,22,1999,29,2004,3.0,0.0,0.0,36.0,42.0,2.0,67.0,12.0,24.0,,,0.0
Bundesliga,Tobias Raschl,Greuther Fürth,GER,MF,21,2000,10,597,0.0,0.0,0.0,7.0,8.0,1.0,1.0,1.0,9.0,,,0.0
Bundesliga,Alexander Schwolow,Hertha BSC,GER,GK,29,1992,25,2175,1.0,0.0,0.0,2.0,1.0,0.0,0.0,2.0,0.0,,,0.0
Bundesliga,Anton Kade,Hertha BSC,GER,MF,17,2004,4,77,0.0,0.0,0.0,2.0,2.0,0.0,2.0,3.0,2.0,,,0.0
Bundesliga,Cimo Röcker,Hertha BSC,GER,DF,27,1994,1,22,0.0,0.0,0.0,0.0,0.0,0.0,0.0,1.0,0.0,,,0.0
Bundesliga,Davie Selke,Hertha BSC,GER,FW,26,1995,25,1004,2.0,0.0,0.0,31.0,21.0,5.0,6.0,1.0,4.0,,,0.0
Bundesliga,Dedryck Boyata,Hertha BSC,BEL,DF,30,1990,23,1898,1.0,1.0,0.0,11.0,6.0,3.0,1.0,18.0,13.0,,,0.0
Bundesliga,Dennis Jastrzembski,Hertha BSC,POL,MF,21,2000,8,225,1.0,0.0,0.0,3.0,2.0,0.0,8.0,5.0,1.0,,,0.0
Bundesliga,Deyovaisio Zeefuik,Hertha BSC,NED,"DF,MF",23,1998,11,565,1.0,0.0,0.0,4.0,8.0,1.0,10.0,10.0,11.0,,,0.0
Bundesliga,Dodi Lukebakio,Hertha BSC,BEL,MF,23,1997,3,176,0.0,0.0,0.0,4.0,5.0,1.0,1.0,2.0,1.0,,,0.0
Bundesliga,Fredrik André Bjørkan,Hertha BSC,NOR,DF,22,1998,9,353,1.0,0.0,0.0,3.0,3.0,0.0,5.0,6.0,11.0,,,0.0
Bundesliga,Ishak Belfodil,Hertha BSC,ALG,FW,29,1992,26,1636,1.0,0.0,0.0,19.0,11.0,26.0,12.0,5.0,6.0,,,0.0
Bundesliga,Javairô Dilrosun,Hertha BSC,NED,MF,23,1998,2,138,0.0,0.0,0.0,3.0,2.0,0.0,1.0,0.0,1.0,,,0.0
Bundesliga,Jordan Torunarigha,Hertha BSC,GER,DF,23,1997,7,483,1.0,0.0,0.0,4.0,5.0,1.0,1.0,16.0,1.0,,,0.0
Bundesliga,Julian Eitschberger,Hertha BSC,GER,DF,17,2004,1,45,0.0,0.0,0.0,0.0,2.0,0.0,0.0,2.0,0.0,,,0.0
Bundesliga,Jurgen Ekkelenkamp,Hertha BSC,NED,MF,21,2000,21,718,1.0,0.0,0.0,12.0,5.0,0.0,3.0,5.0,2.0,,,0.0
Bundesliga,Kevin-Prince Boateng,Hertha BSC,GHA,"MF,FW",34,1987,18,696,8.0,0.0,0.0,21.0,21.0,1.0,5.0,5.0,5.0,,,0.0
Bundesliga,Krzysztof Piątek,Hertha BSC,POL,FW,26,1995,9,347,0.0,0.0,0.0,10.0,6.0,6.0,3.0,0.0,2.0,,,0.0
Bundesliga,Lee Dongjun,Hertha BSC,KOR,FW,24,1997,4,118,0.0,0.0,0.0,3.0,3.0,1.0,2.0,2.0,1.0,,,0.0
Bundesliga,Linus Gechter,Hertha BSC,GER,"DF,MF",17,2004,13,716,0.0,0.0,0.0,7.0,0.0,0.0,2.0,10.0,7.0,,,0.0
Bundesliga,Luca Wollschläger,Hertha BSC,GER,FW,18,2003,2,16,0.0,0.0,0.0,0.0,0.0,0.0,0.0,0.0,1.0,,,0.0
Bundesliga,Lucas Tousart,Hertha BSC,FRA,MF,24,1997,30,1962,3.0,0.0,0.0,32.0,24.0,1.0,16.0,33.0,28.0,,,0.0
Bundesliga,Lukas Klünter,Hertha BSC,GER,"MF,DF",25,1996,5,194,1.0,0.0,0.0,5.0,2.0,0.0,4.0,1.0,1.0,,,0.0
Bundesliga,Marc-Oliver Kempf,Hertha BSC,GER,DF,26,1995,12,1051,1.0,1.0,0.0,15.0,12.0,0.0,2.0,25.0,9.0,,,0.0
Bundesliga,Marcel Lotka,Hertha BSC,POL,GK,20,2001,10,885,1.0,0.0,0.0,0.0,4.0,1.0,0.0,1.0,0.0,,,0.0
Bundesliga,Marco Richter,Hertha BSC,GER,"MF,FW",23,1997,30,1704,6.0,0.0,0.0,31.0,45.0,4.0,57.0,17.0,15.0,,,0.0
Bundesliga,Marten Winkler,Hertha BSC,GER,MF,18,2002,1,26,0.0,0.0,0.0,0.0,1.0,0.0,1.0,0.0,0.0,,,0.0
Bundesliga,Marvin Plattenhardt,Hertha BSC,GER,"DF,MF",29,1992,21,1637,3.0,0.0,0.0,14.0,21.0,0.0,124.0,17.0,8.0,,,0.0
Bundesliga,Matheus Cunha,Hertha BSC,BRA,FW,22,1999,1,64,0.0,0.0,0.0,1.0,3.0,0.0,0.0,0.0,0.0,,,0.0
Bundesliga,Maximilian Mittelstädt,Hertha BSC,GER,"DF,MF",24,1997,24,1493,3.0,0.0,0.0,20.0,36.0,1.0,86.0,43.0,35.0,,,0.0
Bundesliga,Myziane Maolida,Hertha BSC,COM,"MF,FW",22,1999,14,776,0.0,0.0,0.0,10.0,6.0,3.0,7.0,1.0,4.0,,,0.0
Bundesliga,Márton Dárdai,Hertha BSC,HUN,DF,19,2002,12,755,2.0,0.0,0.0,10.0,6.0,0.0,9.0,19.0,5.0,,,0.0
Bundesliga,Niklas Stark,Hertha BSC,GER,DF,26,1995,26,2031,3.0,0.0,0.0,19.0,20.0,1.0,0.0,39.0,18.0,,,0.0
Bundesliga,Peter Pekarík,Hertha BSC,SVK,DF,34,1986,27,2234,1.0,0.0,0.0,25.0,19.0,1.0,59.0,29.0,30.0,,,0.0
Bundesliga,Santiago Ascacíbar,Hertha BSC,ARG,MF,24,1997,28,2375,5.0,0.0,0.0,35.0,31.0,3.0,2.0,43.0,52.0,,,0.0
Bundesliga,Stevan Jovetić,Hertha BSC,MNE,"FW,MF",31,1989,18,1017,3.0,0.0,0.0,8.0,17.0,7.0,9.0,1.0,2.0,,,0.0
Bundesliga,Suat Serdar,Hertha BSC,GER,MF,24,1997,30,2218,6.0,0.0,0.0,37.0,46.0,2.0,6.0,17.0,27.0,,,0.0
Bundesliga,Vladimír Darida,Hertha BSC,CZE,MF,30,1990,25,1786,6.0,0.0,0.0,21.0,33.0,3.0,66.0,22.0,18.0,,,0.0
Bundesliga,Andrej Kramarić,Hoffenheim,CRO,"FW,MF",30,1991,32,2707,2.0,0.0,0.0,11.0,28.0,8.0,63.0,12.0,4.0,,,0.0
Bundesliga,Angelo Stiller,Hoffenheim,GER,MF,20,2001,26,1693,1.0,0.0,0.0,26.0,13.0,1.0,18.0,10.0,19.0,,,0.0
Bundesliga,Benjamin Hübner,Hoffenheim,GER,DF,32,1989,5,375,2.0,0.0,0.0,8.0,2.0,0.0,0.0,9.0,6.0,,,0.0
Bundesliga,Chris Richards,Hoffenheim,USA,DF,21,2000,19,1304,1.0,0.0,0.0,8.0,2.0,0.0,0.0,21.0,14.0,,,0.0
Bundesliga,Christoph Baumgartner,Hoffenheim,AUT,MF,21,1999,29,1888,5.0,0.0,0.0,35.0,32.0,1.0,35.0,8.0,16.0,,,0.0
Bundesliga,David Raum,Hoffenheim,GER,"MF,DF",23,1998,32,2757,5.0,0.0,0.0,27.0,33.0,7.0,311.0,25.0,31.0,,,1.0
Bundesliga,Dennis Geiger,Hoffenheim,GER,MF,23,1998,20,1377,6.0,0.0,0.0,40.0,19.0,0.0,44.0,15.0,24.0,,,0.0
Bundesliga,Diadie Samassékou,Hoffenheim,MLI,MF,25,1996,24,1655,7.0,0.0,0.0,30.0,25.0,0.0,8.0,28.0,30.0,,,0.0
Bundesliga,Ermin Bičakčić,Hoffenheim,BIH,DF,31,1990,1,5,0.0,0.0,0.0,0.0,0.0,0.0,0.0,0.0,0.0,,,0.0
Bundesliga,Fisnik Asllani,Hoffenheim,KVX,FW,18,2002,2,9,0.0,0.0,0.0,0.0,0.0,0.0,0.0,0.0,0.0,,,0.0
Bundesliga,Florian Grillitsch,Hoffenheim,AUT,"DF,MF",25,1995,18,1496,7.0,0.0,0.0,11.0,24.0,0.0,11.0,28.0,21.0,,,0.0
Bundesliga,Georginio Rutter,Hoffenheim,FRA,"FW,MF",19,2002,33,1611,2.0,0.0,0.0,38.0,37.0,21.0,19.0,5.0,11.0,,,0.0
Bundesliga,Håvard Nordtveit,Hoffenheim,NOR,DF,31,1990,11,304,1.0,0.0,0.0,3.0,4.0,0.0,1.0,9.0,7.0,,,0.0
Bundesliga,Ihlas Bebou,Hoffenheim,TOG,"FW,MF",27,1994,28,2091,0.0,0.0,0.0,26.0,21.0,11.0,49.0,12.0,15.0,,,0.0
Bundesliga,Jacob Bruun Larsen,Hoffenheim,DEN,"MF,FW",22,1998,25,812,1.0,0.0,0.0,6.0,3.0,6.0,10.0,4.0,2.0,,,0.0
Bundesliga,Justin Che,Hoffenheim,USA,DF,17,2003,2,41,0.0,0.0,0.0,0.0,0.0,0.0,2.0,1.0,0.0,,,0.0
Bundesliga,Kasim Nuhu,Hoffenheim,GHA,DF,26,1995,3,5,0.0,0.0,0.0,0.0,0.0,0.0,0.0,0.0,0.0,,,0.0
Bundesliga,Kevin Akpoguma,Hoffenheim,NGA,"DF,MF",26,1995,26,1527,5.0,0.0,0.0,25.0,23.0,4.0,31.0,21.0,21.0,,,0.0
Bundesliga,Kevin Vogt,Hoffenheim,GER,DF,29,1991,30,2569,7.0,0.0,0.0,27.0,17.0,1.0,4.0,15.0,11.0,,,0.0
Bundesliga,Marco John,Hoffenheim,GER,MF,19,2002,2,42,0.0,0.0,0.0,0.0,0.0,0.0,0.0,1.0,0.0,,,0.0
Bundesliga,Mijat Gaćinović,Hoffenheim,SRB,MF,26,1995,4,110,1.0,0.0,0.0,4.0,1.0,0.0,0.0,1.0,3.0,,,0.0
Bundesliga,Moanes Dabbur,Hoffenheim,ISR,"FW,MF",29,1992,27,1310,5.0,0.0,0.0,29.0,19.0,2.0,5.0,5.0,11.0,,,0.0
Bundesliga,Nick Proschwitz,Hoffenheim,GER,FW,34,1986,1,27,0.0,0.0,0.0,0.0,0.0,0.0,0.0,0.0,0.0,,,0.0
Bundesliga,Oliver Baumann,Hoffenheim,GER,GK,31,1990,33,2970,1.0,0.0,0.0,0.0,3.0,0.0,0.0,0.0,0.0,,,0.0
Bundesliga,Pavel Kadeřábek,Hoffenheim,CZE,"MF,DF",29,1992,19,1195,5.0,0.0,0.0,16.0,8.0,2.0,47.0,14.0,11.0,,,0.0
Bundesliga,Philipp Pentke,Hoffenheim,GER,GK,36,1985,1,90,0.0,0.0,0.0,0.0,0.0,0.0,0.0,0.0,0.0,,,0.0
Bundesliga,Robert Skov,Hoffenheim,DEN,MF,25,1996,12,368,1.0,0.0,0.0,6.0,5.0,0.0,18.0,3.0,2.0,,,0.0
Bundesliga,Sargis Adamyan,Hoffenheim,ARM,"MF,FW",28,1993,13,331,0.0,0.0,0.0,4.0,8.0,4.0,5.0,1.0,5.0,,,0.0
Bundesliga,Sebastian Rudy,Hoffenheim,GER,MF,31,1990,21,773,5.0,0.0,0.0,12.0,6.0,0.0,14.0,11.0,13.0,,,0.0
Bundesliga,Stefan Posch,Hoffenheim,AUT,DF,24,1997,28,2199,5.0,0.0,0.0,36.0,14.0,1.0,11.0,27.0,28.0,,,0.0
Bundesliga,Tom Bischof,Hoffenheim,GER,MF,16,2005,1,14,0.0,0.0,0.0,1.0,0.0,0.0,1.0,0.0,0.0,,,0.0
Bundesliga,Umut Tohumcu,Hoffenheim,GER,MF,16,2004,1,5,0.0,0.0,0.0,0.0,1.0,0.0,0.0,0.0,0.0,,,0.0
Bundesliga,Anthony Modeste,Köln,FRA,FW,33,1988,32,2606,4.0,0.0,0.0,36.0,33.0,35.0,13.0,4.0,6.0,,,0.0
Bundesliga,Benno Schmitz,Köln,GER,DF,26,1994,31,2421,5.0,0.0,0.0,31.0,25.0,1.0,96.0,41.0,38.0,,,0.0
Bundesliga,Dejan Ljubičić,Köln,AUT,MF,23,1997,30,1969,4.0,0.0,0.0,28.0,21.0,3.0,58.0,15.0,20.0,,,0.0
Bundesliga,Ellyes Skhiri,Köln,TUN,"MF,DF",26,1995,22,1820,3.0,0.0,0.0,19.0,21.0,2.0,7.0,39.0,33.0,,,0.0
Bundesliga,Florian Kainz,Köln,AUT,MF,28,1992,32,2320,3.0,1.0,1.0,37.0,45.0,1.0,237.0,32.0,28.0,,,0.0
Bundesliga,Jan Thielmann,Köln,GER,"MF,FW",19,2002,29,1192,6.0,0.0,0.0,13.0,12.0,2.0,58.0,12.0,16.0,,,0.0
Bundesliga,Jannes Horn,Köln,GER,DF,24,1997,11,478,2.0,0.0,0.0,4.0,8.0,0.0,28.0,4.0,4.0,,,0.0
Bundesliga,Jonas Hector,Köln,GER,DF,31,1990,30,2553,3.0,0.0,0.0,28.0,54.0,1.0,71.0,54.0,40.0,,,0.0
Bundesliga,Jorge Meré,Köln,ESP,DF,24,1997,8,490,2.0,0.0,0.0,3.0,1.0,0.0,1.0,11.0,6.0,,,0.0
Bundesliga,Julian Chabot,Köln,GER,DF,23,1998,4,209,1.0,0.0,0.0,5.0,7.0,0.0,0.0,4.0,5.0,,,0.0
Bundesliga,Kingsley Ehizibue,Köln,NED,DF,26,1995,16,681,2.0,0.0,0.0,15.0,16.0,0.0,17.0,9.0,19.0,,,0.0
Bundesliga,Kingsley Schindler,Köln,GHA,DF,28,1993,18,349,1.0,0.0,0.0,2.0,5.0,1.0,23.0,6.0,0.0,,,0.0
Bundesliga,Louis Schaub,Köln,AUT,MF,26,1994,28,654,0.0,0.0,0.0,8.0,8.0,3.0,34.0,3.0,9.0,,,0.0
Bundesliga,Luca Kilian,Köln,GER,DF,21,1999,30,2281,3.0,0.0,0.0,7.0,11.0,0.0,4.0,49.0,26.0,,,0.0
Bundesliga,Mark Uth,Köln,GER,"MF,FW",29,1991,30,2025,3.0,0.0,0.0,34.0,45.0,11.0,125.0,14.0,21.0,,,0.0
Bundesliga,Marvin Schwäbe,Köln,GER,GK,26,1995,21,1890,1.0,0.0,0.0,0.0,1.0,0.0,0.0,0.0,1.0,,,0.0
Bundesliga,Mathias Olesen,Köln,LUX,MF,20,2001,3,17,0.0,0.0,0.0,0.0,0.0,0.0,0.0,1.0,0.0,,,0.0
Bundesliga,Noah Katterbach,Köln,GER,"DF,MF",20,2001,1,16,0.0,0.0,0.0,0.0,1.0,0.0,1.0,0.0,1.0,,,0.0
Bundesliga,Ondrej Duda,Köln,SVK,MF,26,1994,31,1611,5.0,0.0,0.0,41.0,34.0,0.0,28.0,18.0,15.0,,,0.0
Bundesliga,Rafael Czichos,Köln,GER,"DF,MF",31,1990,17,1402,4.0,0.0,0.0,16.0,11.0,0.0,3.0,19.0,20.0,,,1.0
Bundesliga,Salih Özcan,Köln,TUR,MF,23,1998,31,2312,5.0,0.0,0.0,38.0,52.0,1.0,18.0,54.0,30.0,,,0.0
Bundesliga,Sebastian Andersson,Köln,SWE,FW,30,1991,26,1257,3.0,0.0,0.0,22.0,18.0,6.0,8.0,2.0,7.0,,,0.0
Bundesliga,Tim Lemperle,Köln,GER,FW,19,2002,13,149,0.0,0.0,0.0,4.0,3.0,0.0,1.0,2.0,1.0,,,0.0
Bundesliga,Timo Horn,Köln,GER,GK,28,1993,13,1170,0.0,0.0,0.0,0.0,1.0,0.0,0.0,0.0,0.0,,,0.0
Bundesliga,Timo Hübers,Köln,GER,DF,25,1996,20,1740,7.0,0.0,0.0,26.0,24.0,0.0,0.0,54.0,30.0,,,1.0
Bundesliga,Tomáš Ostrák,Köln,CZE,MF,21,2000,5,31,0.0,0.0,0.0,1.0,1.0,0.0,3.0,1.0,0.0,,,0.0
Bundesliga,Amine Adli,Leverkusen,MAR,"MF,FW",21,2000,25,1256,3.0,0.0,0.0,27.0,28.0,8.0,21.0,11.0,14.0,,,0.0
Bundesliga,Andrey Lunyov,Leverkusen,RUS,GK,29,1991,1,90,0.0,0.0,0.0,0.0,0.0,0.0,0.0,0.0,0.0,,,0.0
Bundesliga,Charles Aránguiz,Leverkusen,CHI,MF,32,1989,26,1578,2.0,0.0,0.0,26.0,13.0,0.0,8.0,34.0,26.0,,,0.0
Bundesliga,Daley Sinkgraven,Leverkusen,NED,DF,26,1995,12,351,0.0,0.0,0.0,0.0,3.0,0.0,7.0,3.0,2.0,,,0.0
Bundesliga,Edmond Tapsoba,Leverkusen,BFA,DF,22,1999,22,1814,1.0,0.0,0.0,19.0,6.0,1.0,0.0,29.0,19.0,,,0.0
Bundesliga,Exequiel Palacios,Leverkusen,ARG,MF,22,1998,23,1097,2.0,0.0,0.0,11.0,17.0,1.0,10.0,27.0,22.0,,,0.0
Bundesliga,Florian Wirtz,Leverkusen,GER,MF,18,2003,24,1851,2.0,0.0,0.0,15.0,25.0,10.0,60.0,11.0,12.0,,,0.0
Bundesliga,Iker Bravo,Leverkusen,ESP,FW,16,2005,1,12,0.0,0.0,0.0,0.0,0.0,0.0,0.0,0.0,1.0,,,0.0
Bundesliga,Jeremie Frimpong,Leverkusen,NED,DF,20,2000,25,2052,6.0,0.0,0.0,17.0,45.0,1.0,59.0,20.0,16.0,,,1.0
Bundesliga,Joel Pohjanpalo,Leverkusen,FIN,FW,26,1994,2,12,0.0,0.0,0.0,1.0,0.0,1.0,0.0,0.0,0.0,,,0.0
Bundesliga,Jonathan Tah,Leverkusen,GER,DF,25,1996,33,2878,4.0,0.0,0.0,19.0,10.0,1.0,2.0,42.0,19.0,,,0.0
Bundesliga,Julian Baumgartlinger,Leverkusen,AUT,MF,33,1988,6,88,1.0,0.0,0.0,2.0,0.0,0.0,1.0,2.0,1.0,,,0.0
Bundesliga,Karim Bellarabi,Leverkusen,GER,MF,31,1990,16,683,2.0,0.0,0.0,20.0,7.0,1.0,25.0,8.0,5.0,,,0.0
Bundesliga,Kerem Demirbay,Leverkusen,GER,MF,28,1993,29,2049,10.0,0.0,0.0,34.0,29.0,3.0,153.0,32.0,31.0,,,0.0
Bundesliga,Lennart Grill,Leverkusen,GER,GK,22,1999,1,90,0.0,0.0,0.0,0.0,0.0,0.0,0.0,0.0,0.0,,,0.0
Bundesliga,Lucas Alario,Leverkusen,ARG,FW,28,1992,27,655,2.0,0.0,0.0,8.0,8.0,7.0,1.0,1.0,5.0,,,0.0
Bundesliga,Lukáš Hrádecký,Leverkusen,FIN,GK,31,1989,32,2880,1.0,0.0,0.0,0.0,2.0,0.0,0.0,0.0,1.0,,,0.0
Bundesliga,Mitchel Bakker,Leverkusen,NED,"DF,MF",21,2000,25,1822,6.0,0.0,0.0,15.0,18.0,0.0,39.0,24.0,21.0,,,0.0
Bundesliga,Moussa Diaby,Leverkusen,FRA,MF,22,1999,32,2760,10.0,1.0,1.0,38.0,25.0,17.0,85.0,8.0,11.0,,,0.0
Bundesliga,Nadiem Amiri,Leverkusen,GER,MF,24,1996,13,369,0.0,0.0,0.0,2.0,11.0,0.0,9.0,5.0,4.0,,,0.0
Bundesliga,Odilon Kossounou,Leverkusen,CIV,DF,20,2001,27,1793,3.0,0.0,0.0,15.0,7.0,0.0,6.0,25.0,17.0,,,0.0
Bundesliga,Panagiotis Retsos,Leverkusen,GRE,DF,22,1998,4,32,0.0,0.0,0.0,0.0,1.0,0.0,0.0,1.0,0.0,,,0.0
Bundesliga,Patrik Schick,Leverkusen,CZE,FW,25,1996,27,2076,0.0,0.0,0.0,13.0,22.0,6.0,3.0,3.0,3.0,,,0.0
Bundesliga,Paulinho,Leverkusen,BRA,MF,21,2000,24,1218,1.0,0.0,0.0,10.0,17.0,3.0,20.0,6.0,14.0,,,0.0
Bundesliga,Piero Hincapié,Leverkusen,ECU,DF,19,2002,27,1754,5.0,0.0,0.0,23.0,15.0,3.0,20.0,32.0,22.0,,,0.0
Bundesliga,Robert Andrich,Leverkusen,GER,MF,26,1994,26,1817,5.0,1.0,0.0,40.0,15.0,2.0,6.0,31.0,16.0,,,0.0
Bundesliga,Sardar Azmoun,Leverkusen,IRN,"MF,FW",26,1995,9,359,0.0,0.0,0.0,8.0,4.0,0.0,2.0,0.0,1.0,,,0.0
Bundesliga,Timothy Fosu-Mensah,Leverkusen,NED,DF,23,1998,6,145,0.0,0.0,0.0,1.0,0.0,0.0,4.0,2.0,3.0,,,0.0
Bundesliga,Zidan Sertdemir,Leverkusen,DEN,MF,16,2005,3,18,0.0,0.0,0.0,0.0,0.0,0.0,3.0,0.0,2.0,,,0.0
Bundesliga,Aarón Martín,Mainz 05,ESP,MF,24,1997,28,2292,7.0,0.0,0.0,31.0,18.0,0.0,178.0,20.0,33.0,,,0.0
Bundesliga,Alexander Hack,Mainz 05,GER,DF,27,1993,28,2074,6.0,1.0,0.0,28.0,34.0,2.0,7.0,57.0,28.0,,,0.0
Bundesliga,Anderson Lucoqui,Mainz 05,ANG,"MF,DF",24,1997,13,743,2.0,0.0,0.0,17.0,16.0,0.0,12.0,12.0,11.0,,,0.0
Bundesliga,Anton Stach,Mainz 05,GER,MF,22,1998,29,1861,6.0,0.0,0.0,35.0,43.0,0.0,53.0,51.0,16.0,,,0.0
Bundesliga,Daniel Brosinski,Mainz 05,GER,MF,33,1988,11,390,0.0,0.0,0.0,1.0,3.0,0.0,23.0,3.0,1.0,,,0.0
Bundesliga,David Nemeth,Mainz 05,AUT,DF,20,2001,6,311,0.0,0.0,0.0,1.0,1.0,0.0,0.0,6.0,2.0,,,0.0
Bundesliga,Delano Burgzorg,Mainz 05,SUR,"FW,MF",22,1998,3,27,0.0,0.0,0.0,1.0,0.0,1.0,0.0,0.0,1.0,,,0.0
Bundesliga,Dominik Kohr,Mainz 05,GER,MF,27,1994,22,1614,10.0,2.0,2.0,46.0,20.0,0.0,2.0,38.0,20.0,,,0.0
Bundesliga,Finn Dahmen,Mainz 05,GER,GK,23,1998,2,180,0.0,0.0,0.0,0.0,0.0,0.0,0.0,0.0,0.0,,,0.0
Bundesliga,Jean-Paul Boëtius,Mainz 05,SUR,MF,27,1994,33,1800,3.0,0.0,0.0,20.0,40.0,1.0,50.0,30.0,23.0,,,0.0
Bundesliga,Jerry St. Juste,Mainz 05,NED,DF,24,1996,8,604,0.0,0.0,0.0,13.0,8.0,0.0,6.0,14.0,10.0,,,0.0
Bundesliga,Jonathan Burkardt,Mainz 05,GER,"FW,MF",21,2000,34,2611,0.0,0.0,0.0,23.0,42.0,10.0,36.0,8.0,8.0,,,0.0
Bundesliga,Karim Onisiwo,Mainz 05,AUT,FW,29,1992,31,2361,0.0,0.0,0.0,45.0,32.0,27.0,50.0,7.0,9.0,,,0.0
Bundesliga,Kevin Stöger,Mainz 05,AUT,MF,27,1993,23,419,3.0,0.0,0.0,9.0,10.0,0.0,31.0,6.0,6.0,,,0.0
Bundesliga,Leandro Barreiro Martins,Mainz 05,LUX,MF,21,2000,31,1789,3.0,0.0,0.0,42.0,27.0,0.0,8.0,34.0,33.0,,,0.0
Bundesliga,Lee Jae-sung,Mainz 05,KOR,"MF,FW",28,1992,27,1436,3.0,0.0,0.0,19.0,13.0,2.0,28.0,20.0,12.0,,,0.0
Bundesliga,Luca Kilian,Mainz 05,GER,DF,21,1999,1,1,0.0,0.0,0.0,1.0,0.0,0.0,0.0,0.0,0.0,,,0.0
Bundesliga,Marcus Ingvartsen,Mainz 05,DEN,"MF,FW",25,1996,26,680,2.0,0.0,0.0,16.0,14.0,4.0,12.0,6.0,2.0,,,0.0
Bundesliga,Merveille Papela,Mainz 05,GER,MF,20,2001,5,83,0.0,0.0,0.0,1.0,0.0,0.0,0.0,3.0,2.0,,,0.0
Bundesliga,Moussa Niakhaté,Mainz 05,SEN,DF,25,1996,30,2567,1.0,0.0,0.0,30.0,23.0,3.0,16.0,52.0,24.0,,,0.0
Bundesliga,Niklas Tauer,Mainz 05,GER,"MF,DF",20,2001,11,487,1.0,1.0,0.0,8.0,4.0,0.0,1.0,9.0,10.0,,,0.0
Bundesliga,Paul Nebel,Mainz 05,GER,MF,18,2002,10,228,3.0,0.0,0.0,9.0,3.0,1.0,10.0,0.0,5.0,,,0.0
Bundesliga,Robin Zentner,Mainz 05,GER,GK,26,1994,32,2880,1.0,0.0,0.0,1.0,2.0,0.0,0.0,3.0,2.0,,,0.0
Bundesliga,Romario Rösch,Mainz 05,GER,MF,22,1999,1,1,0.0,0.0,0.0,0.0,0.0,0.0,0.0,0.0,0.0,,,0.0
Bundesliga,Silvan Widmer,Mainz 05,SUI,"MF,DF",28,1993,33,2920,1.0,0.0,0.0,36.0,20.0,1.0,62.0,39.0,30.0,,,0.0
Bundesliga,Stefan Bell,Mainz 05,GER,DF,29,1991,33,2864,9.0,0.0,0.0,52.0,7.0,6.0,16.0,41.0,23.0,,,1.0
Bundesliga,Stephan Fürstner,Mainz 05,GER,MF,33,1987,1,5,0.0,0.0,0.0,0.0,0.0,0.0,0.0,0.0,0.0,,,0.0
Bundesliga,Ádám Szalai,Mainz 05,HUN,FW,33,1987,12,260,1.0,0.0,0.0,10.0,4.0,5.0,0.0,0.0,2.0,,,0.0
Bundesliga,Amadou Haidara,RB Leipzig,MLI,MF,23,1998,20,1326,2.0,0.0,0.0,19.0,13.0,0.0,6.0,14.0,16.0,,,0.0
Bundesliga,André Silva,RB Leipzig,POR,FW,25,1995,33,2076,1.0,0.0,0.0,20.0,28.0,16.0,7.0,4.0,9.0,,,0.0
Bundesliga,Angeliño,RB Leipzig,ESP,"MF,DF",24,1997,29,2298,3.0,0.0,0.0,15.0,34.0,4.0,189.0,31.0,20.0,,,0.0
Bundesliga,Benjamin Henrichs,RB Leipzig,GER,MF,24,1997,22,1143,3.0,0.0,0.0,13.0,14.0,1.0,25.0,19.0,19.0,,,0.0
Bundesliga,Brian Brobbey,RB Leipzig,NED,FW,19,2002,9,131,0.0,0.0,0.0,3.0,2.0,0.0,0.0,0.0,0.0,,,0.0
Bundesliga,Christopher Nkunku,RB Leipzig,FRA,"MF,FW",23,1997,34,2723,2.0,0.0,0.0,31.0,62.0,13.0,63.0,14.0,8.0,,,0.0
Bundesliga,Dani Olmo,RB Leipzig,ESP,"MF,FW",23,1998,19,743,2.0,0.0,0.0,4.0,22.0,1.0,9.0,4.0,8.0,,,0.0
Bundesliga,Dominik Szoboszlai,RB Leipzig,HUN,MF,20,2000,31,1543,2.0,0.0,0.0,15.0,23.0,6.0,90.0,9.0,12.0,,,0.0
Bundesliga,Emil Forsberg,RB Leipzig,SWE,MF,29,1991,31,1706,2.0,0.0,0.0,11.0,22.0,4.0,37.0,2.0,14.0,,,0.0
Bundesliga,Hugo Novoa,RB Leipzig,ESP,MF,18,2003,8,136,0.0,0.0,0.0,1.0,4.0,1.0,2.0,1.0,4.0,,,0.0
Bundesliga,Hwang Hee-chan,RB Leipzig,KOR,"FW,MF",25,1996,2,49,0.0,0.0,0.0,0.0,2.0,0.0,0.0,1.0,0.0,,,0.0
Bundesliga,Ilaix Moriba,RB Leipzig,GUI,MF,18,2003,2,32,0.0,0.0,0.0,1.0,3.0,0.0,0.0,1.0,0.0,,,0.0
Bundesliga,Joscha Wosz,RB Leipzig,GER,MF,19,2002,1,9,0.0,0.0,0.0,1.0,0.0,0.0,0.0,0.0,0.0,,,0.0
Bundesliga,Josep Martinez,RB Leipzig,ESP,GK,23,1998,1,90,0.0,0.0,0.0,0.0,0.0,0.0,0.0,0.0,0.0,,,0.0
Bundesliga,Joško Gvardiol,RB Leipzig,CRO,DF,19,2002,29,2409,7.0,0.0,0.0,41.0,34.0,1.0,8.0,54.0,30.0,,,1.0
Bundesliga,Kevin Kampl,RB Leipzig,SVN,MF,30,1990,27,1899,4.0,0.0,0.0,36.0,12.0,0.0,9.0,23.0,19.0,,,0.0
Bundesliga,Konrad Laimer,RB Leipzig,AUT,MF,24,1997,26,1240,2.0,0.0,0.0,37.0,8.0,0.0,14.0,4.0,24.0,,,0.0
Bundesliga,Lukas Klostermann,RB Leipzig,GER,"DF,MF",25,1996,23,1648,1.0,0.0,0.0,9.0,4.0,0.0,3.0,28.0,17.0,,,0.0
Bundesliga,Marcel Halstenberg,RB Leipzig,GER,"DF,MF",29,1991,8,507,0.0,0.0,0.0,4.0,4.0,1.0,6.0,8.0,7.0,,,0.0
Bundesliga,Marcel Sabitzer,RB Leipzig,AUT,"FW,MF",27,1994,2,49,1.0,0.0,0.0,1.0,0.0,0.0,2.0,2.0,1.0,,,0.0
Bundesliga,Mohamed Simakan,RB Leipzig,FRA,DF,21,2000,28,2009,5.0,0.0,0.0,25.0,34.0,0.0,6.0,40.0,28.0,,,0.0
Bundesliga,Nordi Mukiele,RB Leipzig,FRA,"MF,DF",23,1997,28,1842,3.0,0.0,0.0,19.0,25.0,8.0,33.0,29.0,24.0,,,0.0
Bundesliga,Philipp Tschauner,RB Leipzig,GER,GK,35,1985,1,3,0.0,0.0,0.0,0.0,0.0,0.0,0.0,0.0,0.0,,,0.0
Bundesliga,Péter Gulácsi,RB Leipzig,HUN,GK,31,1990,33,2967,1.0,0.0,0.0,0.0,1.0,0.0,0.0,1.0,0.0,,,0.0
Bundesliga,Sidney Raebiger,RB Leipzig,GER,MF,16,2005,1,4,0.0,0.0,0.0,0.0,0.0,0.0,0.0,0.0,0.0,,,0.0
Bundesliga,Solomon Bonnah,RB Leipzig,NED,"DF,MF",17,2003,1,6,0.0,0.0,0.0,0.0,0.0,0.0,0.0,1.0,0.0,,,0.0
Bundesliga,Tyler Adams,RB Leipzig,USA,MF,22,1999,24,1351,5.0,0.0,0.0,19.0,15.0,0.0,2.0,17.0,9.0,,,0.0
Bundesliga,Willi Orban,RB Leipzig,HUN,DF,28,1992,30,2642,1.0,0.0,0.0,13.0,29.0,3.0,3.0,47.0,21.0,,,0.0
Bundesliga,Yussuf Poulsen,RB Leipzig,DEN,"FW,MF",27,1994,25,1079,2.0,0.0,0.0,22.0,31.0,7.0,9.0,3.0,7.0,,,0.0
Bundesliga,Alexis Tibidi,Stuttgart,FRA,MF,17,2003,13,385,1.0,0.0,0.0,11.0,12.0,4.0,3.0,2.0,2.0,,,0.0
Bundesliga,Atakan Karazor,Stuttgart,TUR,MF,24,1996,24,1898,9.0,1.0,1.0,39.0,39.0,0.0,4.0,35.0,24.0,,,0.0
Bundesliga,Borna Sosa,Stuttgart,CRO,"MF,DF",23,1998,28,2498,4.0,0.0,0.0,13.0,26.0,0.0,246.0,26.0,12.0,,,0.0
Bundesliga,Chris Führich,Stuttgart,GER,"MF,FW",23,1998,25,1714,3.0,0.0,0.0,9.0,19.0,2.0,61.0,6.0,16.0,,,0.0
Bundesliga,Clinton Mola,Stuttgart,ENG,DF,20,2001,3,113,0.0,0.0,0.0,0.0,0.0,0.0,1.0,2.0,1.0,,,0.0
Bundesliga,Daniel Didavi,Stuttgart,GER,"MF,FW",31,1990,10,277,1.0,0.0,0.0,3.0,7.0,2.0,9.0,1.0,2.0,,,0.0
Bundesliga,Enzo Millot,Stuttgart,FRA,MF,19,2002,6,53,0.0,0.0,0.0,2.0,1.0,0.0,3.0,1.0,0.0,,,0.0
Bundesliga,Erik Thommy,Stuttgart,GER,MF,26,1994,11,274,0.0,0.0,0.0,2.0,6.0,2.0,23.0,4.0,1.0,,,0.0
Bundesliga,Fabian Bredlow,Stuttgart,GER,GK,26,1995,4,360,0.0,0.0,0.0,0.0,1.0,0.0,0.0,0.0,0.0,,,0.0
Bundesliga,Florian Müller,Stuttgart,GER,GK,23,1997,30,2700,0.0,0.0,0.0,0.0,2.0,0.0,0.0,0.0,0.0,,,0.0
Bundesliga,Hamadi Al Ghaddioui,Stuttgart,MAR,FW,30,1990,10,498,2.0,0.0,0.0,13.0,6.0,3.0,2.0,0.0,5.0,,,0.0
Bundesliga,Hiroki Ito,Stuttgart,JPN,DF,22,1999,29,2348,2.0,0.0,0.0,21.0,9.0,0.0,22.0,52.0,31.0,,,1.0
Bundesliga,Konstantinos Mavropanos,Stuttgart,GRE,DF,23,1997,31,2705,3.0,0.0,0.0,22.0,20.0,2.0,7.0,64.0,40.0,,,0.0
Bundesliga,Lilian Egloff,Stuttgart,GER,MF,18,2002,4,31,0.0,0.0,0.0,2.0,0.0,0.0,0.0,0.0,1.0,,,0.0
Bundesliga,Marc-Oliver Kempf,Stuttgart,GER,DF,26,1995,12,840,2.0,0.0,0.0,13.0,8.0,0.0,2.0,15.0,9.0,,,0.0
Bundesliga,Matej Maglica,Stuttgart,CRO,DF,22,1998,1,6,0.0,0.0,0.0,0.0,0.0,0.0,0.0,0.0,0.0,,,0.0
Bundesliga,Mateo Klimowicz,Stuttgart,GER,"MF,FW",21,2000,15,603,2.0,0.0,0.0,8.0,9.0,1.0,2.0,4.0,6.0,,,0.0
Bundesliga,Mohamed Sankoh,Stuttgart,NED,FW,17,2003,1,4,0.0,0.0,0.0,0.0,0.0,0.0,0.0,0.0,0.0,,,0.0
Bundesliga,Naouirou Ahamada,Stuttgart,FRA,MF,19,2002,3,61,0.0,0.0,0.0,2.0,1.0,0.0,0.0,0.0,0.0,,,0.0
Bundesliga,Nikolas Nartey,Stuttgart,DEN,MF,21,2000,8,404,1.0,0.0,0.0,11.0,5.0,1.0,6.0,6.0,3.0,,,0.0
Bundesliga,Omar Marmoush,Stuttgart,EGY,"FW,MF",22,1999,21,1571,3.0,0.0,0.0,31.0,56.0,7.0,43.0,10.0,17.0,,,0.0
Bundesliga,Orel Mangala,Stuttgart,BEL,MF,23,1998,28,1853,4.0,0.0,0.0,25.0,27.0,0.0,9.0,12.0,12.0,,,0.0
Bundesliga,Pascal Stenzel,Stuttgart,GER,DF,25,1996,16,899,1.0,0.0,0.0,13.0,4.0,0.0,18.0,10.0,12.0,,,0.0
Bundesliga,Philipp Förster,Stuttgart,GER,"MF,FW",26,1995,20,967,4.0,0.0,0.0,15.0,9.0,2.0,8.0,5.0,13.0,,,0.0
Bundesliga,Philipp Klement,Stuttgart,GER,MF,28,1992,6,338,0.0,0.0,0.0,2.0,1.0,1.0,11.0,1.0,3.0,,,0.0
Bundesliga,Roberto Massimo,Stuttgart,GER,MF,20,2000,19,877,0.0,0.0,0.0,8.0,4.0,4.0,18.0,4.0,5.0,,,0.0
Bundesliga,Saša Kalajdžić,Stuttgart,AUT,FW,24,1997,15,1221,2.0,0.0,0.0,11.0,18.0,2.0,2.0,2.0,6.0,,,0.0
Bundesliga,Silas Katompa,Stuttgart,COD,"MF,FW",22,1998,9,277,0.0,0.0,0.0,3.0,7.0,3.0,7.0,4.0,2.0,,,0.0
Bundesliga,Tanguy Coulibaly,Stuttgart,FRA,"MF,FW",20,2001,21,1079,8.0,0.0,0.0,24.0,14.0,6.0,14.0,3.0,14.0,,,0.0
Bundesliga,Tiago Tomás,Stuttgart,POR,FW,19,2002,14,1075,2.0,0.0,0.0,7.0,25.0,7.0,18.0,4.0,4.0,,,0.0
Bundesliga,Wahid Faghir,Stuttgart,DEN,FW,18,2003,6,123,0.0,0.0,0.0,0.0,3.0,2.0,0.0,0.0,0.0,,,0.0
Bundesliga,Waldemar Anton,Stuttgart,GER,DF,25,1996,29,2595,6.0,1.0,0.0,29.0,16.0,1.0,11.0,32.0,27.0,,,0.0
Bundesliga,Wataru Endo,Stuttgart,JPN,MF,28,1993,33,2899,4.0,0.0,0.0,30.0,61.0,1.0,7.0,30.0,39.0,,,0.0
Bundesliga,Ömer Faruk Beyaz,Stuttgart,TUR,MF,17,2003,4,71,0.0,0.0,0.0,0.0,0.0,0.0,1.0,1.0,3.0,,,0.0
Bundesliga,Andreas Luthe,Union Berlin,GER,GK,34,1987,27,2430,3.0,0.0,0.0,1.0,3.0,0.0,0.0,0.0,0.0,,,0.0
Bundesliga,Andreas Voglsammer,Union Berlin,GER,FW,29,1992,32,882,1.0,0.0,0.0,16.0,16.0,14.0,23.0,2.0,10.0,,,0.0
Bundesliga,András Schäfer,Union Berlin,HUN,MF,22,1999,8,239,2.0,0.0,0.0,6.0,2.0,0.0,1.0,2.0,1.0,,,0.0
Bundesliga,Anthony Ujah,Union Berlin,NGA,FW,30,1990,3,35,0.0,0.0,0.0,4.0,1.0,0.0,1.0,0.0,0.0,,,0.0
Bundesliga,Bastian Oczipka,Union Berlin,GER,"MF,DF",32,1989,18,932,1.0,0.0,0.0,10.0,13.0,1.0,61.0,11.0,14.0,,,0.0
Bundesliga,Cedric Teuchert,Union Berlin,GER,"FW,MF",24,1997,6,105,0.0,0.0,0.0,1.0,1.0,1.0,1.0,0.0,2.0,,,0.0
Bundesliga,Christopher Trimmel,Union Berlin,AUT,MF,34,1987,25,1990,5.0,0.0,0.0,29.0,6.0,0.0,145.0,35.0,30.0,,,0.0
Bundesliga,Dominique Heintz,Union Berlin,GER,DF,27,1993,7,467,0.0,0.0,0.0,6.0,2.0,1.0,1.0,6.0,5.0,,,0.0
Bundesliga,Frederik Rønnow,Union Berlin,DEN,GK,28,1992,7,630,1.0,0.0,0.0,0.0,1.0,0.0,0.0,0.0,0.0,,,0.0
Bundesliga,Genki Haraguchi,Union Berlin,JPN,MF,30,1991,30,1755,2.0,0.0,0.0,27.0,29.0,1.0,13.0,26.0,20.0,,,0.0
Bundesliga,Grischa Prömel,Union Berlin,GER,MF,26,1995,29,2422,4.0,0.0,0.0,37.0,58.0,2.0,6.0,21.0,23.0,,,0.0
Bundesliga,Julian Ryerson,Union Berlin,NOR,"MF,DF",23,1997,28,1429,3.0,0.0,0.0,12.0,14.0,0.0,50.0,14.0,16.0,,,0.0
Bundesliga,Keita Endo,Union Berlin,JPN,"FW,MF",23,1997,4,55,0.0,0.0,0.0,0.0,2.0,1.0,3.0,0.0,1.0,,,0.0
Bundesliga,Kevin Behrens,Union Berlin,GER,FW,30,1991,24,499,1.0,0.0,0.0,15.0,5.0,1.0,2.0,3.0,2.0,,,0.0
Bundesliga,Kevin Möhwald,Union Berlin,GER,MF,28,1993,16,354,2.0,0.0,0.0,6.0,4.0,2.0,7.0,3.0,2.0,,,0.0
Bundesliga,Levin Öztunalı,Union Berlin,GER,MF,25,1996,18,572,0.0,0.0,0.0,15.0,8.0,3.0,12.0,4.0,11.0,,,0.0
Bundesliga,Marcus Ingvartsen,Union Berlin,DEN,MF,25,1996,2,122,0.0,0.0,0.0,2.0,1.0,0.0,1.0,2.0,0.0,,,0.0
Bundesliga,Marvin Friedrich,Union Berlin,GER,DF,25,1995,13,1169,4.0,1.0,1.0,12.0,2.0,0.0,5.0,24.0,6.0,,,1.0
Bundesliga,Max Kruse,Union Berlin,GER,"FW,MF",33,1988,16,1270,1.0,0.0,0.0,5.0,6.0,1.0,50.0,2.0,1.0,,,0.0
Bundesliga,Niko Gießelmann,Union Berlin,GER,MF,29,1991,28,2083,3.0,0.0,0.0,23.0,32.0,1.0,106.0,19.0,17.0,,,0.0
Bundesliga,Paul Jaeckel,Union Berlin,GER,DF,23,1998,24,2047,5.0,0.0,0.0,28.0,14.0,0.0,4.0,56.0,28.0,,,0.0
Bundesliga,Rani Khedira,Union Berlin,TUN,MF,27,1994,32,2757,6.0,0.0,0.0,55.0,35.0,0.0,22.0,50.0,39.0,,,0.0
Bundesliga,Robin Knoche,Union Berlin,GER,DF,29,1992,33,2970,6.0,0.0,0.0,26.0,13.0,1.0,0.0,50.0,24.0,,,0.0
Bundesliga,Sebastian Griesbeck,Union Berlin,GER,"DF,MF",30,1990,1,9,0.0,0.0,0.0,0.0,0.0,0.0,0.0,0.0,1.0,,,0.0
Bundesliga,Sheraldo Becker,Union Berlin,SUR,"FW,MF",26,1995,28,1758,4.0,0.0,0.0,26.0,25.0,9.0,125.0,2.0,6.0,,,0.0
Bundesliga,Sven Michel,Union Berlin,GER,FW,31,1990,13,338,2.0,0.0,0.0,12.0,4.0,3.0,8.0,1.0,6.0,,,0.0
Bundesliga,Taiwo Awoniyi,Union Berlin,NGA,FW,23,1997,31,2174,1.0,0.0,0.0,25.0,23.0,21.0,10.0,1.0,7.0,,,1.0
Bundesliga,Timo Baumgartl,Union Berlin,GER,DF,25,1996,25,2166,5.0,0.0,0.0,24.0,13.0,0.0,10.0,38.0,29.0,,,2.0
Bundesliga,Admir Mehmedi,Wolfsburg,SUI,"FW,MF",30,1991,1,4,0.0,0.0,0.0,0.0,0.0,0.0,0.0,0.0,0.0,,,0.0
Bundesliga,Aster Vranckx,Wolfsburg,BEL,MF,18,2002,24,1141,2.0,0.0,0.0,39.0,16.0,1.0,25.0,13.0,14.0,,,0.0
Bundesliga,Bartosz Białek,Wolfsburg,POL,FW,19,2001,12,178,1.0,0.0,0.0,6.0,2.0,0.0,0.0,0.0,0.0,,,0.0
Bundesliga,Daniel Ginczek,Wolfsburg,GER,FW,30,1991,2,13,0.0,0.0,0.0,0.0,0.0,0.0,0.0,0.0,0.0,,,0.0
Bundesliga,Dodi Lukebakio,Wolfsburg,BEL,"MF,FW",23,1997,19,882,2.0,0.0,0.0,15.0,13.0,11.0,17.0,13.0,5.0,,,0.0
Bundesliga,Felix Nmecha,Wolfsburg,GER,MF,20,2000,16,323,2.0,0.0,0.0,7.0,9.0,0.0,3.0,7.0,1.0,,,0.0
Bundesliga,John Brooks,Wolfsburg,USA,DF,28,1993,31,2615,2.0,0.0,0.0,9.0,16.0,1.0,4.0,43.0,27.0,,,0.0
Bundesliga,Jonas Wind,Wolfsburg,DEN,"FW,MF",22,1999,14,1180,0.0,0.0,0.0,13.0,31.0,7.0,5.0,7.0,6.0,,,0.0
Bundesliga,Josip Brekalo,Wolfsburg,CRO,"FW,MF",23,1998,1,21,0.0,0.0,0.0,0.0,0.0,0.0,2.0,0.0,0.0,,,0.0
Bundesliga,Josuha Guilavogui,Wolfsburg,FRA,"MF,DF",30,1990,15,942,4.0,0.0,0.0,20.0,6.0,2.0,0.0,26.0,12.0,,,0.0
Bundesliga,Jérôme Roussillon,Wolfsburg,GLP,"MF,DF",28,1993,26,1775,5.0,0.0,0.0,10.0,24.0,5.0,50.0,14.0,9.0,,,0.0
Bundesliga,Kevin Mbabu,Wolfsburg,SUI,"DF,MF",26,1995,24,1391,4.0,0.0,0.0,24.0,21.0,2.0,66.0,32.0,21.0,,,0.0
Bundesliga,Kevin Paredes,Wolfsburg,USA,MF,18,2003,2,16,0.0,0.0,0.0,1.0,0.0,0.0,1.0,0.0,0.0,,,0.0
Bundesliga,Koen Casteels,Wolfsburg,BEL,GK,29,1992,28,2520,1.0,0.0,0.0,0.0,2.0,0.0,0.0,0.0,0.0,,,0.0
Bundesliga,Luca Waldschmidt,Wolfsburg,GER,MF,25,1996,14,717,2.0,0.0,0.0,10.0,8.0,0.0,7.0,8.0,1.0,,,0.0
Bundesliga,Lukas Nmecha,Wolfsburg,GER,"FW,MF",22,1998,25,1627,5.0,0.0,0.0,31.0,29.0,6.0,20.0,4.0,6.0,,,0.0
Bundesliga,Max Kruse,Wolfsburg,GER,"MF,FW",33,1988,14,1128,0.0,0.0,0.0,2.0,12.0,5.0,28.0,4.0,3.0,,,0.0
Bundesliga,Maxence Lacroix,Wolfsburg,FRA,DF,21,2000,29,2491,5.0,3.0,1.0,36.0,25.0,1.0,7.0,59.0,33.0,,,1.0
Bundesliga,Maximilian Arnold,Wolfsburg,GER,MF,27,1994,34,2994,4.0,0.0,0.0,48.0,57.0,1.0,182.0,38.0,20.0,,,0.0
Bundesliga,Maximilian Philipp,Wolfsburg,GER,MF,27,1994,22,963,2.0,0.0,0.0,9.0,17.0,2.0,39.0,4.0,12.0,,,0.0
Bundesliga,Micky van de Ven,Wolfsburg,NED,DF,20,2001,5,189,0.0,0.0,0.0,0.0,1.0,0.0,3.0,3.0,4.0,,,0.0
Bundesliga,Omar Marmoush,Wolfsburg,EGY,"FW,MF",22,1999,2,24,0.0,0.0,0.0,0.0,0.0,0.0,0.0,0.0,0.0,,,0.0
Bundesliga,Paulo Otávio,Wolfsburg,BRA,"MF,DF",26,1994,7,362,0.0,0.0,0.0,3.0,4.0,1.0,25.0,4.0,10.0,,,0.0
Bundesliga,Pavao Pervan,Wolfsburg,AUT,GK,33,1987,6,540,0.0,0.0,0.0,0.0,0.0,0.0,0.0,0.0,0.0,,,0.0
Bundesliga,Renato Steffen,Wolfsburg,SUI,MF,29,1991,20,967,6.0,0.0,0.0,19.0,15.0,0.0,26.0,13.0,16.0,,,0.0
Bundesliga,Ridle Baku,Wolfsburg,GER,"MF,DF",23,1998,34,2446,4.0,0.0,0.0,28.0,37.0,10.0,72.0,24.0,39.0,,,0.0
Bundesliga,Sebastiaan Bornauw,Wolfsburg,BEL,DF,22,1999,27,2007,4.0,0.0,0.0,22.0,5.0,2.0,0.0,42.0,20.0,,,0.0
Bundesliga,Wout Weghorst,Wolfsburg,NED,FW,28,1992,18,1553,2.0,0.0,0.0,17.0,31.0,14.0,2.0,2.0,5.0,,,0.0
Bundesliga,Xaver Schlager,Wolfsburg,AUT,MF,23,1997,14,1040,2.0,0.0,0.0,23.0,10.0,1.0,6.0,9.0,22.0,,,0.0
Bundesliga,Yannick Gerhardt,Wolfsburg,GER,"MF,DF",27,1994,27,1574,2.0,0.0,0.0,18.0,24.0,2.0,33.0,24.0,20.0,,,0.0
La Liga,Antonio Sivera,Alavés,ESP,GK,24,1996,4,277,1.0,0.0,0.0,0.0,0.0,0.0,0.0,0.0,0.0,,,0.0
La Liga,Facundo Pellistri,Alavés,URU,"MF,FW",19,2001,21,672,0.0,0.0,0.0,8.0,20.0,3.0,13.0,5.0,5.0,,,0.0
La Liga,Fernando Pacheco,Alavés,ESP,GK,29,1992,34,3053,1.0,0.0,0.0,0.0,1.0,0.0,0.0,0.0,1.0,,,0.0
La Liga,Florian Lejeune,Alavés,FRA,DF,30,1991,30,2699,9.0,1.0,1.0,34.0,5.0,2.0,3.0,28.0,24.0,,,0.0
La Liga,Gonzalo Escalante,Alavés,ARG,MF,28,1993,17,1300,8.0,1.0,1.0,25.0,23.0,3.0,3.0,18.0,15.0,,,0.0
La Liga,Iván Martín,Alavés,ESP,MF,22,1999,6,166,0.0,0.0,0.0,2.0,1.0,0.0,3.0,1.0,1.0,,,0.0
La Liga,Jason,Alavés,ESP,MF,27,1994,14,678,1.0,0.0,0.0,13.0,13.0,0.0,61.0,8.0,7.0,,,0.0
La Liga,Javi López,Alavés,ESP,DF,19,2002,9,462,2.0,0.0,0.0,6.0,12.0,0.0,14.0,4.0,4.0,,,0.0
La Liga,Jesús Owono,Alavés,EQG,GK,20,2001,1,90,0.0,0.0,0.0,0.0,0.0,0.0,0.0,0.0,0.0,,,0.0
La Liga,John Guidetti,Alavés,SWE,FW,29,1992,10,279,2.0,0.0,0.0,9.0,3.0,3.0,4.0,0.0,1.0,,,0.0
La Liga,Joselu,Alavés,ESP,FW,31,1990,37,3122,0.0,0.0,0.0,43.0,57.0,11.0,31.0,7.0,11.0,,,0.0
La Liga,Luis Rioja,Alavés,ESP,"MF,FW",27,1993,37,3111,3.0,0.0,0.0,16.0,39.0,12.0,171.0,25.0,17.0,,,0.0
La Liga,Mamadou Loum,Alavés,SEN,MF,24,1996,32,2312,10.0,0.0,0.0,50.0,22.0,1.0,4.0,36.0,20.0,,,0.0
La Liga,Mamadou Sylla,Alavés,SEN,FW,27,1994,13,394,1.0,0.0,0.0,8.0,6.0,6.0,11.0,1.0,2.0,,,0.0
La Liga,Manu García,Alavés,ESP,MF,23,1998,24,1077,3.0,0.0,0.0,24.0,33.0,0.0,43.0,12.0,9.0,,,0.0
La Liga,Manu Vallejo,Alavés,ESP,"MF,FW",24,1997,11,370,0.0,0.0,0.0,4.0,3.0,0.0,13.0,0.0,1.0,,,0.0
La Liga,Marc Tenas,Alavés,ESP,MF,20,2001,3,54,2.0,0.0,0.0,3.0,1.0,0.0,2.0,0.0,1.0,,,0.0
La Liga,Martin Agirregabiria,Alavés,ESP,"DF,MF",25,1996,24,1616,4.0,0.0,0.0,24.0,22.0,1.0,44.0,24.0,22.0,,,0.0
La Liga,Matt Miazga,Alavés,USA,DF,26,1995,11,833,2.0,0.0,0.0,6.0,2.0,0.0,0.0,11.0,7.0,,,0.0
La Liga,Miguel,Alavés,ESP,"FW,MF",21,1999,22,829,2.0,0.0,0.0,19.0,20.0,5.0,6.0,1.0,3.0,,,0.0
La Liga,Mircea Ţîrlea,Alavés,ROU,DF,21,2000,1,15,0.0,0.0,0.0,0.0,0.0,0.0,2.0,0.0,0.0,,,0.0
La Liga,Nahuel Tenaglia,Alavés,ARG,DF,25,1996,14,1073,2.0,0.0,0.0,8.0,8.0,0.0,24.0,26.0,27.0,,,0.0
La Liga,Pere Pons,Alavés,ESP,MF,28,1993,27,1366,2.0,0.0,0.0,25.0,17.0,2.0,8.0,6.0,18.0,,,0.0
La Liga,Rubén Duarte,Alavés,ESP,DF,25,1995,34,2621,12.0,1.0,1.0,44.0,40.0,2.0,116.0,57.0,48.0,,,0.0
La Liga,Saúl García,Alavés,ESP,DF,26,1994,1,4,0.0,0.0,0.0,0.0,0.0,0.0,0.0,0.0,1.0,,,0.0
La Liga,Tachi,Alavés,ESP,DF,23,1997,5,239,1.0,0.0,0.0,3.0,4.0,0.0,3.0,0.0,3.0,,,0.0
La Liga,Tomás Mendes,Alavés,ESP,MF,16,2004,1,9,0.0,0.0,0.0,0.0,0.0,0.0,0.0,0.0,0.0,,,0.0
La Liga,Tomás Pina Isla,Alavés,ESP,MF,33,1987,29,1444,4.0,0.0,0.0,39.0,29.0,0.0,4.0,20.0,16.0,,,0.0
La Liga,Toni Moya,Alavés,ESP,MF,23,1998,28,1386,2.0,0.0,0.0,28.0,10.0,0.0,81.0,18.0,10.0,,,0.0
La Liga,Unai Ropero,Alavés,ESP,FW,19,2001,1,12,0.0,0.0,0.0,0.0,1.0,0.0,0.0,0.0,0.0,,,0.0
La Liga,Víctor Laguardia,Alavés,ESP,DF,31,1989,34,3042,9.0,0.0,0.0,22.0,6.0,4.0,3.0,28.0,16.0,,,0.0
La Liga,Ximo Navarro,Alavés,ESP,DF,31,1990,18,1347,4.0,1.0,0.0,16.0,25.0,2.0,29.0,21.0,19.0,,,0.0
La Liga,Édgar Méndez,Alavés,ESP,"MF,FW",31,1990,32,1614,6.0,0.0,0.0,50.0,31.0,15.0,61.0,6.0,16.0,,,0.0
La Liga,Alex Petxa,Athletic Club,ESP,DF,24,1997,17,412,4.0,0.0,0.0,11.0,12.0,0.0,13.0,4.0,8.0,,,0.0
La Liga,Ander Capa,Athletic Club,ESP,"DF,MF",29,1992,1,4,0.0,0.0,0.0,0.0,0.0,0.0,0.0,0.0,0.0,,,0.0
La Liga,Asier Villalibre,Athletic Club,ESP,FW,23,1997,19,548,0.0,0.0,0.0,10.0,13.0,3.0,4.0,1.0,3.0,,,0.0
La Liga,Dani García,Athletic Club,ESP,MF,31,1990,32,2177,9.0,0.0,0.0,44.0,22.0,1.0,4.0,25.0,21.0,,,0.0
La Liga,Daniel Vivian,Athletic Club,ESP,DF,22,1999,24,1986,2.0,0.0,0.0,19.0,20.0,1.0,3.0,25.0,23.0,,,0.0
La Liga,Iker Muniain,Athletic Club,ESP,MF,28,1992,35,2785,3.0,0.0,0.0,15.0,81.0,5.0,175.0,17.0,12.0,,,0.0
La Liga,Iñaki Williams,Athletic Club,GHA,FW,27,1994,38,2777,4.0,0.0,0.0,24.0,40.0,29.0,48.0,3.0,5.0,,,0.0
La Liga,Iñigo Lekue,Athletic Club,ESP,DF,28,1993,25,1925,3.0,0.0,0.0,19.0,9.0,0.0,66.0,23.0,24.0,,,0.0
La Liga,Iñigo Martínez,Athletic Club,ESP,DF,30,1991,27,2341,9.0,2.0,1.0,33.0,27.0,2.0,11.0,40.0,16.0,,,0.0
La Liga,Jon Morcillo,Athletic Club,ESP,MF,22,1998,7,54,2.0,0.0,0.0,2.0,1.0,0.0,7.0,0.0,0.0,,,0.0
La Liga,Julen Agirrezabala,Athletic Club,ESP,GK,20,2000,4,360,0.0,0.0,0.0,0.0,0.0,0.0,0.0,0.0,0.0,,,0.0
La Liga,Mikel Balenziaga,Athletic Club,ESP,DF,33,1988,26,2027,2.0,0.0,0.0,21.0,12.0,1.0,50.0,20.0,25.0,,,0.0
La Liga,Mikel Vesga,Athletic Club,ESP,MF,28,1993,32,1358,7.0,2.0,2.0,34.0,18.0,0.0,12.0,19.0,16.0,,,0.0
La Liga,Nico Williams,Athletic Club,ESP,MF,19,2002,34,1337,4.0,0.0,0.0,24.0,23.0,10.0,60.0,6.0,10.0,,,0.0
La Liga,Nicolás Serrano,Athletic Club,ESP,MF,18,2003,14,317,0.0,0.0,0.0,8.0,6.0,1.0,22.0,2.0,5.0,,,0.0
La Liga,Oier Zarraga,Athletic Club,ESP,MF,22,1999,31,1166,5.0,0.0,0.0,16.0,12.0,1.0,19.0,18.0,4.0,,,0.0
La Liga,Oihan Sancet,Athletic Club,ESP,FW,21,2000,27,1422,2.0,0.0,0.0,20.0,27.0,5.0,10.0,5.0,6.0,,,0.0
La Liga,Peru Nolaskoain,Athletic Club,ESP,"DF,MF",22,1998,1,1,0.0,0.0,0.0,1.0,0.0,0.0,0.0,0.0,0.0,,,0.0
La Liga,Raúl García,Athletic Club,ESP,FW,35,1986,35,1802,3.0,0.0,0.0,49.0,32.0,11.0,21.0,9.0,14.0,,,0.0
La Liga,Unai Núñez,Athletic Club,ESP,DF,24,1997,9,622,2.0,0.0,0.0,10.0,7.0,0.0,1.0,9.0,5.0,,,0.0
La Liga,Unai Simón,Athletic Club,ESP,GK,24,1997,34,3060,3.0,0.0,0.0,0.0,1.0,0.0,0.0,1.0,0.0,,,1.0
La Liga,Unai Vencedor Paris,Athletic Club,ESP,MF,20,2000,34,2383,4.0,0.0,0.0,28.0,35.0,0.0,47.0,18.0,12.0,,,0.0
La Liga,Yeray Álvarez,Athletic Club,ESP,DF,26,1995,22,1860,6.0,0.0,0.0,23.0,13.0,1.0,3.0,44.0,15.0,,,0.0
La Liga,Yuri Berchiche,Athletic Club,ESP,DF,31,1990,14,1015,3.0,0.0,0.0,7.0,19.0,0.0,34.0,13.0,11.0,,,0.0
La Liga,Álex Berenguer,Athletic Club,ESP,MF,26,1995,34,2168,8.0,0.0,0.0,44.0,46.0,14.0,145.0,14.0,25.0,,,0.0
La Liga,Óscar de Marcos,Athletic Club,ESP,DF,32,1989,22,1679,5.0,0.0,0.0,25.0,8.0,3.0,49.0,19.0,36.0,,,0.0
La Liga,Antoine Griezmann,Atlético Madrid,FRA,"FW,MF",30,1991,26,1695,3.0,0.0,0.0,18.0,27.0,10.0,35.0,7.0,15.0,,,0.0
La Liga,Carlos Martín,Atlético Madrid,ESP,"FW,MF",19,2002,1,6,1.0,0.0,0.0,1.0,0.0,0.0,0.0,0.0,0.0,,,0.0
La Liga,Daniel Wass,Atlético Madrid,DEN,"DF,MF",32,1989,1,45,1.0,0.0,0.0,1.0,1.0,1.0,2.0,0.0,0.0,,,0.0
La Liga,Felipe,Atlético Madrid,BRA,DF,32,1989,26,1504,5.0,1.0,0.0,22.0,14.0,2.0,0.0,28.0,15.0,,,0.0
La Liga,Geoffrey Kondogbia,Atlético Madrid,CTA,"MF,DF",28,1993,28,1882,13.0,2.0,2.0,41.0,37.0,0.0,1.0,46.0,46.0,,,0.0
La Liga,Giuliano Simeone,Atlético Madrid,ARG,"FW,MF",18,2002,1,1,0.0,0.0,0.0,0.0,2.0,0.0,0.0,0.0,0.0,,,0.0
La Liga,Héctor Herrera,Atlético Madrid,MEX,MF,31,1990,21,859,4.0,0.0,0.0,19.0,8.0,1.0,10.0,13.0,7.0,,,0.0
La Liga,Jan Oblak,Atlético Madrid,SVN,GK,28,1993,38,3420,2.0,0.0,0.0,0.0,7.0,0.0,0.0,1.0,0.0,,,0.0
La Liga,Javier Serrano,Atlético Madrid,ESP,MF,18,2003,5,68,1.0,1.0,0.0,4.0,1.0,0.0,0.0,3.0,1.0,,,0.0
La Liga,José María Giménez,Atlético Madrid,URU,DF,26,1995,24,2042,7.0,0.0,0.0,11.0,21.0,2.0,1.0,24.0,12.0,,,0.0
La Liga,João Félix,Atlético Madrid,POR,FW,21,1999,24,1263,3.0,1.0,1.0,15.0,57.0,9.0,18.0,7.0,2.0,,,0.0
La Liga,Kieran Trippier,Atlético Madrid,ENG,"MF,DF",30,1990,15,976,1.0,0.0,0.0,14.0,6.0,4.0,32.0,11.0,12.0,,,0.0
La Liga,Koke,Atlético Madrid,ESP,MF,29,1992,31,2508,6.0,0.0,0.0,29.0,27.0,0.0,34.0,22.0,29.0,,,0.0
La Liga,Luis Suárez,Atlético Madrid,URU,FW,34,1987,35,1835,7.0,0.0,0.0,20.0,26.0,12.0,6.0,1.0,5.0,,,0.0
La Liga,Marcos Llorente,Atlético Madrid,ESP,"MF,DF",26,1995,29,2447,5.0,0.0,0.0,29.0,16.0,7.0,71.0,28.0,24.0,,,0.0
La Liga,Mario Hermoso,Atlético Madrid,ESP,DF,26,1995,26,1865,6.0,1.0,0.0,26.0,11.0,1.0,26.0,29.0,16.0,,,1.0
La Liga,Matheus Cunha,Atlético Madrid,BRA,FW,22,1999,29,1063,3.0,0.0,0.0,22.0,26.0,1.0,7.0,5.0,12.0,,,0.0
La Liga,Reinildo Mandava,Atlético Madrid,MOZ,DF,27,1994,17,1298,5.0,0.0,0.0,26.0,20.0,0.0,16.0,24.0,25.0,,,0.0
La Liga,Renan Lodi,Atlético Madrid,BRA,"DF,MF",23,1998,29,1181,4.0,0.0,0.0,21.0,21.0,3.0,48.0,13.0,19.0,,,0.0
La Liga,Rodrigo De Paul,Atlético Madrid,ARG,MF,27,1994,36,2151,7.0,0.0,0.0,44.0,59.0,1.0,93.0,23.0,30.0,,,0.0
La Liga,Saúl Ñíguez,Atlético Madrid,ESP,MF,26,1994,3,201,0.0,0.0,0.0,2.0,2.0,1.0,5.0,0.0,2.0,,,0.0
La Liga,Stefan Savić,Atlético Madrid,MNE,DF,30,1991,28,2440,12.0,0.0,0.0,30.0,22.0,3.0,2.0,36.0,21.0,,,1.0
La Liga,Thomas Lemar,Atlético Madrid,FRA,MF,25,1995,24,1440,2.0,0.0,0.0,11.0,21.0,2.0,90.0,8.0,14.0,,,0.0
La Liga,Yannick Carrasco,Atlético Madrid,BEL,"MF,FW",27,1993,34,2583,5.0,0.0,0.0,30.0,39.0,13.0,133.0,18.0,20.0,,,0.0
La Liga,Ángel Correa,Atlético Madrid,ARG,"FW,MF",26,1995,36,1856,3.0,1.0,0.0,24.0,27.0,10.0,35.0,11.0,8.0,,,0.0
La Liga,Šime Vrsaljko,Atlético Madrid,CRO,"DF,MF",29,1992,21,914,4.0,0.0,0.0,13.0,5.0,2.0,45.0,12.0,19.0,,,0.0
La Liga,Abde Ezzalzouli,Barcelona,MAR,FW,19,2001,10,580,4.0,0.0,0.0,17.0,15.0,2.0,15.0,9.0,9.0,,,0.0
La Liga,Adama Traoré,Barcelona,ESP,FW,25,1996,11,382,0.0,0.0,0.0,7.0,7.0,2.0,36.0,3.0,2.0,,,0.0
La Liga,Alejandro Balde,Barcelona,ESP,DF,17,2003,5,188,0.0,0.0,0.0,4.0,4.0,0.0,6.0,1.0,1.0,,,0.0
La Liga,Alvaro Sanz,Barcelona,ESP,MF,20,2001,2,29,0.0,0.0,0.0,0.0,1.0,0.0,0.0,0.0,0.0,,,0.0
La Liga,Ansu Fati,Barcelona,ESP,FW,18,2002,10,336,0.0,0.0,0.0,9.0,12.0,3.0,3.0,0.0,2.0,,,0.0
La Liga,Antoine Griezmann,Barcelona,FRA,FW,30,1991,3,263,0.0,0.0,0.0,2.0,4.0,0.0,0.0,3.0,4.0,,,0.0
La Liga,Clément Lenglet,Barcelona,FRA,DF,26,1995,21,826,4.0,0.0,0.0,19.0,4.0,0.0,1.0,15.0,12.0,,,0.0
La Liga,Dani Alves,Barcelona,BRA,DF,38,1983,14,1098,2.0,1.0,0.0,27.0,6.0,0.0,75.0,11.0,19.0,,,0.0
La Liga,Emerson,Barcelona,BRA,DF,22,1999,3,91,0.0,0.0,0.0,3.0,3.0,0.0,2.0,2.0,2.0,,,0.0
La Liga,Eric García,Barcelona,ESP,DF,20,2001,26,2039,5.0,1.0,0.0,35.0,5.0,2.0,2.0,41.0,17.0,,,0.0
La Liga,Estanis,Barcelona,ESP,FW,17,2003,1,11,0.0,0.0,0.0,1.0,0.0,0.0,0.0,0.0,1.0,,,0.0
La Liga,Ferran Jutglà,Barcelona,ESP,FW,22,1999,6,301,1.0,0.0,0.0,4.0,6.0,1.0,6.0,1.0,1.0,,,0.0
La Liga,Ferran Torres,Barcelona,ESP,FW,21,2000,18,1412,1.0,0.0,0.0,10.0,20.0,16.0,6.0,4.0,5.0,,,0.0
La Liga,Frenkie de Jong,Barcelona,NED,MF,24,1997,32,2476,7.0,1.0,1.0,24.0,35.0,6.0,31.0,20.0,20.0,,,0.0
La Liga,Gavi,Barcelona,ESP,"MF,FW",16,2004,34,2316,11.0,1.0,1.0,63.0,69.0,12.0,49.0,29.0,19.0,,,0.0
La Liga,Gerard Piqué,Barcelona,ESP,DF,34,1987,27,2092,10.0,1.0,1.0,30.0,15.0,1.0,0.0,35.0,11.0,,,0.0
La Liga,Ilias Akhomach,Barcelona,MAR,FW,17,2004,2,124,0.0,0.0,0.0,3.0,4.0,0.0,6.0,0.0,1.0,,,0.0
La Liga,Jordi Alba,Barcelona,ESP,DF,32,1989,30,2644,11.0,0.0,0.0,26.0,19.0,11.0,121.0,33.0,35.0,,,0.0
La Liga,Luuk de Jong,Barcelona,NED,"FW,MF",30,1990,21,654,1.0,0.0,0.0,8.0,12.0,6.0,1.0,0.0,7.0,,,0.0
La Liga,Marc-André ter Stegen,Barcelona,GER,GK,29,1992,35,3150,3.0,0.0,0.0,0.0,6.0,0.0,0.0,2.0,0.0,,,0.0
La Liga,Martin Braithwaite,Barcelona,DEN,FW,30,1991,4,235,0.0,0.0,0.0,5.0,2.0,2.0,2.0,1.0,1.0,,,0.0
La Liga,Memphis,Barcelona,NED,FW,27,1994,28,1851,3.0,0.0,0.0,24.0,44.0,13.0,125.0,2.0,5.0,,,0.0
La Liga,Mika Mármol,Barcelona,ESP,DF,20,2001,1,1,0.0,0.0,0.0,0.0,0.0,0.0,0.0,0.0,0.0,,,0.0
La Liga,Neto,Barcelona,BRA,GK,32,1989,3,270,0.0,0.0,0.0,0.0,0.0,0.0,0.0,0.0,0.0,,,0.0
La Liga,Nicolás González,Barcelona,ESP,MF,19,2002,27,1114,6.0,0.0,0.0,38.0,19.0,1.0,7.0,6.0,21.0,,,0.0
La Liga,Ousmane Dembélé,Barcelona,FRA,"FW,MF",24,1997,21,1409,3.0,0.0,0.0,11.0,17.0,4.0,146.0,5.0,16.0,,,0.0
La Liga,Pedri,Barcelona,ESP,MF,18,2002,12,885,0.0,0.0,0.0,1.0,17.0,0.0,17.0,5.0,13.0,,,0.0
La Liga,Philippe Coutinho,Barcelona,BRA,"FW,MF",29,1992,12,503,1.0,0.0,0.0,7.0,13.0,2.0,19.0,4.0,3.0,,,0.0
La Liga,Pierre-Emerick Aubameyang,Barcelona,GAB,FW,32,1989,17,1082,0.0,0.0,0.0,7.0,7.0,7.0,6.0,2.0,2.0,,,0.0
La Liga,Riqui Puig,Barcelona,ESP,MF,21,1999,15,487,0.0,0.0,0.0,8.0,10.0,0.0,1.0,3.0,3.0,,,0.0
La Liga,Ronald Araújo,Barcelona,URU,DF,22,1999,30,2272,6.0,0.0,0.0,25.0,12.0,1.0,7.0,23.0,23.0,,,0.0
La Liga,Samuel Umtiti,Barcelona,FRA,DF,27,1993,1,90,1.0,0.0,0.0,0.0,1.0,1.0,0.0,0.0,2.0,,,0.0
La Liga,Sergi Roberto,Barcelona,ESP,"MF,DF",29,1992,9,400,1.0,0.0,0.0,1.0,4.0,1.0,10.0,3.0,2.0,,,0.0
La Liga,Sergio Agüero,Barcelona,ARG,FW,33,1988,4,151,0.0,0.0,0.0,1.0,2.0,1.0,3.0,0.0,1.0,,,0.0
La Liga,Sergio Busquets,Barcelona,ESP,MF,33,1988,36,3198,12.0,0.0,0.0,52.0,67.0,2.0,3.0,42.0,51.0,,,0.0
La Liga,Sergiño Dest,Barcelona,USA,"DF,FW",20,2000,21,1512,2.0,0.0,0.0,17.0,19.0,1.0,59.0,2.0,15.0,,,0.0
La Liga,Yusuf Demir,Barcelona,AUT,FW,18,2003,6,192,0.0,0.0,0.0,0.0,4.0,0.0,2.0,2.0,1.0,,,0.0
La Liga,Óscar Mingueza,Barcelona,ESP,DF,22,1999,19,894,2.0,0.0,0.0,11.0,4.0,1.0,32.0,8.0,11.0,,,0.0
La Liga,Augusto Solari,Celta Vigo,ARG,MF,29,1992,26,714,5.0,0.0,0.0,22.0,11.0,1.0,47.0,6.0,12.0,,,0.0
La Liga,Brais Méndez,Celta Vigo,ESP,MF,24,1997,37,3021,8.0,0.0,0.0,74.0,54.0,9.0,41.0,37.0,35.0,,,0.0
La Liga,Carlos Dominguez,Celta Vigo,ESP,DF,20,2001,8,344,1.0,0.0,0.0,3.0,4.0,0.0,0.0,5.0,2.0,,,0.0
La Liga,Denis Suárez,Celta Vigo,ESP,MF,27,1994,38,2819,4.0,0.0,0.0,47.0,39.0,1.0,131.0,16.0,28.0,,,0.0
La Liga,Fran Beltrán,Celta Vigo,ESP,MF,22,1999,37,2597,4.0,0.0,0.0,18.0,25.0,0.0,17.0,33.0,42.0,,,0.0
La Liga,Franco Cervi,Celta Vigo,ARG,MF,27,1994,33,1801,5.0,0.0,0.0,22.0,40.0,2.0,79.0,20.0,43.0,,,0.0
La Liga,Gabriel Veiga,Celta Vigo,ESP,MF,19,2002,7,108,0.0,0.0,0.0,1.0,3.0,0.0,3.0,4.0,4.0,,,0.0
La Liga,Hugo Mallo,Celta Vigo,ESP,DF,30,1991,21,1826,5.0,2.0,1.0,39.0,4.0,6.0,73.0,24.0,25.0,,,0.0
La Liga,Hugo Sotelo,Celta Vigo,ESP,MF,17,2003,1,2,0.0,0.0,0.0,0.0,0.0,0.0,0.0,0.0,0.0,,,0.0
La Liga,Hugo Álvarez,Celta Vigo,ESP,"DF,MF",18,2003,1,11,0.0,0.0,0.0,0.0,0.0,0.0,0.0,0.0,0.0,,,0.0
La Liga,Iago Aspas,Celta Vigo,ESP,FW,33,1987,37,3087,9.0,0.0,0.0,22.0,50.0,20.0,109.0,9.0,7.0,,,0.0
La Liga,Javi Galán,Celta Vigo,ESP,DF,26,1994,37,3298,8.0,0.0,0.0,54.0,75.0,11.0,174.0,46.0,68.0,,,0.0
La Liga,Jeison Murillo,Celta Vigo,COL,DF,29,1992,19,1117,5.0,1.0,0.0,13.0,13.0,0.0,1.0,17.0,10.0,,,0.0
La Liga,Joseph Aidoo,Celta Vigo,GHA,DF,25,1995,32,2637,1.0,0.0,0.0,10.0,18.0,1.0,3.0,38.0,26.0,,,1.0
La Liga,José Fontán,Celta Vigo,ESP,DF,21,2000,9,276,3.0,0.0,0.0,10.0,0.0,0.0,5.0,9.0,3.0,,,0.0
La Liga,Kevin Vázquez,Celta Vigo,ESP,DF,28,1993,17,1334,3.0,0.0,0.0,18.0,19.0,0.0,43.0,39.0,25.0,,,0.0
La Liga,Matías Dituro,Celta Vigo,ARG,GK,34,1987,38,3420,1.0,0.0,0.0,1.0,2.0,0.0,0.0,0.0,0.0,,,0.0
La Liga,Miguel Baeza,Celta Vigo,ESP,MF,21,2000,1,2,0.0,0.0,0.0,0.0,0.0,0.0,1.0,0.0,0.0,,,0.0
La Liga,Nolito,Celta Vigo,ESP,MF,34,1986,32,1384,2.0,0.0,0.0,21.0,11.0,6.0,18.0,8.0,15.0,,,0.0
La Liga,Néstor Araujo,Celta Vigo,MEX,DF,29,1991,34,2617,4.0,0.0,0.0,19.0,10.0,0.0,3.0,28.0,13.0,,,1.0
La Liga,Okay Yokuşlu,Celta Vigo,TUR,DF,27,1994,8,140,0.0,0.0,0.0,2.0,2.0,0.0,0.0,2.0,1.0,,,0.0
La Liga,Orbelín Pineda,Celta Vigo,MEX,"FW,MF",25,1996,7,99,0.0,0.0,0.0,2.0,4.0,0.0,0.0,0.0,1.0,,,0.0
La Liga,Renato Tapia,Celta Vigo,PER,MF,26,1995,29,1412,10.0,0.0,0.0,35.0,26.0,0.0,3.0,30.0,33.0,,,0.0
La Liga,Santi Mina,Celta Vigo,ESP,FW,25,1995,33,2367,4.0,0.0,0.0,53.0,39.0,10.0,12.0,6.0,17.0,,,0.0
La Liga,Thiago Galhardo,Celta Vigo,BRA,FW,32,1989,31,1148,5.0,0.0,0.0,21.0,13.0,16.0,9.0,6.0,6.0,,,0.0
La Liga,Alberto Perea,Cádiz,ESP,MF,30,1990,18,777,2.0,0.0,0.0,7.0,20.0,0.0,48.0,10.0,10.0,,,0.0
La Liga,Alfonso Espino,Cádiz,URU,DF,29,1992,37,3329,6.0,0.0,0.0,50.0,43.0,6.0,150.0,59.0,69.0,,,0.0
La Liga,Anthony Lozano,Cádiz,HON,"FW,MF",28,1993,31,1672,8.0,0.0,0.0,43.0,38.0,9.0,26.0,2.0,4.0,,,0.0
La Liga,Cala,Cádiz,ESP,DF,31,1989,14,947,8.0,1.0,1.0,11.0,7.0,1.0,0.0,11.0,5.0,,,0.0
La Liga,Carlos Akapo,Cádiz,EQG,DF,28,1993,25,1844,4.0,0.0,0.0,23.0,25.0,2.0,46.0,54.0,30.0,,,0.0
La Liga,Chapela,Cádiz,ESP,MF,22,1999,9,398,0.0,0.0,0.0,4.0,9.0,1.0,12.0,4.0,2.0,,,0.0
La Liga,Fali,Cádiz,ESP,"DF,MF",27,1993,28,1803,6.0,0.0,0.0,19.0,11.0,0.0,11.0,24.0,19.0,,,0.0
La Liga,Fede San Emeterio,Cádiz,ESP,MF,24,1997,12,830,3.0,0.0,0.0,26.0,10.0,0.0,0.0,10.0,5.0,,,0.0
La Liga,Florin Andone,Cádiz,ROU,FW,28,1993,5,176,1.0,0.0,0.0,3.0,2.0,3.0,0.0,0.0,1.0,,,0.0
La Liga,Isaac Carcelen,Cádiz,ESP,"DF,MF",28,1993,25,1544,2.0,0.0,0.0,23.0,25.0,1.0,49.0,32.0,31.0,,,0.0
La Liga,Iván Alejo,Cádiz,ESP,MF,26,1995,20,1065,7.0,0.0,0.0,36.0,33.0,5.0,97.0,7.0,15.0,,,0.0
La Liga,Jens Jønsson,Cádiz,DEN,MF,28,1993,22,1303,3.0,0.0,0.0,16.0,8.0,1.0,5.0,34.0,28.0,,,0.0
La Liga,Jeremías Ledesma,Cádiz,ARG,GK,28,1993,38,3420,4.0,0.0,0.0,2.0,5.0,0.0,0.0,1.0,2.0,,,0.0
La Liga,José Mari,Cádiz,ESP,MF,33,1987,11,386,3.0,1.0,1.0,8.0,7.0,0.0,1.0,7.0,7.0,,,0.0
La Liga,Lucas Pérez,Cádiz,ESP,FW,32,1988,15,1060,1.0,0.0,0.0,4.0,9.0,10.0,67.0,0.0,3.0,,,0.0
La Liga,Luis Hernández,Cádiz,ESP,DF,32,1989,16,1366,5.0,0.0,0.0,9.0,7.0,1.0,9.0,16.0,6.0,,,0.0
La Liga,Marcos Mauro,Cádiz,ARG,DF,30,1991,3,136,1.0,0.0,0.0,1.0,1.0,0.0,0.0,1.0,0.0,,,0.0
La Liga,Martín,Cádiz,ESP,MF,22,1999,6,115,1.0,0.0,0.0,4.0,1.0,0.0,3.0,1.0,2.0,,,0.0
La Liga,Milutin Osmajić,Cádiz,MNE,FW,22,1999,10,257,0.0,0.0,0.0,3.0,7.0,5.0,2.0,1.0,1.0,,,0.0
La Liga,Oussama Idrissi,Cádiz,MAR,MF,25,1996,12,902,2.0,0.0,0.0,10.0,3.0,2.0,45.0,3.0,6.0,,,0.0
La Liga,Pedro Benito,Cádiz,ESP,FW,21,2000,1,31,0.0,0.0,0.0,3.0,0.0,0.0,1.0,0.0,0.0,,,0.0
La Liga,Raúl Parra,Cádiz,ESP,DF,21,1999,2,88,0.0,0.0,0.0,0.0,1.0,0.0,0.0,0.0,1.0,,,0.0
La Liga,Rubén Alcaraz,Cádiz,ESP,MF,30,1991,14,1105,7.0,0.0,0.0,31.0,35.0,1.0,23.0,12.0,20.0,,,0.0
La Liga,Rubén Sobrino,Cádiz,ESP,"FW,MF",29,1992,33,1861,4.0,0.0,0.0,46.0,33.0,4.0,14.0,21.0,17.0,,,0.0
La Liga,Salvi,Cádiz,ESP,MF,30,1991,23,1395,3.0,1.0,1.0,9.0,16.0,1.0,65.0,6.0,10.0,,,0.0
La Liga,Santiago Arzamendia,Cádiz,PAR,MF,23,1998,14,469,2.0,0.0,0.0,6.0,4.0,1.0,18.0,4.0,7.0,,,0.0
La Liga,Tomás Alarcón,Cádiz,CHI,MF,22,1999,23,1425,5.0,0.0,0.0,19.0,9.0,1.0,64.0,31.0,18.0,,,0.0
La Liga,Varazdat Haroyan,Cádiz,ARM,DF,28,1992,17,1437,9.0,0.0,0.0,22.0,6.0,1.0,1.0,14.0,24.0,,,0.0
La Liga,Víctor Chust,Cádiz,ESP,DF,21,2000,25,1830,2.0,0.0,0.0,14.0,8.0,0.0,2.0,16.0,11.0,,,0.0
La Liga,Álex Fernández,Cádiz,ESP,MF,28,1992,32,2051,2.0,0.0,0.0,15.0,23.0,2.0,68.0,29.0,31.0,,,0.0
La Liga,Álvaro Bastida,Cádiz,ESP,MF,17,2004,6,197,1.0,0.0,0.0,1.0,0.0,0.0,0.0,3.0,4.0,,,0.0
La Liga,Álvaro Jiménez,Cádiz,ESP,MF,26,1995,9,234,0.0,0.0,0.0,4.0,7.0,0.0,23.0,4.0,3.0,,,0.0
La Liga,Álvaro Negredo,Cádiz,ESP,FW,35,1985,34,2157,3.0,0.0,0.0,16.0,34.0,11.0,16.0,2.0,3.0,,,0.0
La Liga,Antonio Barragán,Elche,ESP,DF,34,1987,16,1020,5.0,0.0,0.0,19.0,17.0,0.0,33.0,18.0,14.0,,,0.0
La Liga,Darío Benedetto,Elche,ARG,FW,31,1990,14,590,1.0,0.0,0.0,3.0,6.0,3.0,6.0,1.0,1.0,,,0.0
La Liga,Diego González,Elche,ESP,DF,26,1995,28,1793,3.0,1.0,0.0,24.0,3.0,0.0,0.0,17.0,16.0,,,0.0
La Liga,Enzo Roco,Elche,CHI,DF,28,1992,30,2552,10.0,0.0,0.0,37.0,7.0,1.0,1.0,28.0,20.0,,,0.0
La Liga,Ezequiel Ponce,Elche,ARG,FW,24,1997,13,667,1.0,1.0,0.0,14.0,11.0,6.0,6.0,1.0,4.0,,,0.0
La Liga,Fidel,Elche,ESP,MF,31,1989,33,2261,9.0,0.0,0.0,27.0,28.0,7.0,118.0,7.0,23.0,,,0.0
La Liga,Gerard Gumbau,Elche,ESP,MF,26,1994,31,1890,8.0,1.0,0.0,50.0,22.0,0.0,93.0,21.0,20.0,,,0.0
La Liga,Gonzalo Verdú,Elche,ESP,DF,32,1988,19,1397,11.0,0.0,0.0,24.0,14.0,0.0,0.0,14.0,9.0,,,0.0
La Liga,Guido Carrillo,Elche,ARG,FW,30,1991,29,1168,3.0,0.0,0.0,33.0,25.0,6.0,2.0,1.0,4.0,,,0.0
La Liga,Helibelton Palacios,Elche,COL,DF,28,1993,26,1931,6.0,0.0,0.0,28.0,30.0,0.0,37.0,18.0,40.0,,,0.0
La Liga,Iván Marcone,Elche,ARG,MF,31,1990,20,809,5.0,0.0,0.0,11.0,4.0,0.0,1.0,11.0,13.0,,,0.0
La Liga,Javier Pastore,Elche,ARG,MF,32,1989,13,525,2.0,1.0,0.0,7.0,5.0,1.0,8.0,4.0,3.0,,,0.0
La Liga,Johan Mojica,Elche,COL,"DF,MF",28,1992,33,2855,4.0,1.0,0.0,32.0,50.0,4.0,158.0,25.0,28.0,,,0.0
La Liga,John Donald,Elche,ESP,DF,20,2000,2,180,0.0,0.0,0.0,2.0,0.0,0.0,0.0,3.0,5.0,,,0.0
La Liga,Josan,Elche,ESP,"MF,DF",31,1989,31,1211,2.0,0.0,0.0,14.0,30.0,4.0,75.0,11.0,22.0,,,0.0
La Liga,Josema,Elche,ESP,DF,25,1996,6,183,0.0,0.0,0.0,3.0,4.0,0.0,3.0,0.0,2.0,,,0.0
La Liga,Kike Pérez,Elche,ESP,"MF,FW",24,1997,12,519,1.0,0.0,0.0,17.0,6.0,1.0,7.0,3.0,6.0,,,0.0
La Liga,Kiko Casilla,Elche,ESP,GK,34,1986,14,1260,3.0,0.0,0.0,0.0,1.0,0.0,0.0,1.0,0.0,,,0.0
La Liga,Lucas Boyé,Elche,ARG,FW,25,1996,24,1713,3.0,0.0,0.0,39.0,41.0,13.0,7.0,2.0,12.0,,,0.0
La Liga,Lucas Olaza,Elche,URU,"DF,MF",27,1994,5,295,1.0,0.0,0.0,3.0,4.0,0.0,15.0,4.0,3.0,,,0.0
La Liga,Lucas Pérez,Elche,ESP,FW,32,1988,18,1266,0.0,0.0,0.0,5.0,15.0,10.0,45.0,4.0,1.0,,,0.0
La Liga,Omar Mascarell,Elche,EQG,MF,28,1993,32,2493,6.0,0.0,0.0,37.0,22.0,0.0,5.0,51.0,26.0,,,0.0
La Liga,Pablo Piatti,Elche,ARG,MF,32,1989,10,312,0.0,0.0,0.0,8.0,8.0,1.0,4.0,2.0,5.0,,,0.0
La Liga,Pedro Bigas,Elche,ESP,DF,30,1990,19,1551,6.0,0.0,0.0,16.0,11.0,0.0,2.0,17.0,11.0,,,0.0
La Liga,Pere Milla,Elche,ESP,"FW,MF",28,1992,32,1644,4.0,0.0,0.0,17.0,50.0,9.0,13.0,5.0,15.0,,,0.0
La Liga,Raúl Guti,Elche,ESP,MF,24,1996,31,1627,4.0,1.0,1.0,16.0,34.0,0.0,9.0,21.0,15.0,,,0.0
La Liga,Tete Morente,Elche,ESP,MF,24,1996,32,1632,4.0,0.0,0.0,32.0,22.0,8.0,73.0,12.0,14.0,,,0.0
La Liga,Édgar Badía,Elche,ESP,GK,29,1992,24,2160,2.0,0.0,0.0,0.0,1.0,0.0,0.0,0.0,0.0,,,0.0
La Liga,Adri Embarba,Espanyol,ESP,"MF,FW",29,1992,32,1986,4.0,0.0,0.0,30.0,43.0,6.0,191.0,20.0,29.0,,,0.0
La Liga,Adrià Pedrosa,Espanyol,ESP,DF,23,1998,31,2720,8.0,0.0,0.0,19.0,45.0,0.0,114.0,24.0,29.0,,,0.0
La Liga,Aleix Vidal,Espanyol,ESP,"DF,MF",31,1989,31,1901,10.0,0.0,0.0,24.0,30.0,1.0,53.0,26.0,25.0,,,0.0
La Liga,Daniel Villahermosa,Espanyol,ESP,MF,20,2001,1,23,0.0,0.0,0.0,0.0,1.0,0.0,0.0,0.0,0.0,,,0.0
La Liga,David López,Espanyol,ESP,"MF,DF",31,1989,18,743,1.0,0.0,0.0,9.0,6.0,0.0,0.0,9.0,15.0,,,0.0
La Liga,Diego López,Espanyol,ESP,GK,39,1981,36,3177,4.0,0.0,0.0,0.0,6.0,0.0,0.0,1.0,0.0,,,0.0
La Liga,Dídac Vilà,Espanyol,ESP,DF,32,1989,9,203,3.0,0.0,0.0,7.0,1.0,0.0,2.0,3.0,5.0,,,0.0
La Liga,Fernando Calero,Espanyol,ESP,DF,25,1995,16,1090,3.0,0.0,0.0,10.0,6.0,0.0,0.0,14.0,9.0,,,0.0
La Liga,Fran Mérida,Espanyol,ESP,MF,31,1990,10,266,2.0,1.0,0.0,6.0,6.0,0.0,8.0,6.0,3.0,,,0.0
La Liga,Gori,Espanyol,ESP,MF,19,2002,1,9,1.0,0.0,0.0,1.0,0.0,0.0,0.0,0.0,0.0,,,0.0
La Liga,Javi Puado,Espanyol,ESP,"MF,FW",23,1998,30,2245,5.0,0.0,0.0,23.0,25.0,6.0,18.0,12.0,15.0,,,0.0
La Liga,Joan García,Espanyol,ESP,GK,20,2001,2,108,0.0,0.0,0.0,0.0,0.0,0.0,0.0,1.0,0.0,,,0.0
La Liga,Jofre,Espanyol,ESP,MF,20,2001,3,20,0.0,0.0,0.0,0.0,4.0,0.0,3.0,0.0,1.0,,,0.0
La Liga,Keidi Bare,Espanyol,ALB,MF,23,1997,25,1481,9.0,0.0,0.0,25.0,29.0,0.0,7.0,16.0,18.0,,,0.0
La Liga,Landry Dimata,Espanyol,BEL,FW,23,1997,17,541,0.0,0.0,0.0,13.0,20.0,3.0,0.0,2.0,2.0,,,0.0
La Liga,Leandro Cabrera,Espanyol,URU,DF,30,1991,37,3330,7.0,0.0,0.0,32.0,22.0,2.0,13.0,47.0,25.0,,,1.0
La Liga,Lluís Recasens,Espanyol,ESP,DF,19,2002,1,45,0.0,0.0,0.0,0.0,0.0,0.0,0.0,2.0,0.0,,,0.0
La Liga,Loren Morón,Espanyol,ESP,"FW,MF",27,1993,21,563,0.0,0.0,0.0,10.0,15.0,7.0,5.0,2.0,4.0,,,0.0
La Liga,Luca Koleosho,Espanyol,ITA,MF,16,2004,1,1,0.0,0.0,0.0,2.0,0.0,0.0,0.0,0.0,0.0,,,0.0
La Liga,Manu Morlanes,Espanyol,ESP,MF,22,1999,27,1144,6.0,1.0,0.0,13.0,11.0,0.0,6.0,13.0,15.0,,,0.0
La Liga,Miguel Juan Llambrich,Espanyol,ESP,DF,25,1996,2,70,0.0,0.0,0.0,0.0,1.0,0.0,1.0,0.0,2.0,,,0.0
La Liga,Nico Ribaudo,Espanyol,ESP,"MF,FW",20,2001,31,1116,5.0,1.0,1.0,26.0,36.0,3.0,16.0,8.0,7.0,,,0.0
La Liga,Oier Olazábal,Espanyol,ESP,GK,31,1989,2,135,0.0,0.0,0.0,0.0,0.0,0.0,0.0,0.0,0.0,,,0.0
La Liga,Raúl de Tomás,Espanyol,ESP,FW,26,1994,34,2914,7.0,2.0,1.0,35.0,55.0,31.0,22.0,6.0,11.0,,,0.0
La Liga,Rubén,Espanyol,ESP,DF,20,2001,4,150,0.0,0.0,0.0,4.0,1.0,0.0,9.0,2.0,1.0,,,0.0
La Liga,Sergi Darder,Espanyol,ESP,MF,27,1993,36,3125,4.0,0.0,0.0,28.0,38.0,0.0,69.0,24.0,25.0,,,0.0
La Liga,Sergi Gómez,Espanyol,ESP,DF,29,1992,31,2720,1.0,1.0,0.0,11.0,4.0,0.0,2.0,39.0,23.0,,,0.0
La Liga,Tonny Vilhena,Espanyol,NED,"MF,FW",26,1995,17,928,4.0,0.0,0.0,16.0,10.0,2.0,31.0,8.0,6.0,,,0.0
La Liga,Victor Gomez,Espanyol,ESP,"DF,MF",21,2000,1,4,0.0,0.0,0.0,0.0,0.0,0.0,0.0,0.0,0.0,,,0.0
La Liga,Wu Lei,Espanyol,CHN,"MF,FW",29,1991,23,474,0.0,0.0,0.0,5.0,5.0,5.0,4.0,4.0,2.0,,,0.0
La Liga,Yangel Herrera,Espanyol,VEN,MF,23,1998,23,1645,7.0,1.0,1.0,44.0,34.0,1.0,9.0,17.0,31.0,,,0.0
La Liga,Álvaro Vadillo,Espanyol,ESP,"FW,MF",26,1994,3,7,1.0,0.0,0.0,1.0,1.0,0.0,1.0,0.0,2.0,,,0.0
La Liga,Óscar Gil,Espanyol,ESP,DF,24,1997,22,1688,7.0,0.0,0.0,36.0,24.0,2.0,37.0,20.0,35.0,,,0.0
La Liga,Óscar Melendo,Espanyol,ESP,MF,23,1997,21,990,0.0,0.0,0.0,9.0,37.0,0.0,3.0,1.0,4.0,,,0.0
La Liga,Allan Nyom,Getafe,CMR,DF,33,1988,5,244,1.0,0.0,0.0,1.0,2.0,0.0,3.0,3.0,1.0,,,0.0
La Liga,Amankwaa Akurugu,Getafe,GHA,MF,19,2001,3,79,0.0,0.0,0.0,1.0,1.0,0.0,4.0,1.0,0.0,,,0.0
La Liga,Borja Mayoral,Getafe,ESP,FW,24,1997,18,1044,3.0,0.0,0.0,13.0,20.0,4.0,8.0,4.0,5.0,,,0.0
La Liga,Carles Aleñá,Getafe,ESP,MF,23,1998,33,2320,6.0,1.0,0.0,50.0,37.0,1.0,44.0,14.0,19.0,,,0.0
La Liga,Chema,Getafe,ESP,MF,29,1992,1,45,1.0,1.0,0.0,2.0,0.0,0.0,0.0,0.0,0.0,,,0.0
La Liga,Damián Suárez,Getafe,URU,"DF,MF",33,1988,35,2711,13.0,0.0,0.0,45.0,33.0,1.0,131.0,32.0,48.0,,,0.0
La Liga,Darío Poveda,Getafe,ESP,FW,24,1997,15,380,0.0,0.0,0.0,3.0,2.0,2.0,5.0,0.0,0.0,,,0.0
La Liga,David Soria,Getafe,ESP,GK,28,1993,38,3414,4.0,0.0,0.0,1.0,3.0,0.0,0.0,0.0,1.0,,,0.0
La Liga,David Timor,Getafe,ESP,MF,31,1989,7,341,2.0,0.0,0.0,6.0,2.0,0.0,9.0,1.0,2.0,,,0.0
La Liga,Diego Conde,Getafe,ESP,GK,22,1998,1,6,0.0,0.0,0.0,0.0,0.0,0.0,0.0,0.0,0.0,,,0.0
La Liga,Djené,Getafe,TOG,DF,29,1991,35,3115,11.0,1.0,0.0,47.0,36.0,1.0,21.0,60.0,26.0,,,0.0
La Liga,Enes Ünal,Getafe,TUR,FW,24,1997,37,2798,8.0,0.0,0.0,77.0,70.0,14.0,15.0,5.0,22.0,,,0.0
La Liga,Erick Cabaco,Getafe,URU,DF,26,1995,10,403,4.0,1.0,1.0,7.0,4.0,0.0,1.0,4.0,1.0,,,1.0
La Liga,Florentino Luís,Getafe,POR,MF,21,1999,22,992,2.0,0.0,0.0,18.0,2.0,0.0,1.0,25.0,25.0,,,0.0
La Liga,Gonzalo Villar,Getafe,ESP,MF,23,1998,10,298,0.0,0.0,0.0,9.0,13.0,0.0,1.0,1.0,3.0,,,0.0
La Liga,Hugo Duro,Getafe,ESP,FW,21,1999,1,12,0.0,0.0,0.0,1.0,1.0,0.0,0.0,0.0,0.0,,,0.0
La Liga,Iglesias,Getafe,ESP,"DF,MF",23,1998,20,719,1.0,0.0,0.0,16.0,17.0,1.0,44.0,9.0,11.0,,,0.0
La Liga,Jaime Mata,Getafe,ESP,FW,32,1988,22,672,7.0,0.0,0.0,25.0,17.0,9.0,9.0,0.0,5.0,,,0.0
La Liga,Jakub Jankto,Getafe,CZE,"MF,DF",25,1996,14,587,1.0,1.0,0.0,3.0,7.0,0.0,26.0,5.0,7.0,,,0.0
La Liga,Jonathan Silva,Getafe,ARG,DF,27,1994,9,226,4.0,0.0,0.0,10.0,5.0,0.0,11.0,2.0,8.0,,,0.0
La Liga,Jorge Cuenca,Getafe,ESP,DF,21,1999,32,2683,6.0,2.0,0.0,33.0,14.0,0.0,6.0,47.0,32.0,,,0.0
La Liga,José Juan Macías,Getafe,MEX,FW,21,1999,7,201,1.0,0.0,0.0,1.0,11.0,4.0,3.0,1.0,0.0,,,0.0
La Liga,Marc Cucurella,Getafe,ESP,"DF,MF",23,1998,1,23,0.0,0.0,0.0,0.0,1.0,0.0,2.0,0.0,1.0,,,0.0
La Liga,Mathías Olivera,Getafe,URU,"DF,MF",23,1997,32,2803,10.0,0.0,0.0,55.0,46.0,3.0,62.0,55.0,48.0,,,0.0
La Liga,Mauro Arambarri,Getafe,URU,MF,25,1995,31,2663,13.0,0.0,0.0,51.0,48.0,0.0,112.0,29.0,39.0,,,0.0
La Liga,Nemanja Maksimović,Getafe,SRB,MF,26,1995,35,2936,5.0,0.0,0.0,13.0,13.0,0.0,13.0,69.0,34.0,,,0.0
La Liga,Okay Yokuşlu,Getafe,TUR,"DF,MF",27,1994,11,465,1.0,0.0,0.0,6.0,5.0,0.0,0.0,5.0,8.0,,,0.0
La Liga,Sandro Ramírez,Getafe,ESP,FW,26,1995,29,1462,7.0,0.0,0.0,31.0,45.0,11.0,38.0,3.0,3.0,,,0.0
La Liga,Stefan Mitrović,Getafe,SRB,DF,31,1990,32,2667,8.0,1.0,0.0,18.0,4.0,0.0,0.0,27.0,8.0,,,0.0
La Liga,Vitolo,Getafe,ESP,MF,31,1989,7,221,0.0,0.0,0.0,7.0,9.0,1.0,2.0,1.0,2.0,,,0.0
La Liga,Óscar Rodríguez Arnaiz,Getafe,ESP,"MF,FW",23,1998,18,943,2.0,0.0,0.0,9.0,11.0,1.0,45.0,11.0,11.0,,,0.0
La Liga,Aarón Escandell,Granada,ESP,GK,25,1995,4,284,1.0,1.0,0.0,0.0,1.0,0.0,0.0,0.0,0.0,,,0.0
La Liga,Adrián Butzke,Granada,ESP,FW,22,1999,1,1,0.0,0.0,0.0,0.0,0.0,0.0,0.0,0.0,0.0,,,0.0
La Liga,Alberto Soro,Granada,ESP,"MF,FW",22,1999,16,578,0.0,0.0,0.0,5.0,5.0,2.0,15.0,3.0,11.0,,,0.0
La Liga,Antonio Puertas,Granada,ESP,"MF,FW",29,1992,33,2261,4.0,0.0,0.0,43.0,30.0,8.0,43.0,10.0,24.0,,,0.0
La Liga,Barcia,Granada,ESP,DF,20,2000,1,75,0.0,0.0,0.0,0.0,0.0,0.0,0.0,1.0,0.0,,,0.0
La Liga,Carlos Bacca,Granada,COL,FW,34,1986,17,513,3.0,0.0,0.0,3.0,8.0,5.0,4.0,1.0,4.0,,,0.0
La Liga,Carlos Neva,Granada,ESP,DF,25,1996,26,2108,1.0,0.0,0.0,8.0,22.0,0.0,84.0,29.0,20.0,,,0.0
La Liga,Dani Raba,Granada,ESP,"FW,MF",25,1995,2,26,0.0,0.0,0.0,1.0,1.0,0.0,0.0,1.0,2.0,,,0.0
La Liga,Darwin Machís,Granada,VEN,"MF,FW",28,1993,25,1376,2.0,0.0,0.0,20.0,30.0,6.0,66.0,15.0,13.0,,,0.0
La Liga,Dimitri Foulquier,Granada,FRA,DF,28,1993,2,180,0.0,0.0,0.0,1.0,3.0,0.0,7.0,1.0,0.0,,,0.0
La Liga,Domingos Duarte,Granada,POR,DF,26,1995,21,1687,7.0,1.0,0.0,24.0,15.0,0.0,2.0,22.0,14.0,,,0.0
La Liga,Germán Sánchez,Granada,ESP,DF,34,1986,32,2299,11.0,1.0,1.0,24.0,25.0,1.0,1.0,28.0,18.0,,,0.0
La Liga,Isma Ruiz,Granada,ESP,MF,20,2001,8,283,1.0,0.0,0.0,2.0,3.0,1.0,1.0,3.0,1.0,,,0.0
La Liga,Jorge Molina,Granada,ESP,FW,39,1982,35,1966,2.0,0.0,0.0,19.0,39.0,12.0,8.0,6.0,3.0,,,0.0
La Liga,Luis Abram,Granada,PER,DF,25,1996,8,560,2.0,0.0,0.0,5.0,4.0,0.0,0.0,5.0,3.0,,,1.0
La Liga,Luis Milla,Granada,ESP,MF,26,1994,34,2773,4.0,0.0,0.0,26.0,64.0,1.0,133.0,27.0,29.0,,,0.0
La Liga,Luis Suárez,Granada,COL,FW,23,1997,37,2844,6.0,0.0,0.0,40.0,36.0,5.0,39.0,5.0,14.0,,,0.0
La Liga,Luís Maximiano,Granada,POR,GK,22,1999,35,3136,2.0,0.0,0.0,0.0,3.0,0.0,0.0,1.0,1.0,,,1.0
La Liga,Matias Arezo,Granada,URU,FW,18,2002,8,162,1.0,0.0,0.0,3.0,1.0,0.0,4.0,1.0,3.0,,,0.0
La Liga,Maxime Gonalons,Granada,FRA,MF,32,1989,25,1550,6.0,0.0,0.0,29.0,31.0,0.0,6.0,18.0,30.0,,,0.0
La Liga,Monchu,Granada,ESP,MF,21,1999,14,668,3.0,1.0,0.0,29.0,11.0,0.0,6.0,3.0,6.0,,,0.0
La Liga,Myrto Uzuni,Granada,ALB,"MF,FW",26,1995,15,856,4.0,0.0,0.0,13.0,12.0,8.0,15.0,10.0,5.0,,,0.0
La Liga,Njegoš Petrović,Granada,SRB,MF,22,1999,15,918,5.0,0.0,0.0,11.0,14.0,1.0,6.0,10.0,11.0,,,0.0
La Liga,Quini,Granada,ESP,DF,31,1989,32,2304,11.0,0.0,0.0,40.0,13.0,1.0,73.0,36.0,37.0,,,0.0
La Liga,Raúl Torrente,Granada,ESP,DF,19,2001,18,1282,5.0,0.0,0.0,24.0,11.0,1.0,2.0,11.0,22.0,,,0.0
La Liga,Rubén Rochina,Granada,ESP,"MF,FW",30,1991,15,743,3.0,0.0,0.0,11.0,16.0,1.0,36.0,6.0,14.0,,,0.0
La Liga,Santiago Arias,Granada,COL,DF,29,1992,12,440,1.0,0.0,0.0,6.0,5.0,2.0,17.0,6.0,6.0,,,0.0
La Liga,Sergio Escudero,Granada,ESP,DF,31,1989,27,1434,6.0,0.0,0.0,14.0,20.0,5.0,31.0,26.0,26.0,,,0.0
La Liga,Víctor Díaz,Granada,ESP,DF,33,1988,22,1500,5.0,0.0,0.0,15.0,4.0,0.0,12.0,17.0,14.0,,,0.0
La Liga,Yan Brice Eteki,Granada,CMR,MF,23,1997,12,343,3.0,0.0,0.0,17.0,5.0,0.0,0.0,4.0,3.0,,,0.0
La Liga,Álex Collado,Granada,ESP,"MF,FW",22,1999,17,1020,1.0,0.0,0.0,15.0,16.0,0.0,42.0,5.0,13.0,,,0.0
La Liga,Ángel Montoro,Granada,ESP,MF,33,1988,24,1331,5.0,0.0,0.0,29.0,18.0,2.0,44.0,12.0,13.0,,,0.0
La Liga,Aitor Fernández,Levante,ESP,GK,30,1991,13,1166,1.0,1.0,0.0,1.0,2.0,0.0,0.0,0.0,1.0,,,0.0
La Liga,Alejandro Primo,Levante,ESP,GK,17,2004,1,90,0.0,0.0,0.0,0.0,0.0,0.0,0.0,0.0,0.0,,,0.0
La Liga,Carlos Clerc,Levante,ESP,"DF,MF",29,1992,19,1514,6.0,0.0,0.0,23.0,18.0,0.0,48.0,23.0,18.0,,,0.0
La Liga,Coke,Levante,ESP,DF,34,1987,6,118,1.0,0.0,0.0,4.0,1.0,0.0,0.0,2.0,2.0,,,0.0
La Liga,Dani Cárdenas,Levante,ESP,GK,24,1997,24,2160,3.0,0.0,0.0,0.0,3.0,0.0,0.0,1.0,0.0,,,0.0
La Liga,Dani Gómez,Levante,ESP,FW,23,1998,28,1063,1.0,0.0,0.0,18.0,20.0,11.0,6.0,3.0,4.0,,,0.0
La Liga,Enis Bardhi,Levante,MKD,"MF,FW",26,1995,30,1701,3.0,0.0,0.0,34.0,44.0,4.0,89.0,10.0,11.0,,,0.0
La Liga,Enric Franquesa,Levante,ESP,"DF,MF",24,1997,16,625,1.0,0.0,0.0,7.0,6.0,1.0,10.0,6.0,3.0,,,0.0
La Liga,Gonzalo Melero,Levante,ESP,MF,27,1994,29,1692,5.0,0.0,0.0,20.0,27.0,2.0,3.0,7.0,16.0,,,0.0
La Liga,Jorge Miramón,Levante,ESP,"DF,MF",32,1989,29,1977,5.0,0.0,0.0,31.0,23.0,0.0,49.0,31.0,21.0,,,0.0
La Liga,Jorge de Frutos,Levante,ESP,"MF,FW",24,1997,25,1760,4.0,0.0,0.0,39.0,22.0,13.0,73.0,13.0,15.0,,,0.0
La Liga,José Campaña,Levante,ESP,MF,28,1993,20,1422,6.0,1.0,0.0,17.0,22.0,1.0,55.0,22.0,16.0,,,0.0
La Liga,José Luis García Vayá,Levante,ESP,MF,22,1998,29,2012,9.0,0.0,0.0,47.0,20.0,0.0,58.0,37.0,27.0,,,0.0
La Liga,José Luis Morales,Levante,ESP,"FW,MF",34,1987,35,2719,7.0,0.0,0.0,29.0,40.0,15.0,120.0,6.0,17.0,,,0.0
La Liga,Marc Pubill,Levante,ESP,"DF,MF",18,2003,11,512,1.0,0.0,0.0,11.0,8.0,0.0,15.0,5.0,7.0,,,0.0
La Liga,Marcelo Saracchi,Levante,URU,DF,23,1998,4,186,2.0,0.0,0.0,3.0,0.0,0.0,7.0,4.0,5.0,,,0.0
La Liga,Martín Cáceres,Levante,URU,DF,34,1987,10,663,2.0,0.0,0.0,7.0,8.0,0.0,4.0,11.0,2.0,,,0.0
La Liga,Mickael Malsa,Levante,MTQ,MF,25,1995,26,1143,7.0,0.0,0.0,19.0,15.0,0.0,0.0,19.0,18.0,,,0.0
La Liga,Nemanja Radoja,Levante,SRB,MF,28,1993,19,1214,3.0,0.0,0.0,17.0,13.0,0.0,5.0,23.0,8.0,,,0.0
La Liga,Nikola Vukčević,Levante,MNE,MF,29,1991,6,118,1.0,0.0,0.0,4.0,1.0,0.0,0.0,2.0,2.0,,,0.0
La Liga,Omar Faraj,Levante,PLE,FW,19,2002,1,4,0.0,0.0,0.0,1.0,0.0,0.0,0.0,0.0,0.0,,,0.0
La Liga,Pablo Martínez,Levante,ESP,MF,23,1998,13,656,2.0,0.0,0.0,12.0,9.0,1.0,14.0,16.0,9.0,,,0.0
La Liga,Rober,Levante,ESP,DF,26,1995,27,2010,5.0,1.0,1.0,34.0,10.0,0.0,6.0,32.0,20.0,,,0.0
La Liga,Roberto Soldado,Levante,ESP,FW,36,1985,18,664,7.0,2.0,1.0,10.0,5.0,9.0,1.0,1.0,1.0,,,0.0
La Liga,Roger Martí,Levante,ESP,FW,30,1991,29,2115,8.0,0.0,0.0,60.0,28.0,12.0,9.0,2.0,15.0,,,0.0
La Liga,Rúben Vezo,Levante,POR,DF,27,1994,32,2420,4.0,0.0,0.0,35.0,29.0,0.0,6.0,35.0,31.0,,,0.0
La Liga,Sergio Postigo,Levante,ESP,DF,32,1988,13,848,3.0,0.0,0.0,5.0,3.0,0.0,0.0,8.0,8.0,,,0.0
La Liga,Shkodran Mustafi,Levante,GER,DF,29,1992,11,658,1.0,0.0,0.0,2.0,4.0,3.0,0.0,16.0,5.0,,,0.0
La Liga,Son,Levante,ESP,"DF,MF",27,1994,26,1971,5.0,1.0,0.0,22.0,14.0,3.0,46.0,19.0,17.0,,,0.0
La Liga,Álex Cantero,Levante,ESP,"FW,MF",21,2000,25,610,1.0,0.0,0.0,12.0,4.0,0.0,6.0,1.0,4.0,,,0.0
La Liga,Óscar Duarte,Levante,CRC,DF,32,1989,23,1773,5.0,0.0,0.0,26.0,4.0,2.0,0.0,21.0,9.0,,,0.0
La Liga,Abdón Prats,Mallorca,ESP,FW,28,1992,23,641,3.0,0.0,0.0,9.0,15.0,2.0,2.0,1.0,2.0,,,0.0
La Liga,Aleix Febas,Mallorca,ESP,MF,25,1996,4,117,1.0,0.0,0.0,2.0,5.0,0.0,0.0,0.0,1.0,,,0.0
La Liga,Aleksandar Sedlar,Mallorca,SRB,DF,29,1991,10,404,5.0,1.0,1.0,9.0,6.0,0.0,0.0,6.0,3.0,,,0.0
La Liga,Amath,Mallorca,SEN,"MF,FW",25,1996,19,884,5.0,0.0,0.0,19.0,18.0,6.0,7.0,8.0,10.0,,,0.0
La Liga,Antonio Raillo,Mallorca,ESP,DF,29,1991,17,1530,8.0,0.0,0.0,20.0,14.0,1.0,1.0,19.0,7.0,,,1.0
La Liga,Antonio Sánchez,Mallorca,ESP,MF,24,1997,29,1616,3.0,1.0,0.0,40.0,27.0,3.0,17.0,29.0,26.0,,,0.0
La Liga,Brian Oliván,Mallorca,ESP,DF,27,1994,28,2189,7.0,0.0,0.0,31.0,7.0,4.0,73.0,29.0,20.0,,,0.0
La Liga,Clément Grenier,Mallorca,FRA,MF,30,1991,5,60,1.0,0.0,0.0,2.0,0.0,0.0,2.0,0.0,0.0,,,0.0
La Liga,Dani Rodríguez,Mallorca,ESP,MF,33,1988,36,2832,7.0,0.0,0.0,65.0,68.0,3.0,56.0,19.0,30.0,,,0.0
La Liga,Dominik Greif,Mallorca,SVK,GK,24,1997,1,90,0.0,0.0,0.0,0.0,0.0,0.0,0.0,0.0,0.0,,,0.0
La Liga,Fernando Niño,Mallorca,ESP,FW,20,2000,23,884,2.0,0.0,0.0,18.0,19.0,3.0,1.0,4.0,5.0,,,0.0
La Liga,Franco Russo,Mallorca,ARG,DF,26,1994,19,1464,7.0,2.0,2.0,26.0,12.0,1.0,1.0,28.0,10.0,,,1.0
La Liga,Giovanni González,Mallorca,URU,DF,26,1994,9,365,1.0,0.0,0.0,3.0,3.0,0.0,10.0,3.0,4.0,,,0.0
La Liga,Iddrisu Baba,Mallorca,GHA,MF,25,1996,26,1934,9.0,0.0,0.0,42.0,38.0,0.0,6.0,27.0,29.0,,,0.0
La Liga,Iñigo Ruiz de Galarreta,Mallorca,ESP,MF,27,1993,22,1378,4.0,0.0,0.0,25.0,33.0,0.0,15.0,23.0,22.0,,,0.0
La Liga,Jaume Costa,Mallorca,ESP,DF,33,1988,25,1828,5.0,1.0,0.0,21.0,26.0,2.0,74.0,23.0,28.0,,,0.0
La Liga,Javier Llabrés,Mallorca,ESP,MF,18,2002,5,132,0.0,0.0,0.0,0.0,0.0,1.0,4.0,0.0,2.0,,,0.0
La Liga,Joan Sastre Vanrell,Mallorca,ESP,DF,24,1997,7,258,1.0,0.0,0.0,3.0,6.0,0.0,7.0,2.0,3.0,,,0.0
La Liga,Jordi Mboula,Mallorca,ESP,"MF,FW",22,1999,11,434,2.0,0.0,0.0,6.0,9.0,5.0,12.0,3.0,3.0,,,0.0
La Liga,Josep Antoni Gayá,Mallorca,ESP,DF,21,2000,1,58,0.0,0.0,0.0,0.0,0.0,0.0,0.0,1.0,0.0,,,0.0
La Liga,Lago Junior,Mallorca,CIV,MF,30,1990,6,177,0.0,0.0,0.0,5.0,7.0,0.0,5.0,2.0,2.0,,,0.0
La Liga,Lee Kang-in,Mallorca,KOR,MF,20,2001,30,1411,4.0,1.0,1.0,23.0,36.0,1.0,74.0,6.0,7.0,,,1.0
La Liga,Leo Román,Mallorca,ESP,GK,21,2000,2,180,0.0,0.0,0.0,0.0,0.0,0.0,0.0,0.0,0.0,,,0.0
La Liga,Manolo Reina,Mallorca,ESP,GK,36,1985,21,1890,5.0,1.0,0.0,0.0,5.0,0.0,0.0,2.0,0.0,,,1.0
La Liga,Martin Valjent,Mallorca,SVK,DF,25,1995,36,3181,4.0,0.0,0.0,26.0,8.0,1.0,3.0,32.0,20.0,,,0.0
La Liga,Matthew Hoppe,Mallorca,USA,FW,20,2001,5,131,0.0,0.0,0.0,4.0,1.0,2.0,0.0,0.0,0.0,,,0.0
La Liga,Pablo Maffeo,Mallorca,ESP,DF,24,1997,35,2945,10.0,0.0,0.0,32.0,59.0,3.0,110.0,47.0,49.0,,,0.0
La Liga,Rodrigo Battaglia,Mallorca,ARG,MF,30,1991,26,1179,4.0,0.0,0.0,28.0,18.0,0.0,1.0,10.0,18.0,,,0.0
La Liga,Salva Sevilla,Mallorca,ESP,MF,37,1984,28,1507,2.0,0.0,0.0,15.0,9.0,0.0,51.0,15.0,12.0,,,0.0
La Liga,Sergio Rico,Mallorca,ESP,GK,27,1993,14,1260,0.0,0.0,0.0,0.0,0.0,0.0,0.0,0.0,0.0,,,0.0
La Liga,Takefusa Kubo,Mallorca,JPN,"MF,FW",20,2001,28,1605,4.0,0.0,0.0,16.0,47.0,5.0,53.0,9.0,19.0,,,0.0
La Liga,Vedat Muriqi,Mallorca,KVX,FW,27,1994,16,1438,6.0,0.0,0.0,27.0,16.0,7.0,7.0,6.0,3.0,,,0.0
La Liga,Ángel Rodríguez,Mallorca,ESP,"FW,MF",34,1987,29,1544,4.0,0.0,0.0,37.0,23.0,17.0,10.0,3.0,9.0,,,0.0
La Liga,Ante Budimir,Osasuna,CRO,FW,30,1991,28,1738,3.0,0.0,0.0,37.0,31.0,16.0,7.0,4.0,11.0,,,0.0
La Liga,Aridane Hernández,Osasuna,ESP,DF,32,1989,15,1159,1.0,0.0,0.0,5.0,4.0,3.0,1.0,20.0,9.0,,,1.0
La Liga,Barbero,Osasuna,ESP,FW,22,1998,6,21,0.0,0.0,0.0,2.0,1.0,0.0,0.0,0.0,0.0,,,0.0
La Liga,Darko Brašanac,Osasuna,SRB,MF,29,1992,35,2405,8.0,0.0,0.0,53.0,24.0,9.0,28.0,24.0,23.0,,,0.0
La Liga,David García,Osasuna,ESP,DF,27,1994,35,3105,8.0,0.0,0.0,53.0,21.0,0.0,0.0,54.0,14.0,,,0.0
La Liga,Ezequiel Ávila,Osasuna,ARG,"FW,MF",27,1994,36,1870,9.0,1.0,1.0,31.0,41.0,13.0,80.0,17.0,6.0,,,0.0
La Liga,Iker Benito,Osasuna,ESP,MF,18,2002,4,118,1.0,0.0,0.0,1.0,3.0,0.0,4.0,0.0,1.0,,,0.0
La Liga,Iñigo Pérez,Osasuna,ESP,MF,33,1988,10,338,0.0,0.0,0.0,0.0,3.0,0.0,31.0,0.0,2.0,,,0.0
La Liga,Jaume Grau,Osasuna,ESP,MF,24,1997,1,3,0.0,0.0,0.0,0.0,0.0,0.0,0.0,0.0,1.0,,,0.0
La Liga,Javi Martínez,Osasuna,ESP,MF,21,1999,26,879,1.0,0.0,0.0,15.0,9.0,0.0,31.0,10.0,15.0,,,0.0
La Liga,Javier Ontiveros,Osasuna,ESP,"FW,MF",23,1997,3,39,0.0,0.0,0.0,1.0,1.0,0.0,3.0,1.0,0.0,,,0.0
La Liga,Jesús Areso,Osasuna,ESP,DF,22,1999,3,188,1.0,0.0,0.0,3.0,4.0,0.0,2.0,0.0,3.0,,,0.0
La Liga,Jon Moncayola,Osasuna,ESP,MF,23,1998,36,2915,2.0,0.0,0.0,21.0,15.0,1.0,97.0,22.0,21.0,,,0.0
La Liga,Jonás Ramalho,Osasuna,ESP,DF,28,1993,3,243,0.0,0.0,0.0,1.0,0.0,0.0,5.0,4.0,2.0,,,0.0
La Liga,José Ángel,Osasuna,ESP,DF,31,1989,23,1083,2.0,1.0,0.0,10.0,5.0,0.0,46.0,9.0,12.0,,,0.0
La Liga,Juan Cruz Armada,Osasuna,ESP,DF,29,1992,23,1934,4.0,0.0,0.0,19.0,5.0,0.0,8.0,17.0,22.0,,,0.0
La Liga,Juan Pérez,Osasuna,ESP,GK,25,1996,2,180,0.0,0.0,0.0,0.0,0.0,0.0,0.0,0.0,0.0,,,0.0
La Liga,Kike Barja,Osasuna,ESP,"MF,FW",24,1997,21,865,2.0,0.0,0.0,17.0,23.0,0.0,55.0,9.0,10.0,,,0.0
La Liga,Kiké,Osasuna,ESP,FW,31,1989,33,1862,2.0,0.0,0.0,24.0,36.0,9.0,22.0,3.0,7.0,,,0.0
La Liga,Lucas Torró,Osasuna,ESP,MF,27,1994,33,2725,10.0,0.0,0.0,54.0,48.0,1.0,7.0,50.0,44.0,,,1.0
La Liga,Manu Sánchez,Osasuna,ESP,DF,20,2000,33,2257,6.0,0.0,0.0,32.0,16.0,0.0,71.0,17.0,36.0,,,0.0
La Liga,Nacho Vidal,Osasuna,ESP,DF,26,1995,35,2902,9.0,0.0,0.0,48.0,33.0,3.0,69.0,60.0,48.0,,,0.0
La Liga,Oier Sanjurjo,Osasuna,ESP,MF,35,1986,25,758,3.0,0.0,0.0,17.0,6.0,2.0,11.0,2.0,6.0,,,0.0
La Liga,Robert Ibáñez,Osasuna,ESP,MF,28,1993,4,93,0.0,0.0,0.0,0.0,5.0,1.0,0.0,0.0,3.0,,,0.0
La Liga,Roberto Torres,Osasuna,ESP,"MF,FW",32,1989,28,809,3.0,0.0,0.0,8.0,11.0,0.0,80.0,8.0,4.0,,,0.0
La Liga,Rubén García,Osasuna,ESP,"MF,FW",28,1993,37,2375,1.0,0.0,0.0,35.0,28.0,8.0,199.0,24.0,27.0,,,0.0
La Liga,Sergio Herrera,Osasuna,ESP,GK,28,1993,36,3240,3.0,0.0,0.0,0.0,9.0,0.0,0.0,1.0,3.0,,,0.0
La Liga,Unai Dufur,Osasuna,ESP,DF,22,1999,1,90,0.0,0.0,0.0,1.0,0.0,0.0,0.0,4.0,0.0,,,0.0
La Liga,Unai García,Osasuna,ESP,DF,29,1992,18,1408,5.0,0.0,0.0,10.0,7.0,0.0,8.0,23.0,12.0,,,0.0
La Liga,Alejandro Asensio,Rayo Vallecano,ESP,FW,20,2000,2,12,0.0,0.0,0.0,0.0,0.0,0.0,1.0,0.0,0.0,,,0.0
La Liga,Andrés Martín,Rayo Vallecano,ESP,FW,22,1999,7,186,0.0,0.0,0.0,3.0,2.0,3.0,2.0,0.0,0.0,,,0.0
La Liga,Bebé,Rayo Vallecano,CPV,MF,31,1990,29,867,2.0,0.0,0.0,12.0,16.0,6.0,86.0,3.0,7.0,,,0.0
La Liga,Catena,Rayo Vallecano,ESP,DF,26,1994,36,3240,8.0,0.0,0.0,26.0,14.0,3.0,2.0,30.0,24.0,,,0.0
La Liga,Esteban Saveljich,Rayo Vallecano,MNE,DF,30,1991,21,1700,4.0,0.0,0.0,23.0,2.0,3.0,1.0,19.0,11.0,,,0.0
La Liga,Fran Garcia,Rayo Vallecano,ESP,DF,21,1999,34,3025,4.0,0.0,0.0,24.0,15.0,2.0,127.0,47.0,39.0,,,0.0
La Liga,Isaac Palazón Camacho,Rayo Vallecano,ESP,MF,26,1994,34,2288,7.0,0.0,0.0,32.0,69.0,5.0,70.0,16.0,29.0,,,0.0
La Liga,Iván Balliu,Rayo Vallecano,ALB,DF,29,1992,35,3147,10.0,1.0,0.0,42.0,58.0,4.0,113.0,40.0,23.0,,,0.0
La Liga,José Pozo,Rayo Vallecano,ESP,"FW,MF",25,1996,5,72,0.0,0.0,0.0,2.0,2.0,0.0,2.0,0.0,2.0,,,0.0
La Liga,Kévin Rodrigues,Rayo Vallecano,POR,"DF,MF",27,1994,13,435,0.0,0.0,0.0,5.0,7.0,0.0,10.0,6.0,12.0,,,0.0
La Liga,Luca Zidane,Rayo Vallecano,ALG,GK,23,1998,8,645,0.0,1.0,0.0,1.0,1.0,0.0,0.0,0.0,0.0,,,0.0
La Liga,Mamadou Sylla,Rayo Vallecano,SEN,FW,27,1994,12,253,2.0,0.0,0.0,8.0,4.0,2.0,6.0,3.0,1.0,,,0.0
La Liga,Mario Hernández,Rayo Vallecano,ESP,"DF,MF",22,1999,9,395,3.0,0.0,0.0,4.0,4.0,1.0,15.0,4.0,4.0,,,0.0
La Liga,Mario Suárez,Rayo Vallecano,ESP,DF,34,1987,14,712,2.0,0.0,0.0,17.0,5.0,0.0,0.0,7.0,5.0,,,0.0
La Liga,Martín Merquelanz,Rayo Vallecano,ESP,MF,26,1995,4,173,0.0,0.0,0.0,2.0,2.0,0.0,12.0,0.0,1.0,,,0.0
La Liga,Nikola Maraš,Rayo Vallecano,SRB,DF,25,1995,16,1044,4.0,0.0,0.0,11.0,4.0,0.0,0.0,13.0,9.0,,,0.0
La Liga,Pathé Ciss,Rayo Vallecano,SEN,MF,27,1994,31,1097,5.0,0.0,0.0,19.0,9.0,1.0,0.0,30.0,16.0,,,1.0
La Liga,Radamel Falcao,Rayo Vallecano,COL,FW,35,1986,22,838,1.0,0.0,0.0,17.0,18.0,15.0,4.0,2.0,1.0,,,0.0
La Liga,Randy Nteka,Rayo Vallecano,ANG,"MF,FW",23,1997,34,1462,2.0,0.0,0.0,41.0,24.0,3.0,9.0,7.0,13.0,,,0.0
La Liga,Santi Comesaña,Rayo Vallecano,ESP,MF,24,1996,35,2682,12.0,1.0,1.0,60.0,56.0,1.0,11.0,31.0,59.0,,,0.0
La Liga,Sergi Guardiola,Rayo Vallecano,ESP,FW,30,1991,32,1710,3.0,0.0,0.0,28.0,29.0,14.0,16.0,4.0,9.0,,,0.0
La Liga,Stole Dimitrievski,Rayo Vallecano,MKD,GK,27,1993,31,2772,0.0,0.0,0.0,0.0,6.0,0.0,0.0,1.0,0.0,,,0.0
La Liga,Unai López,Rayo Vallecano,ESP,MF,25,1995,27,1160,5.0,0.0,0.0,26.0,17.0,4.0,63.0,9.0,10.0,,,0.0
La Liga,Yacine Qasmi,Rayo Vallecano,MAR,FW,30,1991,1,4,0.0,0.0,0.0,0.0,0.0,0.0,0.0,0.0,0.0,,,0.0
La Liga,Álvaro Aguirre,Rayo Vallecano,ESP,FW,21,2000,1,9,0.0,0.0,0.0,0.0,0.0,0.0,0.0,0.0,0.0,,,0.0
La Liga,Álvaro García,Rayo Vallecano,ESP,MF,28,1992,36,2998,6.0,0.0,0.0,24.0,25.0,12.0,192.0,41.0,24.0,,,0.0
La Liga,Óscar Trejo,Rayo Vallecano,ARG,MF,33,1988,32,2007,13.0,0.0,0.0,59.0,69.0,4.0,118.0,13.0,24.0,,,0.0
La Liga,Óscar Valentín,Rayo Vallecano,ESP,MF,26,1994,35,2569,8.0,0.0,0.0,50.0,55.0,0.0,3.0,42.0,53.0,,,0.0
La Liga,Aitor Ruibal,Real Betis,ESP,"MF,DF",25,1996,19,856,6.0,0.0,0.0,22.0,15.0,1.0,18.0,7.0,15.0,,,0.0
La Liga,Andrés Guardado,Real Betis,MEX,MF,34,1986,28,1393,4.0,0.0,0.0,24.0,18.0,0.0,9.0,22.0,16.0,,,0.0
La Liga,Borja Iglesias,Real Betis,ESP,FW,28,1993,33,1573,4.0,0.0,0.0,25.0,31.0,8.0,6.0,4.0,4.0,,,0.0
La Liga,Calderón,Real Betis,ESP,DF,21,2000,1,65,0.0,0.0,0.0,1.0,1.0,0.0,4.0,0.0,0.0,,,0.0
La Liga,Claudio Bravo,Real Betis,CHI,GK,38,1983,17,1456,2.0,0.0,0.0,1.0,1.0,0.0,0.0,0.0,0.0,,,0.0
La Liga,Cristian Tello,Real Betis,ESP,MF,29,1991,23,819,2.0,0.0,0.0,9.0,5.0,4.0,16.0,8.0,11.0,,,0.0
La Liga,Diego Lainez,Real Betis,MEX,MF,21,2000,7,140,0.0,0.0,0.0,4.0,1.0,0.0,2.0,0.0,1.0,,,0.0
La Liga,Germán Pezzella,Real Betis,ARG,DF,30,1991,23,1988,5.0,1.0,0.0,26.0,6.0,2.0,1.0,38.0,11.0,,,1.0
La Liga,Guido Rodríguez,Real Betis,ARG,MF,27,1994,32,2529,9.0,1.0,1.0,48.0,50.0,3.0,4.0,29.0,52.0,,,0.0
La Liga,Héctor Bellerín,Real Betis,ESP,DF,26,1995,23,1979,2.0,1.0,0.0,23.0,14.0,2.0,42.0,23.0,33.0,,,1.0
La Liga,Joaquín,Real Betis,ESP,MF,40,1981,21,471,0.0,0.0,0.0,1.0,9.0,0.0,35.0,3.0,3.0,,,0.0
La Liga,Juan Miranda,Real Betis,ESP,DF,21,2000,13,783,3.0,0.0,0.0,13.0,13.0,0.0,27.0,14.0,12.0,,,0.0
La Liga,Juanmi,Real Betis,ESP,MF,28,1993,33,2131,5.0,0.0,0.0,40.0,15.0,18.0,4.0,10.0,26.0,,,0.0
La Liga,Kike Hermoso,Real Betis,ESP,DF,21,1999,1,90,0.0,0.0,0.0,1.0,0.0,0.0,0.0,0.0,1.0,,,0.0
La Liga,Loren Morón,Real Betis,ESP,FW,27,1993,1,4,0.0,0.0,0.0,0.0,0.0,0.0,0.0,0.0,1.0,,,0.0
La Liga,Marc Bartra,Real Betis,ESP,DF,30,1991,23,1993,5.0,0.0,0.0,21.0,16.0,0.0,0.0,32.0,16.0,,,0.0
La Liga,Martín Montoya,Real Betis,ESP,DF,30,1991,6,518,2.0,0.0,0.0,8.0,10.0,0.0,12.0,11.0,12.0,,,0.0
La Liga,Nabil Fekir,Real Betis,FRA,MF,28,1993,34,2794,7.0,1.0,0.0,65.0,92.0,9.0,174.0,7.0,30.0,,,0.0
La Liga,Paul Akouokou,Real Betis,CIV,MF,23,1997,8,516,2.0,1.0,0.0,13.0,2.0,0.0,1.0,12.0,7.0,,,0.0
La Liga,Raúl,Real Betis,ESP,FW,20,2000,1,1,0.0,0.0,0.0,0.0,0.0,0.0,0.0,0.0,0.0,,,0.0
La Liga,Roberto González,Real Betis,ESP,MF,20,2001,4,135,0.0,0.0,0.0,2.0,3.0,0.0,1.0,1.0,4.0,,,0.0
La Liga,Rodri,Real Betis,ESP,MF,21,2000,21,881,1.0,0.0,0.0,2.0,16.0,1.0,11.0,2.0,7.0,,,0.0
La Liga,Rui Silva,Real Betis,POR,GK,27,1994,22,1964,2.0,0.0,0.0,1.0,3.0,0.0,0.0,1.0,0.0,,,0.0
La Liga,Sergio Canales,Real Betis,ESP,MF,30,1991,34,2791,6.0,0.0,0.0,19.0,39.0,11.0,67.0,10.0,13.0,,,0.0
La Liga,Víctor Camarasa,Real Betis,ESP,MF,27,1994,7,108,0.0,0.0,0.0,2.0,3.0,0.0,0.0,2.0,1.0,,,0.0
La Liga,Víctor Ruiz,Real Betis,ESP,DF,32,1989,18,1424,2.0,0.0,0.0,12.0,2.0,2.0,0.0,29.0,9.0,,,0.0
La Liga,William Carvalho,Real Betis,POR,MF,29,1992,33,1805,6.0,0.0,0.0,31.0,28.0,0.0,4.0,15.0,32.0,,,0.0
La Liga,Willian José,Real Betis,BRA,FW,29,1991,32,1604,2.0,0.0,0.0,12.0,23.0,6.0,7.0,2.0,13.0,,,0.0
La Liga,Youssouf Sabaly,Real Betis,SEN,DF,28,1993,10,788,1.0,0.0,0.0,5.0,9.0,1.0,17.0,13.0,10.0,,,0.0
La Liga,Álex Moreno,Real Betis,ESP,DF,28,1993,30,2404,3.0,1.0,0.0,33.0,37.0,3.0,84.0,31.0,40.0,,,0.0
La Liga,Édgar González,Real Betis,ESP,DF,24,1997,21,1464,6.0,0.0,0.0,21.0,8.0,0.0,1.0,24.0,18.0,,,0.0
La Liga,Andriy Lunin,Real Madrid,UKR,GK,22,1999,2,180,0.0,0.0,0.0,1.0,0.0,0.0,0.0,0.0,0.0,,,0.0
La Liga,Antonio Blanco,Real Madrid,ESP,MF,21,2000,1,31,0.0,0.0,0.0,1.0,0.0,0.0,0.0,1.0,0.0,,,0.0
La Liga,Casemiro,Real Madrid,BRA,MF,29,1992,32,2569,11.0,0.0,0.0,54.0,38.0,4.0,16.0,41.0,50.0,,,0.0
La Liga,Dani Carvajal,Real Madrid,ESP,DF,29,1992,24,1551,1.0,0.0,0.0,19.0,11.0,0.0,40.0,20.0,27.0,,,0.0
La Liga,Dani Ceballos,Real Madrid,ESP,MF,24,1996,11,276,1.0,0.0,0.0,3.0,7.0,0.0,2.0,5.0,5.0,,,0.0
La Liga,David Alaba,Real Madrid,AUT,DF,29,1992,30,2642,2.0,0.0,0.0,17.0,6.0,2.0,41.0,24.0,13.0,,,0.0
La Liga,Eden Hazard,Real Madrid,BEL,"FW,MF",30,1991,18,717,3.0,0.0,0.0,9.0,30.0,4.0,12.0,2.0,4.0,,,0.0
La Liga,Eduardo Camavinga,Real Madrid,FRA,MF,18,2002,26,1236,8.0,0.0,0.0,34.0,29.0,1.0,3.0,17.0,35.0,,,0.0
La Liga,Federico Valverde,Real Madrid,URU,MF,23,1998,31,1833,2.0,0.0,0.0,17.0,9.0,6.0,20.0,22.0,17.0,,,0.0
La Liga,Ferland Mendy,Real Madrid,FRA,DF,26,1995,22,1734,4.0,0.0,0.0,15.0,24.0,3.0,28.0,16.0,15.0,,,0.0
La Liga,Gareth Bale,Real Madrid,WAL,FW,32,1989,5,280,2.0,0.0,0.0,3.0,0.0,1.0,3.0,2.0,1.0,,,0.0
La Liga,Isco,Real Madrid,ESP,"MF,FW",29,1992,14,331,1.0,0.0,0.0,7.0,8.0,0.0,8.0,2.0,3.0,,,0.0
La Liga,Jesús Vallejo,Real Madrid,ESP,DF,24,1997,5,341,1.0,0.0,0.0,4.0,1.0,0.0,1.0,6.0,5.0,,,0.0
La Liga,Juanmi Latasa,Real Madrid,ESP,FW,20,2001,1,9,0.0,0.0,0.0,0.0,0.0,0.0,0.0,0.0,0.0,,,0.0
La Liga,Karim Benzema,Real Madrid,FRA,FW,33,1987,32,2593,0.0,0.0,0.0,13.0,9.0,31.0,11.0,5.0,8.0,,,0.0
La Liga,Lucas Vázquez,Real Madrid,ESP,DF,30,1991,29,1833,3.0,0.0,0.0,25.0,34.0,5.0,75.0,19.0,27.0,,,0.0
La Liga,Luka Jović,Real Madrid,SRB,FW,23,1997,15,369,1.0,0.0,0.0,3.0,3.0,2.0,0.0,1.0,1.0,,,0.0
La Liga,Luka Modrić,Real Madrid,CRO,MF,35,1985,28,2032,4.0,0.0,0.0,25.0,32.0,1.0,47.0,20.0,9.0,,,0.0
La Liga,Marcelo,Real Madrid,BRA,DF,33,1988,12,525,0.0,0.0,0.0,3.0,8.0,0.0,28.0,1.0,4.0,,,0.0
La Liga,Marco Asensio,Real Madrid,ESP,"FW,MF",25,1996,31,1731,2.0,0.0,0.0,8.0,20.0,2.0,71.0,13.0,8.0,,,0.0
La Liga,Mariano,Real Madrid,DOM,FW,27,1993,9,342,2.0,0.0,0.0,2.0,0.0,4.0,1.0,1.0,0.0,,,0.0
La Liga,Mario Gila,Real Madrid,ESP,DF,20,2000,2,25,0.0,0.0,0.0,0.0,0.0,0.0,0.0,1.0,0.0,,,0.0
La Liga,Miguel Gutiérrez,Real Madrid,ESP,DF,20,2001,3,260,1.0,0.0,0.0,3.0,8.0,0.0,9.0,4.0,5.0,,,0.0
La Liga,Nacho,Real Madrid,ESP,DF,31,1990,28,1555,7.0,0.0,0.0,15.0,13.0,0.0,11.0,37.0,14.0,,,0.0
La Liga,Peter González,Real Madrid,DOM,MF,19,2002,3,27,0.0,0.0,0.0,0.0,2.0,0.0,1.0,1.0,0.0,,,0.0
La Liga,Rodrygo,Real Madrid,BRA,FW,20,2001,33,1523,4.0,0.0,0.0,21.0,29.0,13.0,41.0,11.0,14.0,,,0.0
La Liga,Sergio Santos,Real Madrid,ESP,DF,20,2001,1,11,0.0,0.0,0.0,0.0,0.0,0.0,1.0,0.0,0.0,,,0.0
La Liga,Thibaut Courtois,Real Madrid,BEL,GK,29,1992,36,3240,1.0,0.0,0.0,1.0,1.0,0.0,0.0,0.0,1.0,,,0.0
La Liga,Toni Kroos,Real Madrid,GER,MF,31,1990,28,2103,4.0,0.0,0.0,20.0,39.0,0.0,87.0,12.0,26.0,,,0.0
La Liga,Vinicius Júnior,Real Madrid,BRA,"FW,MF",21,2000,35,2690,6.0,0.0,0.0,34.0,74.0,26.0,46.0,5.0,26.0,,,0.0
La Liga,Éder Militão,Real Madrid,BRA,DF,23,1998,34,3031,5.0,0.0,0.0,37.0,39.0,1.0,11.0,53.0,32.0,,,0.0
La Liga,Adnan Januzaj,Real Sociedad,BEL,"MF,FW",26,1995,33,1625,5.0,0.0,0.0,28.0,51.0,4.0,147.0,13.0,12.0,,,0.0
La Liga,Aihen Muñoz,Real Sociedad,ESP,DF,23,1997,20,1342,4.0,1.0,1.0,27.0,14.0,0.0,39.0,17.0,17.0,,,0.0
La Liga,Alex Sola,Real Sociedad,ESP,"DF,FW",22,1999,2,41,0.0,0.0,0.0,0.0,2.0,0.0,0.0,2.0,1.0,,,0.0
La Liga,Alexander Isak,Real Sociedad,SWE,FW,21,1999,32,2140,6.0,0.0,0.0,31.0,30.0,15.0,17.0,3.0,4.0,,,0.0
La Liga,Alexander Sørloth,Real Sociedad,NOR,FW,25,1995,33,1763,2.0,0.0,0.0,29.0,14.0,12.0,10.0,3.0,9.0,,,0.0
La Liga,Ander Barrenetxea,Real Sociedad,ESP,"MF,FW",19,2001,11,547,0.0,0.0,0.0,10.0,16.0,1.0,9.0,2.0,10.0,,,0.0
La Liga,Ander Guevara,Real Sociedad,ESP,MF,24,1997,17,867,2.0,0.0,0.0,15.0,5.0,0.0,0.0,13.0,11.0,,,0.0
La Liga,Ander Martin,Real Sociedad,ESP,MF,20,2000,5,88,0.0,0.0,0.0,4.0,0.0,0.0,5.0,3.0,0.0,,,0.0
La Liga,Andoni Gorosabel,Real Sociedad,ESP,DF,24,1996,32,2289,4.0,0.0,0.0,28.0,18.0,0.0,64.0,19.0,31.0,,,0.0
La Liga,Aritz Elustondo,Real Sociedad,ESP,DF,27,1994,30,2105,3.0,1.0,0.0,18.0,22.0,2.0,5.0,32.0,14.0,,,0.0
La Liga,Asier Illarramendi,Real Sociedad,ESP,MF,31,1990,8,374,1.0,0.0,0.0,4.0,1.0,0.0,5.0,5.0,4.0,,,0.0
La Liga,Beñat Turrientes,Real Sociedad,ESP,MF,19,2002,8,207,1.0,0.0,0.0,3.0,3.0,0.0,2.0,2.0,0.0,,,0.0
La Liga,Cristo,Real Sociedad,ESP,DF,21,2000,1,17,0.0,0.0,0.0,1.0,0.0,0.0,2.0,0.0,0.0,,,0.0
La Liga,David Silva,Real Sociedad,ESP,"MF,FW",35,1986,25,1720,4.0,1.0,0.0,23.0,25.0,3.0,30.0,6.0,17.0,,,0.0
La Liga,Diego Rico,Real Sociedad,ESP,DF,28,1993,21,1644,4.0,0.0,0.0,16.0,17.0,4.0,57.0,30.0,22.0,,,0.0
La Liga,Germán Valera,Real Sociedad,ESP,"FW,MF",19,2002,3,51,0.0,0.0,0.0,3.0,0.0,0.0,1.0,0.0,2.0,,,0.0
La Liga,Igor Zubeldia,Real Sociedad,ESP,DF,24,1997,26,1648,7.0,0.0,0.0,25.0,4.0,1.0,4.0,27.0,11.0,,,0.0
La Liga,Jon Bautista,Real Sociedad,ESP,FW,26,1995,1,45,0.0,0.0,0.0,1.0,2.0,1.0,0.0,1.0,0.0,,,0.0
La Liga,Jon Guridi,Real Sociedad,ESP,MF,26,1995,8,206,0.0,0.0,0.0,4.0,3.0,0.0,3.0,3.0,3.0,,,0.0
La Liga,Jon Pacheco,Real Sociedad,ESP,DF,20,2001,10,381,1.0,0.0,0.0,3.0,1.0,0.0,0.0,6.0,4.0,,,0.0
La Liga,Joseba Zaldúa,Real Sociedad,ESP,"DF,MF",29,1992,24,1172,6.0,0.0,0.0,18.0,20.0,1.0,32.0,13.0,22.0,,,0.0
La Liga,Julen Lobete,Real Sociedad,ESP,FW,20,2000,13,284,0.0,0.0,0.0,9.0,11.0,5.0,0.0,1.0,3.0,,,0.0
La Liga,Martín Zubimendi,Real Sociedad,ESP,MF,22,1999,36,2591,4.0,0.0,0.0,34.0,21.0,3.0,2.0,51.0,25.0,,,0.0
La Liga,Mathew Ryan,Real Sociedad,AUS,GK,29,1992,3,270,0.0,0.0,0.0,0.0,0.0,0.0,0.0,0.0,0.0,,,0.0
La Liga,Mikel Merino,Real Sociedad,ESP,MF,25,1996,34,2890,8.0,0.0,0.0,60.0,67.0,4.0,23.0,23.0,37.0,,,0.0
La Liga,Mikel Oyarzabal,Real Sociedad,ESP,"MF,FW",24,1997,22,1671,0.0,1.0,0.0,14.0,26.0,5.0,110.0,9.0,9.0,,,0.0
La Liga,Naïs Djouahra,Real Sociedad,FRA,MF,21,1999,7,219,0.0,0.0,0.0,3.0,2.0,1.0,15.0,2.0,3.0,,,0.0
La Liga,Portu,Real Sociedad,ESP,"MF,FW",29,1992,37,1590,5.0,0.0,0.0,19.0,25.0,11.0,35.0,5.0,7.0,,,0.0
La Liga,Rafinha,Real Sociedad,BRA,"MF,FW",28,1993,17,1050,3.0,0.0,0.0,21.0,38.0,0.0,21.0,13.0,27.0,,,0.0
La Liga,Roberto Navarro,Real Sociedad,ESP,"MF,FW",19,2002,6,199,0.0,0.0,0.0,3.0,2.0,1.0,2.0,2.0,3.0,,,0.0
La Liga,Robin Le Normand,Real Sociedad,ESP,DF,24,1996,37,3330,6.0,0.0,0.0,37.0,22.0,2.0,1.0,45.0,31.0,,,0.0
La Liga,Álex Remiro,Real Sociedad,ESP,GK,26,1995,35,3150,1.0,0.0,0.0,0.0,3.0,0.0,0.0,1.0,0.0,,,0.0
La Liga,Anthony Martial,Sevilla,FRA,"FW,MF",25,1995,9,490,1.0,0.0,0.0,5.0,11.0,0.0,6.0,0.0,1.0,,,0.0
La Liga,Carmona,Sevilla,ESP,"DF,MF",19,2002,1,24,0.0,0.0,0.0,0.0,1.0,0.0,0.0,1.0,0.0,,,0.0
La Liga,Diego Carlos,Sevilla,BRA,DF,28,1993,34,2957,4.0,1.0,1.0,33.0,19.0,1.0,3.0,21.0,24.0,,,0.0
La Liga,Fernando,Sevilla,BRA,"MF,DF",34,1987,24,1850,6.0,0.0,0.0,16.0,11.0,1.0,1.0,31.0,17.0,,,0.0
La Liga,Gonzalo Montiel,Sevilla,ARG,DF,24,1997,18,1066,7.0,0.0,0.0,9.0,12.0,4.0,36.0,11.0,4.0,,,0.0
La Liga,Ivan Rakitić,Sevilla,CRO,MF,33,1988,35,2182,5.0,0.0,0.0,36.0,34.0,0.0,84.0,20.0,20.0,,,0.0
La Liga,Iván Romero,Sevilla,ESP,FW,20,2001,5,178,0.0,0.0,0.0,4.0,6.0,1.0,0.0,2.0,2.0,,,0.0
La Liga,Javier Díaz,Sevilla,ESP,GK,24,1997,1,90,0.0,0.0,0.0,0.0,0.0,0.0,0.0,0.0,0.0,,,0.0
La Liga,Jesús Corona,Sevilla,MEX,"FW,MF",28,1993,18,1157,2.0,0.0,0.0,11.0,27.0,7.0,53.0,9.0,7.0,,,0.0
La Liga,Jesús Navas,Sevilla,ESP,DF,35,1985,25,1786,4.0,0.0,0.0,5.0,10.0,1.0,112.0,17.0,14.0,,,0.0
La Liga,Joan Jordán,Sevilla,ESP,MF,27,1994,36,2514,9.0,0.0,0.0,54.0,26.0,1.0,23.0,29.0,32.0,,,0.0
La Liga,Juanlu Sánchez,Sevilla,ESP,"DF,MF",17,2003,1,5,1.0,0.0,0.0,1.0,0.0,0.0,0.0,0.0,0.0,,,0.0
La Liga,Jules Koundé,Sevilla,FRA,DF,22,1998,32,2736,2.0,2.0,0.0,15.0,28.0,2.0,18.0,21.0,17.0,,,0.0
La Liga,Karim Rekik,Sevilla,NED,DF,26,1994,18,1098,2.0,0.0,0.0,16.0,8.0,1.0,6.0,8.0,8.0,,,0.0
La Liga,Lucas Ocampos,Sevilla,ARG,"FW,MF",27,1994,30,2125,7.0,0.0,0.0,45.0,41.0,3.0,63.0,9.0,25.0,,,0.0
La Liga,Ludwig Augustinsson,Sevilla,SWE,"DF,MF",27,1994,19,793,3.0,0.0,0.0,13.0,10.0,0.0,47.0,6.0,14.0,,,0.0
La Liga,Luismi,Sevilla,ESP,MF,20,2001,2,13,0.0,0.0,0.0,0.0,0.0,0.0,0.0,0.0,0.0,,,0.0
La Liga,Marcos Acuña,Sevilla,ARG,"DF,MF",29,1991,31,2260,10.0,0.0,0.0,38.0,48.0,0.0,178.0,16.0,31.0,,,0.0
La Liga,Marko Dmitrović,Sevilla,SRB,GK,29,1992,6,540,0.0,0.0,0.0,0.0,0.0,0.0,0.0,0.0,0.0,,,0.0
La Liga,Munir El Haddadi,Sevilla,MAR,"MF,FW",25,1995,16,474,3.0,0.0,0.0,7.0,14.0,3.0,6.0,5.0,4.0,,,0.0
La Liga,Nemanja Gudelj,Sevilla,SRB,"DF,MF",29,1991,21,1046,5.0,0.0,0.0,15.0,9.0,0.0,0.0,22.0,7.0,,,0.0
La Liga,Oussama Idrissi,Sevilla,MAR,"MF,FW",25,1996,5,127,1.0,0.0,0.0,4.0,4.0,2.0,4.0,1.0,0.0,,,0.0
La Liga,Papu Gómez,Sevilla,ARG,"FW,MF",33,1988,29,1784,4.0,0.0,0.0,21.0,49.0,1.0,56.0,7.0,12.0,,,0.0
La Liga,Pedro Ortiz,Sevilla,ESP,MF,20,2000,1,7,0.0,0.0,0.0,1.0,0.0,0.0,0.0,0.0,0.0,,,0.0
La Liga,Rafa Mir,Sevilla,ESP,FW,24,1997,34,1808,6.0,0.0,0.0,32.0,18.0,23.0,9.0,0.0,3.0,,,0.0
La Liga,Suso,Sevilla,ESP,"FW,MF",27,1993,8,384,0.0,0.0,0.0,1.0,7.0,2.0,12.0,0.0,3.0,,,0.0
La Liga,Thomas Delaney,Sevilla,DEN,MF,29,1991,26,1549,4.0,1.0,1.0,26.0,20.0,1.0,14.0,14.0,25.0,,,0.0
La Liga,Valentino Scotta,Sevilla,ESP,DF,19,2001,1,1,0.0,0.0,0.0,0.0,0.0,0.0,0.0,0.0,0.0,,,0.0
La Liga,Yassine Bounou,Sevilla,MAR,GK,30,1991,31,2790,2.0,0.0,0.0,0.0,3.0,0.0,0.0,0.0,0.0,,,0.0
La Liga,Youssef En-Nesyri,Sevilla,MAR,FW,24,1997,23,1277,1.0,0.0,0.0,11.0,10.0,18.0,5.0,3.0,5.0,,,0.0
La Liga,Érik Lamela,Sevilla,ARG,"FW,MF",29,1992,20,1015,5.0,0.0,0.0,21.0,13.0,5.0,16.0,5.0,20.0,,,0.0
La Liga,Óliver Torres,Sevilla,ESP,"MF,FW",26,1994,26,1008,2.0,0.0,0.0,17.0,17.0,2.0,26.0,6.0,12.0,,,0.0
La Liga,Óscar Rodríguez Arnaiz,Sevilla,ESP,"MF,FW",23,1998,11,417,1.0,0.0,0.0,5.0,6.0,1.0,15.0,5.0,3.0,,,0.0
La Liga,Bryan Gil,Valencia,ESP,"MF,FW",20,2001,13,753,3.0,0.0,0.0,13.0,20.0,7.0,45.0,1.0,8.0,,,0.0
La Liga,Carlos Soler,Valencia,ESP,MF,24,1997,32,2474,4.0,0.0,0.0,21.0,47.0,2.0,150.0,12.0,20.0,,,0.0
La Liga,Cristhian Mosquera,Valencia,ESP,DF,17,2004,6,212,1.0,0.0,0.0,4.0,0.0,0.0,0.0,3.0,3.0,,,0.0
La Liga,Cristiano Piccini,Valencia,ITA,DF,28,1992,6,322,1.0,0.0,0.0,10.0,3.0,0.0,8.0,2.0,8.0,,,0.0
La Liga,Daniel Wass,Valencia,DEN,MF,32,1989,19,1582,6.0,0.0,0.0,29.0,17.0,0.0,35.0,13.0,15.0,,,0.0
La Liga,Denis Cheryshev,Valencia,RUS,MF,30,1990,17,563,1.0,0.0,0.0,15.0,7.0,4.0,27.0,8.0,5.0,,,0.0
La Liga,Dimitri Foulquier,Valencia,FRA,"DF,MF",28,1993,29,2342,11.0,0.0,0.0,39.0,40.0,1.0,63.0,30.0,16.0,,,0.0
La Liga,Eray Cömert,Valencia,SUI,DF,23,1998,8,408,2.0,0.0,0.0,3.0,0.0,0.0,0.0,2.0,3.0,,,0.0
La Liga,Gabriel Paulista,Valencia,BRA,DF,30,1990,19,1592,2.0,0.0,0.0,11.0,12.0,1.0,0.0,38.0,13.0,,,0.0
La Liga,Giorgi Mamardashvili,Valencia,GEO,GK,20,2000,18,1620,2.0,0.0,0.0,0.0,2.0,0.0,0.0,0.0,0.0,,,0.0
La Liga,Gonçalo Guedes,Valencia,POR,"FW,MF",24,1996,36,2606,3.0,0.0,0.0,37.0,74.0,5.0,109.0,9.0,14.0,,,0.0
La Liga,Hugo Duro,Valencia,ESP,"MF,FW",21,1999,30,1834,3.0,1.0,1.0,29.0,44.0,7.0,12.0,4.0,21.0,,,0.0
La Liga,Hugo Guillamón,Valencia,ESP,"MF,DF",21,2000,31,2361,11.0,2.0,1.0,71.0,63.0,2.0,7.0,29.0,26.0,,,1.0
La Liga,Hélder Costa,Valencia,ANG,MF,27,1994,22,1118,3.0,0.0,0.0,28.0,14.0,1.0,46.0,3.0,16.0,,,0.0
La Liga,Ilaix Moriba,Valencia,GUI,MF,18,2003,14,818,9.0,1.0,1.0,21.0,25.0,0.0,3.0,13.0,17.0,,,0.0
La Liga,Jason,Valencia,ESP,MF,27,1994,5,75,2.0,0.0,0.0,3.0,4.0,0.0,7.0,0.0,1.0,,,0.0
La Liga,Jasper Cillessen,Valencia,NED,GK,32,1989,17,1457,1.0,0.0,0.0,0.0,1.0,0.0,0.0,0.0,0.0,,,0.0
La Liga,Jaume Doménech,Valencia,ESP,GK,30,1990,4,343,1.0,0.0,0.0,0.0,0.0,0.0,0.0,0.0,0.0,,,0.0
La Liga,Jesus Vazquez,Valencia,ESP,"MF,DF",18,2003,15,813,0.0,0.0,0.0,14.0,8.0,0.0,24.0,9.0,12.0,,,0.0
La Liga,José Luis Gayà,Valencia,ESP,DF,26,1995,24,1871,8.0,2.0,1.0,34.0,21.0,4.0,95.0,16.0,21.0,,,0.0
La Liga,Koba Koindredi,Valencia,FRA,MF,19,2001,10,181,1.0,0.0,0.0,8.0,6.0,0.0,2.0,4.0,3.0,,,0.0
La Liga,Manu Vallejo,Valencia,ESP,"FW,MF",24,1997,9,98,3.0,0.0,0.0,6.0,1.0,1.0,8.0,0.0,1.0,,,0.0
La Liga,Marcos André,Valencia,BRA,"FW,MF",24,1996,29,973,3.0,0.0,0.0,23.0,22.0,4.0,3.0,7.0,12.0,,,0.0
La Liga,Mario Dominguez,Valencia,ESP,MF,17,2004,2,25,0.0,0.0,0.0,1.0,0.0,0.0,0.0,0.0,0.0,,,0.0
La Liga,Maxi Gómez,Valencia,URU,FW,24,1996,29,1956,7.0,1.0,1.0,49.0,55.0,10.0,19.0,3.0,3.0,,,0.0
La Liga,Mouctar Diakhaby,Valencia,GUI,DF,24,1996,29,1948,11.0,0.0,0.0,26.0,15.0,1.0,5.0,33.0,25.0,,,2.0
La Liga,Omar Alderete,Valencia,PAR,DF,24,1996,29,2403,15.0,0.0,0.0,42.0,7.0,0.0,4.0,34.0,34.0,,,0.0
La Liga,Ruben Lendinez,Valencia,ESP,DF,18,2003,4,137,2.0,0.0,0.0,2.0,0.0,0.0,0.0,2.0,3.0,,,0.0
La Liga,Rubén Sobrino,Valencia,ESP,"FW,MF",29,1992,1,14,0.0,0.0,0.0,2.0,0.0,0.0,0.0,2.0,1.0,,,0.0
La Liga,Thierry Correia,Valencia,POR,"DF,MF",22,1999,19,1414,5.0,0.0,0.0,32.0,29.0,0.0,50.0,18.0,24.0,,,0.0
La Liga,Toni Lato,Valencia,ESP,DF,23,1997,11,590,5.0,0.0,0.0,14.0,6.0,1.0,19.0,7.0,13.0,,,0.0
La Liga,Uroš Račić,Valencia,SRB,MF,23,1998,28,1206,3.0,1.0,1.0,29.0,25.0,1.0,5.0,14.0,18.0,,,0.0
La Liga,Yellu Santiago,Valencia,ESP,MF,17,2004,3,82,0.0,0.0,0.0,1.0,1.0,0.0,0.0,0.0,2.0,,,0.0
La Liga,Yunus Musah,Valencia,USA,"MF,FW",18,2002,29,1259,5.0,0.0,0.0,24.0,16.0,0.0,27.0,14.0,14.0,,,0.0
La Liga,Alberto Moreno,Villarreal,ESP,"MF,DF",29,1992,24,1223,3.0,0.0,0.0,19.0,21.0,6.0,46.0,25.0,7.0,,,0.0
La Liga,Alfonso Pedraza,Villarreal,ESP,DF,25,1996,28,1701,2.0,0.0,0.0,35.0,26.0,2.0,104.0,30.0,18.0,,,0.0
La Liga,Arnaut Danjuma,Villarreal,NED,FW,24,1997,23,1472,1.0,0.0,0.0,3.0,18.0,17.0,29.0,2.0,6.0,,,0.0
La Liga,Aïssa Mandi,Villarreal,ALG,DF,29,1991,17,1375,3.0,0.0,0.0,14.0,5.0,1.0,0.0,15.0,5.0,,,1.0
La Liga,Boulaye Dia,Villarreal,SEN,FW,24,1996,25,1269,3.0,0.0,0.0,23.0,13.0,7.0,1.0,4.0,5.0,,,0.0
La Liga,Carlo,Villarreal,ESP,MF,20,2001,1,7,0.0,0.0,0.0,0.0,0.0,0.0,0.0,0.0,0.0,,,0.0
La Liga,Dani Raba,Villarreal,ESP,"FW,MF",25,1995,7,89,1.0,0.0,0.0,4.0,5.0,1.0,9.0,1.0,0.0,,,0.0
La Liga,Daniel Parejo,Villarreal,ESP,MF,32,1989,33,2704,3.0,0.0,0.0,16.0,56.0,0.0,143.0,28.0,28.0,,,0.0
La Liga,Francis Coquelin,Villarreal,FRA,MF,30,1991,20,830,3.0,0.0,0.0,22.0,13.0,0.0,1.0,21.0,16.0,,,0.0
La Liga,Gerard Moreno,Villarreal,ESP,FW,29,1992,17,1191,2.0,0.0,0.0,11.0,14.0,8.0,12.0,5.0,2.0,,,0.0
La Liga,Gerónimo Rulli,Villarreal,ARG,GK,29,1992,32,2880,2.0,0.0,0.0,0.0,2.0,0.0,0.0,1.0,0.0,,,0.0
La Liga,Giovani Lo Celso,Villarreal,ARG,"FW,MF",25,1996,16,994,3.0,0.0,0.0,17.0,42.0,3.0,14.0,3.0,12.0,,,0.0
La Liga,Juan Foyth,Villarreal,ARG,DF,23,1998,25,1924,6.0,1.0,1.0,39.0,22.0,0.0,8.0,22.0,50.0,,,0.0
La Liga,Manu Trigueros,Villarreal,ESP,"MF,FW",29,1991,35,2178,3.0,0.0,0.0,49.0,43.0,0.0,20.0,15.0,26.0,,,0.0
La Liga,Mario Gaspar,Villarreal,ESP,DF,30,1990,12,623,1.0,0.0,0.0,8.0,2.0,0.0,4.0,6.0,4.0,,,0.0
La Liga,Moi Gómez,Villarreal,ESP,"MF,FW",27,1994,29,1286,2.0,0.0,0.0,22.0,11.0,1.0,33.0,7.0,9.0,,,0.0
La Liga,Nicolas Jackson,Villarreal,SEN,FW,20,2001,9,165,1.0,0.0,0.0,2.0,5.0,1.0,1.0,1.0,1.0,,,0.0
La Liga,Nikita Iosifov,Villarreal,RUS,FW,20,2001,1,1,0.0,0.0,0.0,0.0,0.0,0.0,2.0,0.0,0.0,,,0.0
La Liga,Paco Alcácer,Villarreal,ESP,FW,27,1993,18,787,1.0,0.0,0.0,5.0,7.0,8.0,2.0,6.0,3.0,,,0.0
La Liga,Pau Torres,Villarreal,ESP,DF,24,1997,33,2855,5.0,0.0,0.0,14.0,16.0,0.0,5.0,19.0,19.0,,,0.0
La Liga,Pervis Estupiñán,Villarreal,ECU,DF,23,1998,28,1575,3.0,0.0,0.0,24.0,11.0,11.0,71.0,27.0,23.0,,,0.0
La Liga,Raúl Albiol,Villarreal,ESP,DF,35,1985,28,2465,8.0,0.0,0.0,18.0,12.0,2.0,3.0,20.0,17.0,,,0.0
La Liga,Rubén Peña,Villarreal,ESP,MF,30,1991,7,132,1.0,0.0,0.0,8.0,4.0,0.0,6.0,5.0,0.0,,,0.0
La Liga,Samuel Chukwueze,Villarreal,NGA,MF,22,1999,27,1333,4.0,0.0,0.0,11.0,16.0,12.0,17.0,5.0,10.0,,,0.0
La Liga,Serge Aurier,Villarreal,CIV,DF,28,1992,19,1010,4.0,0.0,0.0,15.0,6.0,1.0,26.0,11.0,8.0,,,0.0
La Liga,Sergio Asenjo,Villarreal,ESP,GK,32,1989,6,540,1.0,0.0,0.0,0.0,0.0,0.0,0.0,2.0,0.0,,,0.0
La Liga,Vicente Iborra,Villarreal,ESP,MF,33,1988,20,1034,4.0,0.0,0.0,20.0,10.0,0.0,0.0,10.0,10.0,,,0.0
La Liga,Yéremy Pino,Villarreal,ESP,"MF,FW",18,2002,31,1678,2.0,0.0,0.0,29.0,34.0,10.0,15.0,7.0,14.0,,,0.0
La Liga,Étienne Capoue,Villarreal,FRA,MF,33,1988,30,2290,9.0,0.0,0.0,44.0,44.0,0.0,5.0,33.0,25.0,,,0.0
Ligue 1,Abdoulaye Bamba,Angers,CIV,"MF,DF",31,1990,10,458,1.0,0.0,0.0,5.0,6.0,0.0,10.0,8.0,5.0,,,1.0
Ligue 1,Angelo Fulgini,Angers,NCL,"MF,FW",24,1996,36,2929,6.0,0.0,0.0,36.0,84.0,5.0,68.0,17.0,26.0,,,0.0
Ligue 1,Anthony Mandrea,Angers,ALG,GK,24,1996,10,900,0.0,0.0,0.0,0.0,2.0,0.0,0.0,0.0,0.0,,,0.0
Ligue 1,Antonin Bobichon,Angers,FRA,"FW,MF",25,1995,4,38,0.0,0.0,0.0,0.0,0.0,0.0,1.0,0.0,0.0,,,0.0
Ligue 1,Azzedine Ounahi,Angers,MAR,MF,21,2000,32,1633,2.0,0.0,0.0,20.0,25.0,1.0,19.0,23.0,18.0,,,0.0
Ligue 1,Batista Mendy,Angers,FRA,"MF,DF",21,2000,34,2413,5.0,0.0,0.0,52.0,11.0,1.0,5.0,34.0,31.0,,,2.0
Ligue 1,Bilal Brahimi,Angers,ALG,FW,21,2000,9,338,0.0,0.0,0.0,2.0,9.0,1.0,11.0,1.0,1.0,,,0.0
Ligue 1,Casimir Ninga,Angers,CHA,FW,28,1993,16,409,2.0,0.0,0.0,11.0,13.0,3.0,3.0,1.0,1.0,,,0.0
Ligue 1,Danijel Petković,Angers,MNE,GK,28,1993,15,1350,1.0,0.0,0.0,0.0,3.0,0.0,0.0,1.0,0.0,,,0.0
Ligue 1,Enzo Ebosse,Angers,CMR,"DF,MF",22,1999,27,1890,1.0,0.0,0.0,14.0,21.0,0.0,16.0,15.0,16.0,,,0.0
Ligue 1,Farid El Melali,Angers,ALG,MF,24,1997,2,14,0.0,0.0,0.0,0.0,0.0,0.0,1.0,0.0,0.0,,,0.0
Ligue 1,Guédé Nadje,Angers,FRA,FW,17,2003,1,3,0.0,0.0,0.0,0.0,0.0,0.0,0.0,0.0,0.0,,,0.0
Ligue 1,Ismaël Traoré,Angers,CIV,DF,34,1986,37,3215,1.0,0.0,0.0,15.0,6.0,0.0,5.0,42.0,16.0,,,0.0
Ligue 1,Jason Mbock,Angers,FRA,FW,21,1999,1,17,1.0,0.0,0.0,0.0,2.0,1.0,1.0,0.0,0.0,,,0.0
Ligue 1,Jimmy Cabot,Angers,FRA,MF,27,1994,24,2008,4.0,0.0,0.0,33.0,32.0,1.0,71.0,33.0,49.0,,,0.0
Ligue 1,Marin Jakoliš,Angers,CRO,FW,24,1996,10,229,0.0,0.0,0.0,5.0,2.0,2.0,7.0,1.0,1.0,,,0.0
Ligue 1,Mathias Pereira Lage,Angers,POR,"MF,DF",24,1996,24,1040,0.0,0.0,0.0,23.0,14.0,1.0,26.0,21.0,9.0,,,0.0
Ligue 1,Mohamed Ali Cho,Angers,FRA,FW,17,2004,32,1837,6.0,2.0,2.0,33.0,44.0,11.0,24.0,7.0,6.0,,,0.0
Ligue 1,Nabil Bentaleb,Angers,ALG,MF,26,1994,18,1515,4.0,0.0,0.0,29.0,13.0,0.0,2.0,28.0,25.0,,,0.0
Ligue 1,Noah Fatar,Angers,FRA,FW,19,2002,3,5,0.0,0.0,0.0,0.0,1.0,0.0,0.0,1.0,0.0,,,0.0
Ligue 1,Paul Bernardoni,Angers,FRA,GK,24,1997,13,1170,0.0,0.0,0.0,0.0,2.0,0.0,0.0,0.0,2.0,,,0.0
Ligue 1,Pierrick Capelle,Angers,FRA,MF,34,1987,30,1193,1.0,0.0,0.0,22.0,5.0,0.0,18.0,15.0,25.0,,,0.0
Ligue 1,Romain Thomas,Angers,FRA,DF,33,1988,30,2563,9.0,0.0,0.0,38.0,19.0,0.0,0.0,43.0,40.0,,,0.0
Ligue 1,Sada Thioub,Angers,SEN,"FW,MF",26,1995,1,3,0.0,0.0,0.0,0.0,0.0,0.0,0.0,0.0,0.0,,,0.0
Ligue 1,Sofiane Boufal,Angers,MAR,"FW,MF",27,1993,29,2330,6.0,0.0,0.0,44.0,79.0,14.0,108.0,5.0,27.0,,,0.0
Ligue 1,Souleyman Doumbia,Angers,CIV,"MF,DF",24,1996,27,2219,10.0,1.0,0.0,22.0,25.0,1.0,71.0,38.0,20.0,,,0.0
Ligue 1,Stéphane Bahoken,Angers,CMR,FW,29,1992,29,1099,0.0,0.0,0.0,22.0,14.0,4.0,10.0,2.0,8.0,,,0.0
Ligue 1,Thomas Mangani,Angers,FRA,MF,34,1987,33,2193,6.0,0.0,0.0,25.0,14.0,0.0,88.0,37.0,35.0,,,0.0
Ligue 1,Vincent Manceau,Angers,FRA,DF,32,1989,28,2361,2.0,1.0,1.0,13.0,14.0,0.0,9.0,33.0,18.0,,,0.0
Ligue 1,Waniss Taibi,Angers,FRA,MF,19,2002,7,132,2.0,0.0,0.0,6.0,2.0,0.0,1.0,2.0,7.0,,,0.0
Ligue 1,Abdel Jalil Medioub,Bordeaux,ALG,DF,23,1997,10,622,0.0,0.0,0.0,3.0,1.0,0.0,0.0,15.0,5.0,,,0.0
Ligue 1,Alberth Elis,Bordeaux,HON,"FW,MF",25,1996,20,1409,2.0,0.0,0.0,22.0,21.0,9.0,28.0,7.0,8.0,,,0.0
Ligue 1,Amadou Traore,Bordeaux,FRA,FW,19,2002,1,19,0.0,0.0,0.0,1.0,0.0,0.0,1.0,0.0,0.0,,,0.0
Ligue 1,Anel Ahmedhodžić,Bordeaux,BIH,DF,22,1999,15,1350,6.0,0.0,0.0,20.0,11.0,0.0,6.0,21.0,26.0,,,0.0
Ligue 1,Benoît Costil,Bordeaux,FRA,GK,34,1987,25,2250,1.0,0.0,0.0,0.0,3.0,0.0,0.0,0.0,0.0,,,0.0
Ligue 1,Danylo Ihnatenko,Bordeaux,UKR,MF,24,1997,11,692,3.0,1.0,0.0,17.0,7.0,0.0,8.0,5.0,10.0,,,0.0
Ligue 1,Dilane Bakwa,Bordeaux,FRA,"FW,MF",18,2002,5,43,0.0,0.0,0.0,2.0,1.0,0.0,0.0,0.0,1.0,,,0.0
Ligue 1,Enock Kwateng,Bordeaux,FRA,"DF,MF",24,1997,29,2002,6.0,1.0,1.0,22.0,16.0,1.0,42.0,43.0,36.0,,,0.0
Ligue 1,Fransérgio,Bordeaux,BRA,MF,30,1990,26,1258,7.0,0.0,0.0,26.0,11.0,0.0,6.0,22.0,10.0,,,0.0
Ligue 1,Gaëtan Poussin,Bordeaux,FRA,GK,22,1999,13,1170,3.0,0.0,0.0,0.0,1.0,0.0,0.0,0.0,1.0,,,1.0
Ligue 1,Gideon Mensah,Bordeaux,GHA,"DF,MF",23,1998,23,1208,1.0,1.0,0.0,16.0,5.0,2.0,56.0,13.0,24.0,,,0.0
Ligue 1,Hwang Ui-jo,Bordeaux,KOR,FW,28,1992,32,2508,3.0,0.0,0.0,17.0,23.0,22.0,32.0,5.0,4.0,,,0.0
Ligue 1,Issouf Sissokho,Bordeaux,MLI,MF,19,2002,7,436,3.0,1.0,1.0,12.0,7.0,0.0,6.0,6.0,9.0,,,0.0
Ligue 1,Javairô Dilrosun,Bordeaux,NED,"MF,FW",23,1998,32,1732,3.0,0.0,0.0,12.0,30.0,1.0,68.0,10.0,4.0,,,0.0
Ligue 1,Jean Onana,Bordeaux,CMR,MF,21,2000,23,1832,3.0,1.0,0.0,39.0,36.0,1.0,18.0,35.0,52.0,,,0.0
Ligue 1,Jimmy Briand,Bordeaux,FRA,FW,35,1985,17,226,1.0,0.0,0.0,5.0,0.0,1.0,2.0,1.0,0.0,,,0.0
Ligue 1,Johaneko Louisjean,Bordeaux,FRA,DF,17,2004,1,12,0.0,0.0,0.0,0.0,0.0,0.0,0.0,0.0,0.0,,,0.0
Ligue 1,Josh Maja,Bordeaux,NGA,FW,22,1998,2,9,0.0,0.0,0.0,0.0,0.0,0.0,0.0,0.0,0.0,,,0.0
Ligue 1,Josuha Guilavogui,Bordeaux,FRA,"MF,DF",30,1990,15,1331,4.0,0.0,0.0,22.0,13.0,0.0,6.0,35.0,17.0,,,0.0
Ligue 1,Junior Mwanga,Bordeaux,FRA,DF,18,2003,1,90,0.0,0.0,0.0,0.0,0.0,0.0,1.0,0.0,2.0,,,0.0
Ligue 1,Laurent Koscielny,Bordeaux,FRA,DF,35,1985,11,933,2.0,0.0,0.0,11.0,9.0,0.0,0.0,11.0,8.0,,,0.0
Ligue 1,Loris Benito,Bordeaux,SUI,DF,29,1992,1,61,0.0,0.0,0.0,1.0,0.0,0.0,0.0,1.0,0.0,,,0.0
Ligue 1,M'Baye Niang,Bordeaux,SEN,FW,26,1994,22,777,3.0,0.0,0.0,23.0,19.0,8.0,3.0,1.0,0.0,,,0.0
Ligue 1,Marcelo,Bordeaux,BRA,DF,34,1987,11,898,4.0,0.0,0.0,7.0,2.0,0.0,1.0,11.0,5.0,,,1.0
Ligue 1,Mehdi Zerkane,Bordeaux,ALG,MF,22,1999,6,83,0.0,0.0,0.0,1.0,2.0,0.0,0.0,2.0,0.0,,,0.0
Ligue 1,Mexer,Bordeaux,MOZ,DF,32,1988,16,1227,2.0,0.0,0.0,4.0,7.0,0.0,6.0,19.0,9.0,,,0.0
Ligue 1,Otávio,Bordeaux,BRA,MF,27,1994,16,1147,3.0,0.0,0.0,21.0,10.0,0.0,4.0,16.0,22.0,,,0.0
Ligue 1,Paul Baysse,Bordeaux,FRA,DF,33,1988,2,11,0.0,0.0,0.0,0.0,0.0,0.0,0.0,0.0,1.0,,,0.0
Ligue 1,Remi Oudin,Bordeaux,FRA,"MF,FW",24,1996,33,1737,6.0,0.0,0.0,12.0,14.0,3.0,67.0,25.0,19.0,,,0.0
Ligue 1,Ricardo Mangas,Bordeaux,POR,"DF,MF",23,1998,29,2353,2.0,0.0,0.0,25.0,29.0,1.0,41.0,25.0,22.0,,,1.0
Ligue 1,Rubén Pardo,Bordeaux,ESP,MF,28,1992,1,6,0.0,0.0,0.0,0.0,0.0,0.0,0.0,0.0,0.0,,,0.0
Ligue 1,Samuel Kalu,Bordeaux,NGA,"MF,FW",23,1997,11,328,1.0,0.0,0.0,3.0,7.0,0.0,19.0,3.0,5.0,,,0.0
Ligue 1,Sekou Mara,Bordeaux,FRA,FW,19,2002,26,905,2.0,0.0,0.0,22.0,24.0,2.0,5.0,2.0,4.0,,,0.0
Ligue 1,Stian Rode Gregersen,Bordeaux,NOR,DF,26,1995,24,1953,7.0,0.0,0.0,25.0,23.0,1.0,6.0,35.0,26.0,,,0.0
Ligue 1,Thibault Klidje,Bordeaux,TOG,FW,20,2001,5,86,0.0,0.0,0.0,3.0,5.0,1.0,6.0,2.0,0.0,,,0.0
Ligue 1,Timothee Pembele,Bordeaux,FRA,"DF,MF",18,2002,26,1414,3.0,0.0,0.0,19.0,17.0,1.0,42.0,15.0,8.0,,,0.0
Ligue 1,Tom Lacoux,Bordeaux,FRA,MF,19,2002,13,907,5.0,0.0,0.0,18.0,6.0,0.0,7.0,10.0,14.0,,,0.0
Ligue 1,Toma Bašić,Bordeaux,CRO,MF,24,1996,3,209,0.0,0.0,0.0,6.0,2.0,0.0,19.0,2.0,2.0,,,0.0
Ligue 1,Yacine Adli,Bordeaux,FRA,"MF,FW",21,2000,36,2260,5.0,0.0,0.0,21.0,27.0,4.0,119.0,33.0,28.0,,,0.0
Ligue 1,Brendan Chardonnet,Brest,FRA,DF,26,1994,32,2686,6.0,1.0,0.0,26.0,25.0,0.0,3.0,60.0,25.0,,,0.0
Ligue 1,Christophe Hérelle,Brest,MTQ,DF,28,1992,23,1932,6.0,0.0,0.0,20.0,24.0,1.0,1.0,44.0,28.0,,,0.0
Ligue 1,Dénys Bain,Brest,FRA,DF,28,1993,2,180,0.0,0.0,0.0,4.0,2.0,0.0,0.0,2.0,3.0,,,0.0
Ligue 1,Franck Honorat,Brest,FRA,"MF,FW",24,1996,34,2899,3.0,0.0,0.0,24.0,21.0,5.0,184.0,16.0,38.0,,,0.0
Ligue 1,Haris Belkebla,Brest,ALG,MF,27,1994,31,2310,2.0,0.0,0.0,27.0,39.0,0.0,12.0,49.0,25.0,,,0.0
Ligue 1,Hianga'a Mbock,Brest,FRA,MF,21,1999,14,799,3.0,0.0,0.0,20.0,8.0,0.0,0.0,5.0,12.0,,,0.0
Ligue 1,Hugo Magnetti,Brest,FRA,MF,23,1998,28,1463,4.0,0.0,0.0,26.0,19.0,0.0,9.0,24.0,33.0,,,0.0
Ligue 1,Irvin Cardona,Brest,MLT,"FW,MF",23,1997,32,1334,2.0,0.0,0.0,16.0,14.0,9.0,19.0,6.0,7.0,,,0.0
Ligue 1,Jean-Kevin Duverne,Brest,HAI,DF,24,1997,37,3007,1.0,0.0,0.0,35.0,31.0,3.0,76.0,53.0,40.0,,,1.0
Ligue 1,Jere Uronen,Brest,FIN,"DF,MF",27,1994,15,878,0.0,0.0,0.0,4.0,9.0,0.0,18.0,17.0,16.0,,,0.0
Ligue 1,Julien Faussurier,Brest,FRA,"MF,DF",34,1987,16,489,1.0,0.0,0.0,5.0,8.0,5.0,39.0,4.0,6.0,,,0.0
Ligue 1,Jérémy Le Douaron,Brest,FRA,"FW,MF",23,1998,32,1446,0.0,0.0,0.0,17.0,27.0,2.0,43.0,4.0,7.0,,,0.0
Ligue 1,Lilian Brassier,Brest,FRA,DF,21,1999,31,2263,4.0,0.0,0.0,23.0,18.0,0.0,17.0,33.0,25.0,,,1.0
Ligue 1,Lucien Agoume,Brest,FRA,MF,19,2002,27,1868,6.0,0.0,0.0,31.0,15.0,0.0,6.0,49.0,33.0,,,0.0
Ligue 1,Marco Bizot,Brest,NED,GK,30,1991,38,3420,1.0,0.0,0.0,0.0,3.0,0.0,0.0,0.0,2.0,,,0.0
Ligue 1,Martin Satriano,Brest,URU,FW,20,2001,15,932,5.0,0.0,0.0,14.0,13.0,2.0,4.0,2.0,2.0,,,0.0
Ligue 1,Paul Lasne,Brest,FRA,MF,32,1989,15,847,1.0,0.0,0.0,11.0,15.0,0.0,10.0,22.0,14.0,,,0.0
Ligue 1,Rafiki Said,Brest,COM,"FW,MF",21,2000,14,122,1.0,0.0,0.0,6.0,3.0,1.0,4.0,0.0,2.0,,,0.0
Ligue 1,Romain Del Castillo,Brest,FRA,MF,25,1996,19,975,1.0,1.0,0.0,16.0,20.0,0.0,45.0,7.0,13.0,,,0.0
Ligue 1,Romain Faivre,Brest,FRA,MF,23,1998,21,1795,1.0,0.0,0.0,16.0,27.0,1.0,116.0,11.0,16.0,,,0.0
Ligue 1,Romain Philippoteaux,Brest,FRA,"FW,MF",33,1988,1,24,0.0,0.0,0.0,0.0,0.0,1.0,1.0,0.0,1.0,,,0.0
Ligue 1,Ronaël Pierre-Gabriel,Brest,FRA,DF,23,1998,30,2548,6.0,0.0,0.0,27.0,28.0,3.0,38.0,47.0,45.0,,,0.0
Ligue 1,Steve Mounié,Brest,BEN,FW,26,1994,35,2312,2.0,0.0,0.0,42.0,28.0,10.0,11.0,6.0,6.0,,,0.0
Ligue 1,Youcef Belaïli,Brest,ALG,"MF,FW",29,1992,13,825,2.0,0.0,0.0,12.0,19.0,2.0,48.0,6.0,1.0,,,0.0
Ligue 1,Youssouph Badji,Brest,SEN,FW,19,2001,9,135,0.0,0.0,0.0,4.0,0.0,1.0,1.0,0.0,0.0,,,0.0
Ligue 1,Aboubakar Sidibé,Clermont Foot,FRA,FW,25,1996,1,6,0.0,0.0,0.0,0.0,0.0,0.0,0.0,0.0,0.0,,,0.0
Ligue 1,Akim Zedadka,Clermont Foot,ALG,DF,26,1995,38,3337,5.0,0.0,0.0,27.0,88.0,5.0,125.0,60.0,48.0,,,0.0
Ligue 1,Alidu Seidu,Clermont Foot,GHA,DF,21,2000,21,1410,7.0,2.0,1.0,17.0,28.0,1.0,3.0,32.0,20.0,,,0.0
Ligue 1,Arial Mendy,Clermont Foot,SEN,"DF,MF",26,1994,18,792,1.0,0.0,0.0,6.0,11.0,0.0,38.0,7.0,3.0,,,0.0
Ligue 1,Arthur Desmas,Clermont Foot,FRA,GK,27,1994,15,1304,0.0,0.0,0.0,0.0,4.0,0.0,0.0,0.0,0.0,,,1.0
Ligue 1,Cédric Hountondji,Clermont Foot,BEN,DF,27,1994,23,2034,2.0,0.0,0.0,12.0,7.0,0.0,1.0,36.0,18.0,,,1.0
Ligue 1,Elba Rashani,Clermont Foot,KVX,"MF,FW",28,1993,29,1759,3.0,0.0,0.0,38.0,30.0,5.0,39.0,11.0,23.0,,,0.0
Ligue 1,Florent Ogier,Clermont Foot,FRA,DF,32,1989,30,2429,6.0,0.0,0.0,18.0,13.0,0.0,3.0,33.0,17.0,,,0.0
Ligue 1,Grejohn Kyei,Clermont Foot,FRA,FW,25,1995,14,396,1.0,0.0,0.0,14.0,8.0,1.0,0.0,0.0,2.0,,,0.0
Ligue 1,Jason Berthomier,Clermont Foot,FRA,MF,31,1990,29,1732,0.0,0.0,0.0,14.0,15.0,2.0,129.0,6.0,17.0,,,0.0
Ligue 1,Jean-Claude Billong,Clermont Foot,CMR,DF,27,1993,15,980,2.0,0.0,0.0,7.0,9.0,0.0,1.0,9.0,10.0,,,0.0
Ligue 1,Jim Allevinah,Clermont Foot,GAB,"MF,FW",26,1995,30,1488,1.0,0.0,0.0,16.0,34.0,2.0,35.0,6.0,14.0,,,0.0
Ligue 1,Jodel Dossou,Clermont Foot,BEN,"MF,FW",29,1992,35,2008,4.0,0.0,0.0,26.0,38.0,14.0,61.0,7.0,17.0,,,0.0
Ligue 1,Johan Gastien,Clermont Foot,FRA,MF,33,1988,32,2746,8.0,2.0,0.0,29.0,33.0,0.0,60.0,53.0,34.0,,,1.0
Ligue 1,Jonathan Iglesias,Clermont Foot,URU,MF,32,1988,15,579,0.0,0.0,0.0,11.0,11.0,0.0,2.0,5.0,11.0,,,0.0
Ligue 1,Jordan Tell,Clermont Foot,GLP,FW,24,1997,15,290,1.0,0.0,0.0,3.0,3.0,0.0,2.0,0.0,5.0,,,0.0
Ligue 1,Josué Albert,Clermont Foot,GUF,DF,29,1992,2,22,0.0,0.0,0.0,1.0,0.0,0.0,0.0,1.0,0.0,,,0.0
Ligue 1,Jérôme Phojo,Clermont Foot,FRA,DF,28,1993,1,6,0.0,0.0,0.0,0.0,0.0,0.0,0.0,0.0,1.0,,,0.0
Ligue 1,Lucas Da Cunha,Clermont Foot,FRA,"FW,MF",20,2001,15,836,0.0,0.0,0.0,6.0,5.0,1.0,19.0,1.0,11.0,,,0.0
Ligue 1,Mohamed Lamine Bayo,Clermont Foot,GUI,FW,23,1998,32,2413,1.0,0.0,0.0,19.0,5.0,14.0,14.0,6.0,5.0,,,0.0
Ligue 1,Oriol Busquets,Clermont Foot,ESP,MF,22,1999,9,201,0.0,0.0,0.0,2.0,0.0,0.0,1.0,1.0,3.0,,,0.0
Ligue 1,Ouparine Djoco,Clermont Foot,GNB,GK,23,1998,24,2116,1.0,0.0,0.0,1.0,4.0,0.0,0.0,1.0,0.0,,,0.0
Ligue 1,Pierre-Yves Hamel,Clermont Foot,FRA,FW,27,1994,17,523,2.0,0.0,0.0,13.0,9.0,2.0,2.0,0.0,7.0,,,0.0
Ligue 1,Salis Abdul Samed,Clermont Foot,GHA,MF,21,2000,31,2462,12.0,3.0,2.0,43.0,37.0,0.0,14.0,40.0,26.0,,,0.0
Ligue 1,Saîf-Eddine Khaoui,Clermont Foot,TUN,"MF,FW",26,1995,23,927,1.0,0.0,0.0,11.0,15.0,0.0,40.0,13.0,11.0,,,0.0
Ligue 1,Vital N'Simba,Clermont Foot,COD,DF,28,1993,34,2789,4.0,0.0,0.0,28.0,48.0,0.0,113.0,27.0,46.0,,,0.0
Ligue 1,Yadaly Diaby,Clermont Foot,GUI,"FW,MF",20,2000,5,67,1.0,1.0,0.0,2.0,1.0,0.0,0.0,1.0,0.0,,,0.0
Ligue 1,Yohann Magnin,Clermont Foot,FRA,"MF,DF",24,1997,24,1717,2.0,0.0,0.0,21.0,25.0,5.0,12.0,20.0,33.0,,,0.0
Ligue 1,Arnaud Kalimuendo,Lens,FRA,FW,19,2002,32,2148,1.0,1.0,0.0,14.0,33.0,12.0,16.0,8.0,7.0,,,0.0
Ligue 1,Brayann Pereira,Lens,FRA,DF,18,2003,2,15,0.0,0.0,0.0,0.0,0.0,0.0,2.0,0.0,1.0,,,0.0
Ligue 1,Charles Boli,Lens,FRA,MF,22,1998,4,32,0.0,0.0,0.0,0.0,2.0,0.0,2.0,0.0,1.0,,,0.0
Ligue 1,Cheick Doucouré,Lens,MLI,MF,21,2000,34,2946,7.0,1.0,0.0,42.0,24.0,0.0,8.0,63.0,41.0,,,0.0
Ligue 1,Christopher Wooh,Lens,CMR,DF,19,2001,14,1050,2.0,0.0,0.0,9.0,11.0,0.0,1.0,23.0,13.0,,,0.0
Ligue 1,Corentin Jean,Lens,FRA,FW,26,1995,17,255,2.0,0.0,0.0,7.0,5.0,2.0,10.0,1.0,6.0,,,0.0
Ligue 1,David Costa,Lens,POR,"MF,FW",20,2001,33,1464,2.0,0.0,0.0,9.0,14.0,0.0,36.0,12.0,12.0,,,0.0
Ligue 1,Deiver Machado,Lens,COL,MF,27,1993,22,523,1.0,0.0,0.0,4.0,11.0,2.0,17.0,4.0,14.0,,,0.0
Ligue 1,Facundo Medina,Lens,ARG,DF,22,1999,31,2593,11.0,0.0,0.0,37.0,12.0,0.0,6.0,35.0,43.0,,,0.0
Ligue 1,Florian Sotoca,Lens,FRA,"FW,MF",30,1990,35,2480,7.0,0.0,0.0,37.0,34.0,9.0,51.0,26.0,19.0,,,0.0
Ligue 1,Gaël Kakuta,Lens,COD,"MF,FW",30,1991,29,1673,1.0,0.0,0.0,15.0,32.0,5.0,45.0,3.0,13.0,,,0.0
Ligue 1,Ibrahima Baldé,Lens,FRA,FW,18,2003,4,58,0.0,0.0,0.0,0.0,0.0,1.0,1.0,0.0,0.0,,,0.0
Ligue 1,Ignatius Ganago,Lens,CMR,FW,22,1999,28,1024,2.0,0.0,0.0,9.0,10.0,10.0,3.0,2.0,3.0,,,0.0
Ligue 1,Ismaël Boura,Lens,COM,DF,20,2000,5,95,0.0,0.0,0.0,0.0,0.0,0.0,1.0,3.0,2.0,,,0.0
Ligue 1,Jean-Louis Leca,Lens,FRA,GK,35,1985,27,2313,3.0,1.0,0.0,2.0,3.0,0.0,0.0,1.0,0.0,,,0.0
Ligue 1,Jonathan Clauss,Lens,FRA,MF,28,1992,37,3046,3.0,0.0,0.0,38.0,15.0,4.0,346.0,71.0,36.0,,,0.0
Ligue 1,Jonathan Gradit,Lens,FRA,DF,28,1992,35,3067,7.0,0.0,0.0,40.0,35.0,0.0,9.0,67.0,32.0,,,0.0
Ligue 1,Jonathan Varane,Lens,MTQ,MF,19,2001,1,1,0.0,0.0,0.0,0.0,0.0,0.0,0.0,0.0,0.0,,,0.0
Ligue 1,Kevin Danso,Lens,AUT,DF,22,1998,33,2790,9.0,2.0,1.0,43.0,36.0,1.0,1.0,40.0,31.0,,,0.0
Ligue 1,Massadio Haïdara,Lens,MLI,"MF,DF",28,1992,20,1076,5.0,1.0,0.0,20.0,11.0,0.0,18.0,24.0,20.0,,,0.0
Ligue 1,Patrick Berg,Lens,NOR,MF,23,1997,14,307,0.0,0.0,0.0,5.0,1.0,0.0,2.0,6.0,4.0,,,0.0
Ligue 1,Przemysław Frankowski,Lens,POL,MF,26,1995,37,2448,5.0,0.0,0.0,36.0,9.0,2.0,70.0,27.0,39.0,,,0.0
Ligue 1,Seko Fofana,Lens,CIV,MF,26,1995,38,3357,2.0,0.0,0.0,27.0,45.0,5.0,41.0,26.0,18.0,,,0.0
Ligue 1,Simon Banza,Lens,COD,FW,24,1996,4,124,0.0,0.0,0.0,3.0,7.0,0.0,1.0,2.0,1.0,,,0.0
Ligue 1,Steven Fortes,Lens,CPV,DF,29,1992,1,90,0.0,0.0,0.0,2.0,0.0,0.0,0.0,0.0,1.0,,,0.0
Ligue 1,Wesley Saïd,Lens,FRA,"FW,MF",26,1995,21,654,2.0,0.0,0.0,17.0,6.0,3.0,10.0,2.0,4.0,,,0.0
Ligue 1,Wuilker Faríñez,Lens,VEN,GK,23,1998,13,1105,0.0,0.0,0.0,0.0,0.0,0.0,0.0,0.0,0.0,,,0.0
Ligue 1,Yannick Cahuzac,Lens,FRA,MF,36,1985,17,618,1.0,1.0,0.0,6.0,1.0,1.0,2.0,8.0,2.0,,,0.0
Ligue 1,Amadou Onana,Lille,BEL,MF,19,2001,32,1359,2.0,1.0,0.0,31.0,25.0,2.0,0.0,26.0,30.0,,,0.0
Ligue 1,Angel Gomes,Lille,ENG,MF,20,2000,24,954,3.0,0.0,0.0,13.0,15.0,0.0,17.0,3.0,13.0,,,0.0
Ligue 1,Benjamin André,Lille,FRA,MF,30,1990,33,2752,12.0,1.0,1.0,67.0,57.0,2.0,21.0,46.0,73.0,,,0.0
Ligue 1,Burak Yılmaz,Lille,TUR,FW,36,1985,31,2211,9.0,1.0,0.0,24.0,23.0,41.0,42.0,2.0,3.0,,,0.0
Ligue 1,Cheikh Niasse,Lille,SEN,MF,21,2000,4,44,1.0,0.0,0.0,1.0,1.0,0.0,0.0,0.0,2.0,,,0.0
Ligue 1,Domagoj Bradarić,Lille,CRO,DF,21,1999,15,417,2.0,0.0,0.0,5.0,7.0,0.0,21.0,10.0,8.0,,,0.0
Ligue 1,Edon Zhegrova,Lille,KVX,MF,22,1999,13,481,2.0,1.0,1.0,5.0,4.0,0.0,30.0,1.0,7.0,,,0.0
Ligue 1,Gabriel Gudmundsson,Lille,SWE,"DF,MF",22,1999,30,1344,3.0,0.0,0.0,27.0,20.0,5.0,62.0,18.0,31.0,,,0.0
Ligue 1,Hatem Ben Arfa,Lille,FRA,"MF,FW",34,1987,7,314,1.0,0.0,0.0,7.0,4.0,2.0,7.0,0.0,2.0,,,0.0
Ligue 1,Isaac Lihadji,Lille,FRA,MF,19,2002,13,238,1.0,0.0,0.0,4.0,5.0,0.0,9.0,2.0,3.0,,,0.0
Ligue 1,Ivo Grbić,Lille,CRO,GK,25,1996,21,1890,3.0,0.0,0.0,0.0,6.0,0.0,0.0,0.0,0.0,,,0.0
Ligue 1,Jonathan Bamba,Lille,CIV,MF,25,1996,31,2428,3.0,0.0,0.0,11.0,56.0,14.0,115.0,18.0,12.0,,,0.0
Ligue 1,Jonathan David,Lille,CAN,FW,21,2000,38,2804,3.0,0.0,0.0,25.0,47.0,6.0,6.0,6.0,11.0,,,0.0
Ligue 1,Jonathan Ikone,Lille,FRA,"MF,FW",23,1998,18,1062,1.0,0.0,0.0,13.0,7.0,2.0,8.0,3.0,3.0,,,0.0
Ligue 1,José Fonte,Lille,POR,DF,37,1983,38,3420,4.0,0.0,0.0,23.0,8.0,0.0,6.0,43.0,15.0,,,0.0
Ligue 1,Jérémy Pied,Lille,FRA,"DF,FW",32,1989,2,13,0.0,0.0,0.0,0.0,0.0,0.0,3.0,1.0,0.0,,,0.0
Ligue 1,Leny Yoro,Lille,FRA,DF,15,2005,1,13,0.0,0.0,0.0,0.0,0.0,0.0,0.0,0.0,0.0,,,0.0
Ligue 1,Léo Jardim,Lille,BRA,GK,26,1995,17,1530,0.0,0.0,0.0,0.0,4.0,0.0,0.0,1.0,0.0,,,0.0
Ligue 1,Reinildo Mandava,Lille,MOZ,DF,27,1994,18,1524,7.0,0.0,0.0,33.0,27.0,1.0,21.0,36.0,24.0,,,0.0
Ligue 1,Renato Sanches,Lille,POR,"MF,FW",23,1997,25,1651,8.0,1.0,1.0,29.0,27.0,1.0,65.0,13.0,7.0,,,0.0
Ligue 1,Sven Botman,Lille,NED,DF,21,2000,25,2250,4.0,0.0,0.0,16.0,12.0,1.0,0.0,27.0,12.0,,,0.0
Ligue 1,Tiago Djaló,Lille,POR,DF,21,2000,28,2329,4.0,0.0,0.0,23.0,22.0,1.0,11.0,22.0,38.0,,,2.0
Ligue 1,Timothy Weah,Lille,USA,"MF,FW",21,2000,29,1616,2.0,1.0,0.0,11.0,20.0,6.0,49.0,9.0,8.0,,,0.0
Ligue 1,Xeka,Lille,POR,MF,26,1994,23,1619,10.0,0.0,0.0,32.0,17.0,0.0,34.0,22.0,26.0,,,0.0
Ligue 1,Yusuf Yazıcı,Lille,TUR,"MF,FW",24,1997,15,509,3.0,0.0,0.0,7.0,8.0,1.0,32.0,2.0,5.0,,,0.0
Ligue 1,Zeki Çelik,Lille,TUR,DF,24,1997,32,2696,10.0,0.0,0.0,39.0,15.0,3.0,66.0,37.0,36.0,,,0.0
Ligue 1,Adrian Grbić,Lorient,AUT,FW,24,1996,16,518,0.0,0.0,0.0,6.0,9.0,1.0,3.0,0.0,1.0,,,0.0
Ligue 1,Armand Lauriente,Lorient,FRA,"FW,MF",22,1998,35,2477,5.0,0.0,0.0,44.0,41.0,11.0,45.0,12.0,18.0,,,0.0
Ligue 1,Baptiste Mouazan,Lorient,FRA,MF,19,2001,3,96,0.0,0.0,0.0,3.0,0.0,0.0,2.0,1.0,3.0,,,0.0
Ligue 1,Bonke Innocent,Lorient,NGA,MF,25,1996,12,874,4.0,0.0,0.0,20.0,6.0,0.0,2.0,16.0,18.0,,,0.0
Ligue 1,Dango Ouattara,Lorient,BFA,"MF,FW",19,2002,25,812,4.0,0.0,0.0,21.0,19.0,0.0,19.0,12.0,15.0,,,0.0
Ligue 1,Enzo Le Fée,Lorient,FRA,"MF,FW",21,2000,36,2194,2.0,0.0,0.0,31.0,51.0,1.0,102.0,29.0,45.0,,,0.0
Ligue 1,Fabien Lemoine,Lorient,FRA,MF,34,1987,21,1117,5.0,0.0,0.0,26.0,18.0,0.0,6.0,14.0,22.0,,,0.0
Ligue 1,Houboulang Mendes,Lorient,GNB,DF,23,1998,36,3220,5.0,1.0,1.0,40.0,17.0,5.0,65.0,39.0,29.0,,,1.0
Ligue 1,Ibrahima Koné,Lorient,MLI,FW,22,1999,16,732,2.0,0.0,0.0,13.0,11.0,5.0,4.0,1.0,4.0,,,0.0
Ligue 1,Igor Carioca,Lorient,BRA,"DF,MF",24,1996,28,1578,3.0,0.0,0.0,25.0,23.0,1.0,69.0,22.0,16.0,,,0.0
Ligue 1,Julien Laporte,Lorient,FRA,DF,27,1993,33,2891,7.0,0.0,0.0,28.0,26.0,1.0,2.0,51.0,44.0,,,0.0
Ligue 1,Jérémy Morel,Lorient,MAD,DF,37,1984,9,604,0.0,0.0,0.0,5.0,5.0,0.0,1.0,6.0,8.0,,,0.0
Ligue 1,Jérôme Hergault,Lorient,FRA,"DF,MF",35,1986,8,352,2.0,2.0,1.0,7.0,3.0,0.0,13.0,4.0,3.0,,,0.0
Ligue 1,Laurent Abergel,Lorient,FRA,MF,28,1993,34,2956,9.0,0.0,0.0,41.0,69.0,1.0,37.0,54.0,63.0,,,0.0
Ligue 1,Léo Pétrot,Lorient,FRA,DF,24,1997,22,1815,0.0,0.0,0.0,7.0,10.0,0.0,1.0,22.0,17.0,,,0.0
Ligue 1,Matthieu Dreyer,Lorient,FRA,GK,32,1989,16,1440,0.0,0.0,0.0,0.0,2.0,0.0,0.0,0.0,1.0,,,0.0
Ligue 1,Moritz Jenz,Lorient,GER,DF,22,1999,17,1381,5.0,1.0,1.0,24.0,2.0,0.0,0.0,28.0,12.0,,,2.0
Ligue 1,Paul Nardi,Lorient,FRA,GK,27,1994,22,1980,1.0,0.0,0.0,0.0,3.0,0.0,0.0,0.0,0.0,,,0.0
Ligue 1,Pierre-Yves Hamel,Lorient,FRA,FW,27,1994,3,30,1.0,0.0,0.0,1.0,1.0,0.0,0.0,1.0,0.0,,,0.0
Ligue 1,Quentin Boisgard,Lorient,FRA,"MF,FW",24,1997,25,958,3.0,0.0,0.0,11.0,9.0,0.0,48.0,5.0,12.0,,,0.0
Ligue 1,Redwan Bourles,Lorient,FRA,MF,18,2003,4,16,0.0,0.0,0.0,0.0,0.0,0.0,1.0,0.0,0.0,,,0.0
Ligue 1,Sambou Soumano,Lorient,SEN,FW,20,2001,21,447,1.0,0.0,0.0,13.0,10.0,7.0,4.0,1.0,0.0,,,0.0
Ligue 1,Samuel Loric,Lorient,FRA,MF,21,2000,3,269,0.0,0.0,0.0,4.0,5.0,1.0,13.0,4.0,5.0,,,0.0
Ligue 1,Stéphane Diarra,Lorient,FRA,"FW,MF",22,1998,15,525,2.0,0.0,0.0,6.0,8.0,2.0,22.0,7.0,9.0,,,0.0
Ligue 1,Terem Moffi,Lorient,NGA,FW,22,1999,37,2711,1.0,0.0,0.0,25.0,19.0,15.0,9.0,3.0,10.0,,,0.0
Ligue 1,Thomas Fontaine,Lorient,MAD,DF,30,1991,2,167,1.0,0.0,0.0,4.0,1.0,0.0,0.0,2.0,0.0,,,0.0
Ligue 1,Thomas Monconduit,Lorient,FRA,MF,30,1991,34,2248,5.0,0.0,0.0,47.0,33.0,0.0,42.0,23.0,25.0,,,0.0
Ligue 1,Théo Le Bris,Lorient,FRA,MF,18,2002,4,61,0.0,0.0,0.0,0.0,0.0,0.0,0.0,0.0,1.0,,,0.0
Ligue 1,Vincent Le Goff,Lorient,FRA,"DF,MF",31,1989,34,3060,1.0,0.0,0.0,23.0,21.0,3.0,83.0,36.0,41.0,,,0.0
Ligue 1,Anthony Lopes,Lyon,POR,GK,30,1990,34,2982,1.0,1.0,0.0,1.0,4.0,0.0,0.0,4.0,0.0,,,0.0
Ligue 1,Bradley Barcola,Lyon,FRA,MF,18,2002,11,263,0.0,0.0,0.0,5.0,0.0,1.0,4.0,2.0,4.0,,,0.0
Ligue 1,Bruno Guimarães,Lyon,BRA,MF,23,1997,20,1634,2.0,0.0,0.0,30.0,59.0,1.0,27.0,22.0,32.0,,,0.0
Ligue 1,Castello Lukeba,Lyon,FRA,DF,18,2002,24,2095,1.0,0.0,0.0,18.0,13.0,1.0,0.0,38.0,18.0,,,0.0
Ligue 1,Damien Da Silva,Lyon,FRA,DF,33,1988,17,1126,5.0,1.0,1.0,19.0,4.0,0.0,1.0,20.0,7.0,,,0.0
Ligue 1,Emerson Palmieri,Lyon,ITA,"DF,MF",26,1994,29,2264,3.0,1.0,0.0,15.0,23.0,1.0,70.0,27.0,26.0,,,0.0
Ligue 1,Habib Keita,Lyon,MLI,MF,19,2002,3,7,0.0,0.0,0.0,0.0,0.0,0.0,0.0,0.0,0.0,,,0.0
Ligue 1,Henrique,Lyon,BRA,"DF,MF",27,1994,18,1105,3.0,0.0,0.0,13.0,14.0,0.0,21.0,21.0,8.0,,,0.0
Ligue 1,Houssem Aouar,Lyon,ALG,MF,23,1998,36,2504,1.0,0.0,0.0,27.0,39.0,3.0,23.0,21.0,30.0,,,0.0
Ligue 1,Islam Slimani,Lyon,ALG,FW,33,1988,12,573,3.0,0.0,0.0,6.0,5.0,11.0,1.0,2.0,3.0,,,0.0
Ligue 1,Jason Denayer,Lyon,BEL,DF,26,1995,15,1002,2.0,0.0,0.0,7.0,5.0,0.0,1.0,15.0,4.0,,,0.0
Ligue 1,Jeff Reine-Adélaïde,Lyon,FRA,MF,23,1998,10,198,0.0,0.0,0.0,3.0,3.0,1.0,1.0,0.0,3.0,,,0.0
Ligue 1,Julian Pollersbeck,Lyon,GER,GK,26,1994,6,436,0.0,0.0,0.0,0.0,1.0,0.0,0.0,1.0,0.0,,,0.0
Ligue 1,Jérôme Boateng,Lyon,GER,DF,32,1988,24,1622,6.0,0.0,0.0,13.0,3.0,0.0,5.0,17.0,15.0,,,0.0
Ligue 1,Karl Toko Ekambi,Lyon,CMR,"MF,FW",28,1992,30,2296,3.0,0.0,0.0,16.0,16.0,11.0,51.0,19.0,8.0,,,0.0
Ligue 1,Leo Dubois,Lyon,FRA,"DF,MF",26,1994,23,1742,5.0,0.0,0.0,18.0,14.0,1.0,80.0,20.0,30.0,,,0.0
Ligue 1,Lucas Paquetá,Lyon,BRA,"MF,FW",23,1997,35,2699,3.0,0.0,0.0,63.0,64.0,6.0,30.0,9.0,40.0,,,0.0
Ligue 1,Malo Gusto,Lyon,FRA,"DF,MF",18,2003,30,1884,3.0,0.0,0.0,26.0,20.0,2.0,69.0,28.0,36.0,,,1.0
Ligue 1,Marcelo,Lyon,BRA,DF,34,1987,2,180,1.0,0.0,0.0,3.0,1.0,0.0,0.0,4.0,3.0,,,1.0
Ligue 1,Maxence Caqueret,Lyon,FRA,MF,21,2000,31,2335,5.0,0.0,0.0,43.0,28.0,0.0,19.0,45.0,49.0,,,0.0
Ligue 1,Maxwel Cornet,Lyon,CIV,DF,24,1996,1,63,2.0,1.0,1.0,2.0,1.0,0.0,3.0,1.0,1.0,,,0.0
Ligue 1,Moussa Dembélé,Lyon,FRA,FW,25,1996,30,2207,6.0,0.0,0.0,30.0,19.0,10.0,2.0,7.0,9.0,,,0.0
Ligue 1,Rayan Cherki,Lyon,FRA,FW,17,2003,16,440,1.0,0.0,0.0,4.0,8.0,3.0,26.0,1.0,2.0,,,0.0
Ligue 1,Romain Faivre,Lyon,FRA,MF,23,1998,14,889,0.0,0.0,0.0,14.0,17.0,1.0,61.0,3.0,5.0,,,0.0
Ligue 1,Sinaly Diomande,Lyon,CIV,DF,20,2001,11,579,2.0,0.0,0.0,5.0,4.0,0.0,0.0,12.0,4.0,,,1.0
Ligue 1,Tanguy Ndombele,Lyon,FRA,MF,24,1996,11,701,3.0,0.0,0.0,12.0,19.0,0.0,2.0,3.0,16.0,,,0.0
Ligue 1,Tetê,Lyon,BRA,"FW,MF",21,2000,9,583,1.0,0.0,0.0,4.0,18.0,3.0,19.0,3.0,6.0,,,0.0
Ligue 1,Thiago Mendes,Lyon,BRA,"MF,DF",29,1992,29,1863,3.0,1.0,0.0,24.0,15.0,0.0,11.0,32.0,22.0,,,0.0
Ligue 1,Tino Kadewere,Lyon,ZIM,"MF,FW",25,1996,15,506,0.0,1.0,0.0,6.0,5.0,3.0,7.0,4.0,5.0,,,0.0
Ligue 1,Xherdan Shaqiri,Lyon,SUI,MF,29,1991,11,679,0.0,0.0,0.0,8.0,2.0,3.0,38.0,2.0,2.0,,,0.0
Ligue 1,Amine Harit,Marseille,MAR,"MF,FW",24,1997,23,1165,1.0,0.0,0.0,18.0,34.0,3.0,25.0,3.0,9.0,,,0.0
Ligue 1,Arkadiusz Milik,Marseille,POL,"FW,MF",27,1994,23,1416,1.0,0.0,0.0,19.0,8.0,8.0,5.0,3.0,2.0,,,0.0
Ligue 1,Bamba Dieng,Marseille,SEN,"FW,MF",21,2000,25,975,0.0,1.0,0.0,13.0,12.0,4.0,3.0,4.0,10.0,,,0.0
Ligue 1,Boubacar Kamara,Marseille,FRA,"MF,DF",21,1999,34,2778,5.0,0.0,0.0,40.0,42.0,0.0,9.0,43.0,39.0,,,0.0
Ligue 1,Cengiz Ünder,Marseille,TUR,"FW,MF",24,1997,32,2200,2.0,1.0,1.0,11.0,32.0,12.0,111.0,14.0,13.0,,,0.0
Ligue 1,Cédric Bakambu,Marseille,COD,"FW,MF",30,1991,12,356,1.0,0.0,0.0,5.0,2.0,5.0,3.0,0.0,0.0,,,0.0
Ligue 1,Darío Benedetto,Marseille,ARG,"FW,MF",31,1990,2,54,0.0,0.0,0.0,0.0,0.0,0.0,0.0,0.0,0.0,,,0.0
Ligue 1,Dimitri Payet,Marseille,FRA,"FW,MF",34,1987,31,2592,3.0,0.0,0.0,9.0,42.0,3.0,232.0,8.0,6.0,,,0.0
Ligue 1,Duje Ćaleta-Car,Marseille,CRO,DF,24,1996,26,2057,6.0,0.0,0.0,9.0,5.0,1.0,1.0,22.0,10.0,,,0.0
Ligue 1,Gerson,Marseille,BRA,"MF,FW",24,1997,35,2544,3.0,0.0,0.0,43.0,63.0,2.0,18.0,14.0,18.0,,,0.0
Ligue 1,Jordan Amavi,Marseille,FRA,"MF,DF",27,1994,2,128,0.0,0.0,0.0,3.0,1.0,0.0,2.0,1.0,5.0,,,0.0
Ligue 1,Konrad De La Fuente,Marseille,USA,"FW,MF",20,2001,16,785,1.0,0.0,0.0,2.0,6.0,1.0,20.0,2.0,8.0,,,0.0
Ligue 1,Leonardo Balerdi,Marseille,ARG,"DF,MF",22,1999,17,950,4.0,1.0,0.0,10.0,5.0,0.0,0.0,21.0,7.0,,,0.0
Ligue 1,Luan Peres Petroni,Marseille,BRA,DF,27,1994,34,2679,6.0,0.0,0.0,18.0,18.0,0.0,24.0,43.0,35.0,,,1.0
Ligue 1,Luis Henrique,Marseille,BRA,"MF,FW",19,2001,20,699,0.0,0.0,0.0,6.0,4.0,5.0,12.0,4.0,3.0,,,0.0
Ligue 1,Mattéo Guendouzi,Marseille,FRA,MF,22,1999,38,3152,6.0,0.0,0.0,28.0,67.0,0.0,51.0,13.0,30.0,,,0.0
Ligue 1,Nemanja Radonjić,Marseille,SRB,"FW,MF",25,1996,1,18,0.0,0.0,0.0,0.0,0.0,1.0,0.0,0.0,0.0,,,0.0
Ligue 1,Oussama Targhalline,Marseille,MAR,MF,19,2002,2,5,1.0,0.0,0.0,0.0,0.0,0.0,0.0,0.0,0.0,,,0.0
Ligue 1,Pape Gueye,Marseille,SEN,"MF,DF",22,1999,28,1528,7.0,0.0,0.0,28.0,41.0,4.0,3.0,24.0,20.0,,,0.0
Ligue 1,Pau López,Marseille,ESP,GK,26,1994,29,2610,4.0,0.0,0.0,0.0,3.0,0.0,0.0,1.0,0.0,,,0.0
Ligue 1,Pol Lirola,Marseille,ESP,"DF,MF",23,1997,34,1770,1.0,0.0,0.0,11.0,13.0,10.0,70.0,12.0,16.0,,,0.0
Ligue 1,Salim Ben Seghir,Marseille,FRA,FW,18,2003,1,1,0.0,0.0,0.0,0.0,0.0,0.0,0.0,0.0,0.0,,,0.0
Ligue 1,Sead Kolašinac,Marseille,BIH,DF,28,1993,14,440,0.0,0.0,0.0,5.0,3.0,0.0,6.0,0.0,5.0,,,0.0
Ligue 1,Steve Mandanda,Marseille,FRA,GK,36,1985,9,810,0.0,0.0,0.0,0.0,0.0,0.0,0.0,1.0,0.0,,,0.0
Ligue 1,Valentin Rongier,Marseille,FRA,"DF,MF",26,1994,32,2194,3.0,0.0,0.0,33.0,26.0,0.0,7.0,31.0,48.0,,,0.0
Ligue 1,William Saliba,Marseille,FRA,"DF,MF",20,2001,36,3240,5.0,0.0,0.0,17.0,10.0,1.0,4.0,43.0,29.0,,,0.0
Ligue 1,Álvaro González,Marseille,ESP,"DF,MF",31,1990,6,451,1.0,0.0,0.0,7.0,7.0,0.0,0.0,1.0,3.0,,,0.0
Ligue 1,Alexandre Oukidja,Metz,ALG,GK,33,1988,21,1875,2.0,1.0,0.0,1.0,10.0,0.0,0.0,1.0,0.0,,,1.0
Ligue 1,Amadou Mbengue,Metz,SEN,DF,19,2002,12,610,4.0,0.0,0.0,12.0,1.0,0.0,0.0,11.0,10.0,,,0.0
Ligue 1,Amine Bassi,Metz,FRA,"MF,FW",23,1997,5,184,0.0,0.0,0.0,4.0,4.0,0.0,16.0,0.0,3.0,,,0.0
Ligue 1,Boubacar Traoré,Metz,MLI,MF,19,2001,27,1726,9.0,1.0,1.0,52.0,15.0,0.0,1.0,22.0,28.0,,,0.0
Ligue 1,Boubakar Kouyaté,Metz,MLI,DF,24,1997,30,2665,8.0,1.0,0.0,35.0,28.0,7.0,0.0,80.0,48.0,,,0.0
Ligue 1,Cheikh Tidiane Sabaly,Metz,SEN,FW,22,1999,6,150,0.0,0.0,0.0,0.0,1.0,0.0,0.0,0.0,3.0,,,0.0
Ligue 1,Didier Lamkel Zé,Metz,CMR,FW,24,1996,9,605,2.0,0.0,0.0,8.0,14.0,4.0,5.0,1.0,2.0,,,0.0
Ligue 1,Dylan Bronn,Metz,TUN,DF,26,1995,30,2545,10.0,1.0,1.0,31.0,11.0,3.0,12.0,42.0,29.0,,,0.0
Ligue 1,Fabien Centonze,Metz,FRA,"MF,DF",25,1996,19,1586,3.0,0.0,0.0,16.0,30.0,0.0,48.0,31.0,20.0,,,0.0
Ligue 1,Fali Candé,Metz,GNB,"DF,MF",23,1998,11,973,2.0,0.0,0.0,11.0,11.0,0.0,45.0,6.0,18.0,,,0.0
Ligue 1,Farid Boulaya,Metz,ALG,"MF,FW",28,1993,24,1526,1.0,1.0,0.0,7.0,17.0,1.0,71.0,11.0,9.0,,,0.0
Ligue 1,Georges Mikautadze,Metz,GEO,FW,20,2000,1,1,0.0,0.0,0.0,0.0,0.0,0.0,0.0,0.0,0.0,,,0.0
Ligue 1,Habib Maïga,Metz,CIV,MF,25,1996,17,1267,6.0,0.0,0.0,29.0,10.0,0.0,23.0,13.0,29.0,,,0.0
Ligue 1,Ibrahim Amadou,Metz,FRA,"DF,MF",28,1993,10,812,4.0,0.0,0.0,11.0,4.0,0.0,0.0,11.0,8.0,,,0.0
Ligue 1,Ibrahima Niane,Metz,SEN,FW,22,1999,26,1582,2.0,1.0,0.0,14.0,24.0,11.0,7.0,2.0,2.0,,,0.0
Ligue 1,Jean-Armel Kana-Biyik,Metz,CMR,DF,32,1989,10,664,1.0,0.0,0.0,4.0,8.0,0.0,0.0,15.0,6.0,,,0.0
Ligue 1,Jemerson,Metz,BRA,DF,28,1992,15,1202,3.0,2.0,0.0,18.0,7.0,0.0,1.0,23.0,24.0,,,0.0
Ligue 1,Kévin N'Doram,Metz,FRA,MF,25,1996,19,1235,5.0,0.0,0.0,21.0,13.0,0.0,2.0,19.0,8.0,,,0.0
Ligue 1,Lamine Gueye,Metz,SEN,"MF,FW",23,1998,14,555,0.0,0.0,0.0,7.0,10.0,3.0,49.0,3.0,4.0,,,0.0
Ligue 1,Lenny Joseph,Metz,HAI,"FW,MF",20,2000,8,153,1.0,0.0,0.0,5.0,1.0,0.0,1.0,0.0,2.0,,,0.0
Ligue 1,Lenny Lacroix,Metz,FRA,DF,18,2003,3,200,0.0,0.0,0.0,1.0,0.0,0.0,0.0,10.0,8.0,,,0.0
Ligue 1,Louis Mafouta,Metz,CTA,FW,27,1994,15,525,0.0,0.0,0.0,16.0,5.0,4.0,1.0,0.0,0.0,,,0.0
Ligue 1,Mamadou Fofana,Metz,MLI,"DF,MF",23,1998,1,33,0.0,0.0,0.0,0.0,0.0,0.0,0.0,1.0,1.0,,,0.0
Ligue 1,Marc-Aurèle Caillard,Metz,FRA,GK,27,1994,19,1542,1.0,0.0,0.0,0.0,4.0,0.0,0.0,2.0,0.0,,,0.0
Ligue 1,Matthieu Udol,Metz,FRA,DF,25,1996,12,1007,0.0,0.0,0.0,3.0,6.0,0.0,27.0,29.0,14.0,,,0.0
Ligue 1,Nicolas de Préville,Metz,FRA,"FW,MF",30,1991,27,1969,5.0,0.0,0.0,45.0,55.0,8.0,74.0,6.0,10.0,,,0.0
Ligue 1,Opa Nguette,Metz,SEN,"MF,FW",27,1994,26,1048,1.0,0.0,0.0,12.0,24.0,4.0,5.0,0.0,15.0,,,0.0
Ligue 1,Papa Ndiaga Yade,Metz,MTN,"MF,FW",21,2000,18,696,3.0,0.0,0.0,8.0,7.0,0.0,30.0,10.0,10.0,,,0.0
Ligue 1,Pape Matar Sarr,Metz,SEN,MF,18,2002,33,2129,7.0,0.0,0.0,32.0,22.0,2.0,4.0,29.0,28.0,,,0.0
Ligue 1,Sikou Niakaté,Metz,MLI,DF,22,1999,12,661,2.0,0.0,0.0,11.0,5.0,0.0,1.0,28.0,7.0,,,1.0
Ligue 1,Sofiane Alakouch,Metz,MAR,"DF,MF",23,1998,4,158,1.0,0.0,0.0,5.0,7.0,0.0,2.0,1.0,4.0,,,0.0
Ligue 1,Thomas Delaine,Metz,FRA,"MF,DF",29,1992,29,2316,4.0,0.0,0.0,22.0,14.0,1.0,112.0,27.0,35.0,,,0.0
Ligue 1,Vagner Gonçalves,Metz,CPV,"FW,MF",25,1996,3,86,1.0,0.0,0.0,5.0,1.0,0.0,10.0,1.0,1.0,,,0.0
Ligue 1,Vincent Pajot,Metz,FRA,MF,30,1990,30,2311,6.0,1.0,0.0,53.0,40.0,0.0,10.0,48.0,54.0,,,0.0
Ligue 1,Warren Tchimbembé,Metz,CGO,MF,23,1998,9,205,0.0,0.0,0.0,2.0,3.0,0.0,2.0,1.0,1.0,,,0.0
Ligue 1,William Mikelbrencis,Metz,FRA,"MF,DF",17,2004,9,610,0.0,0.0,0.0,13.0,2.0,0.0,23.0,5.0,5.0,,,0.0
Ligue 1,Aleksandr Golovin,Monaco,RUS,MF,25,1996,27,1502,4.0,1.0,0.0,21.0,21.0,2.0,111.0,12.0,23.0,,,0.0
Ligue 1,Alexander Nübel,Monaco,GER,GK,24,1996,38,3420,1.0,0.0,0.0,0.0,1.0,0.0,0.0,0.0,0.0,,,1.0
Ligue 1,Aurélien Tchouaméni,Monaco,FRA,MF,21,2000,35,2929,11.0,1.0,1.0,51.0,60.0,2.0,19.0,96.0,49.0,,,0.0
Ligue 1,Axel Disasi,Monaco,FRA,DF,23,1998,32,2721,5.0,0.0,0.0,43.0,12.0,3.0,1.0,24.0,23.0,,,0.0
Ligue 1,Benoît Badiashile,Monaco,FRA,DF,20,2001,24,1838,4.0,0.0,0.0,24.0,9.0,2.0,1.0,25.0,19.0,,,0.0
Ligue 1,Caio Henrique,Monaco,BRA,"DF,MF",24,1997,34,2662,5.0,0.0,0.0,20.0,22.0,2.0,126.0,26.0,28.0,,,0.0
Ligue 1,Cesc Fàbregas,Monaco,ESP,"FW,MF",34,1987,2,38,0.0,0.0,0.0,1.0,2.0,0.0,5.0,1.0,0.0,,,0.0
Ligue 1,Chrislain Matsima,Monaco,FRA,DF,19,2002,7,134,0.0,0.0,0.0,0.0,2.0,0.0,0.0,1.0,2.0,,,0.0
Ligue 1,Djibril Sidibé,Monaco,FRA,DF,29,1992,17,949,6.0,0.0,0.0,17.0,9.0,0.0,23.0,20.0,12.0,,,0.0
Ligue 1,Eliot Matazo,Monaco,BEL,MF,19,2002,18,790,1.0,0.0,0.0,16.0,8.0,0.0,1.0,12.0,8.0,,,0.0
Ligue 1,Félix Lemaréchal,Monaco,FRA,MF,17,2003,1,9,0.0,0.0,0.0,0.0,0.0,0.0,0.0,0.0,0.0,,,0.0
Ligue 1,Gelson Martins,Monaco,POR,MF,26,1995,32,1905,4.0,0.0,0.0,22.0,33.0,15.0,34.0,17.0,28.0,,,0.0
Ligue 1,Guillermo Maripán,Monaco,CHI,DF,27,1994,26,1832,5.0,0.0,0.0,20.0,10.0,1.0,2.0,24.0,24.0,,,0.0
Ligue 1,Ismail Jakobs,Monaco,SEN,"DF,MF",21,1999,28,1203,1.0,0.0,0.0,15.0,9.0,1.0,78.0,14.0,17.0,,,0.0
Ligue 1,Jean Lucas,Monaco,BRA,MF,23,1998,28,1445,3.0,1.0,1.0,27.0,25.0,2.0,65.0,14.0,25.0,,,0.0
Ligue 1,Kevin Volland,Monaco,GER,"MF,FW",29,1992,34,2436,10.0,0.0,0.0,53.0,28.0,17.0,21.0,3.0,10.0,,,1.0
Ligue 1,Krépin Diatta,Monaco,SEN,MF,22,1999,8,285,0.0,0.0,0.0,3.0,9.0,0.0,3.0,1.0,2.0,,,0.0
Ligue 1,Maghnes Akliouche,Monaco,FRA,MF,19,2002,7,54,1.0,0.0,0.0,4.0,1.0,1.0,1.0,0.0,0.0,,,0.0
Ligue 1,Myron Boadu,Monaco,NED,FW,20,2001,31,960,0.0,0.0,0.0,16.0,11.0,12.0,0.0,1.0,7.0,,,0.0
Ligue 1,Ruben Aguilar,Monaco,FRA,DF,28,1993,28,2140,4.0,0.0,0.0,32.0,29.0,1.0,67.0,44.0,53.0,,,1.0
Ligue 1,Sofiane Diop,Monaco,MAR,MF,21,2000,30,1948,6.0,0.0,0.0,28.0,40.0,4.0,95.0,25.0,21.0,,,0.0
Ligue 1,Strahinja Pavlović,Monaco,SRB,DF,20,2001,7,451,4.0,1.0,1.0,11.0,7.0,0.0,5.0,8.0,15.0,,,0.0
Ligue 1,Tiago Ribeiro,Monaco,POR,MF,19,2002,1,2,0.0,0.0,0.0,0.0,0.0,0.0,0.0,0.0,0.0,,,0.0
Ligue 1,Vanderson,Monaco,BRA,"MF,DF",20,2001,17,1120,3.0,0.0,0.0,18.0,11.0,3.0,28.0,11.0,21.0,,,0.0
Ligue 1,Wilson Isidor,Monaco,HAI,"FW,MF",20,2000,4,50,0.0,0.0,0.0,1.0,1.0,2.0,0.0,0.0,0.0,,,0.0
Ligue 1,Wissam Ben Yedder,Monaco,FRA,FW,30,1990,37,2529,3.0,0.0,0.0,19.0,22.0,23.0,13.0,0.0,8.0,,,0.0
Ligue 1,Youssouf Fofana,Monaco,FRA,MF,22,1999,33,2190,4.0,0.0,0.0,34.0,25.0,0.0,6.0,28.0,43.0,,,0.0
Ligue 1,Ambroise Oyongo,Montpellier,CMR,"DF,MF",30,1991,11,659,5.0,0.0,0.0,7.0,11.0,1.0,21.0,7.0,5.0,,,0.0
Ligue 1,Andy Delort,Montpellier,ALG,FW,29,1991,3,269,0.0,0.0,0.0,6.0,2.0,0.0,13.0,0.0,0.0,,,0.0
Ligue 1,Arnaud Souquet,Montpellier,FRA,DF,29,1992,34,2334,4.0,0.0,0.0,28.0,24.0,0.0,78.0,31.0,36.0,,,0.0
Ligue 1,Béni Makouana,Montpellier,CGO,FW,18,2002,23,322,4.0,0.0,0.0,10.0,1.0,2.0,10.0,3.0,2.0,,,0.0
Ligue 1,Dimitry Bertaud,Montpellier,COD,GK,23,1998,11,833,0.0,0.0,0.0,0.0,1.0,0.0,0.0,0.0,0.0,,,0.0
Ligue 1,Elye Wahi,Montpellier,CIV,"FW,MF",18,2003,33,1786,2.0,0.0,0.0,18.0,26.0,21.0,11.0,4.0,10.0,,,0.0
Ligue 1,Enzo Tchato,Montpellier,CMR,DF,18,2002,1,8,0.0,0.0,0.0,0.0,0.0,0.0,0.0,0.0,0.0,,,0.0
Ligue 1,Florent Mollet,Montpellier,FRA,MF,29,1991,35,2630,6.0,0.0,0.0,34.0,51.0,10.0,108.0,19.0,22.0,,,0.0
Ligue 1,Gaëtan Laborde,Montpellier,FRA,MF,27,1994,4,341,1.0,0.0,0.0,3.0,3.0,0.0,4.0,4.0,2.0,,,0.0
Ligue 1,Jonas Omlin,Montpellier,SUI,GK,27,1994,29,2587,0.0,1.0,0.0,1.0,2.0,0.0,0.0,0.0,1.0,,,1.0
Ligue 1,Jordan Ferri,Montpellier,FRA,MF,29,1992,34,2911,13.0,1.0,1.0,50.0,72.0,0.0,40.0,31.0,37.0,,,0.0
Ligue 1,Joris Chotard,Montpellier,FRA,MF,19,2001,36,2935,5.0,0.0,0.0,29.0,10.0,0.0,19.0,41.0,30.0,,,0.0
Ligue 1,Junior Sambia,Montpellier,CTA,"DF,MF",24,1996,30,1533,5.0,1.0,1.0,18.0,26.0,0.0,50.0,20.0,13.0,,,0.0
Ligue 1,Léo Leroy,Montpellier,FRA,MF,21,2000,24,626,3.0,0.0,0.0,23.0,4.0,0.0,4.0,7.0,24.0,,,0.0
Ligue 1,Mamadou Sakho,Montpellier,FRA,DF,31,1990,29,2575,3.0,0.0,0.0,8.0,10.0,0.0,0.0,37.0,24.0,,,0.0
Ligue 1,Matheus Thuler,Montpellier,BRA,DF,22,1999,16,855,3.0,1.0,1.0,12.0,2.0,0.0,2.0,9.0,12.0,,,0.0
Ligue 1,Maxime Estève,Montpellier,FRA,DF,19,2002,24,1857,2.0,0.0,0.0,10.0,6.0,0.0,0.0,22.0,18.0,,,0.0
Ligue 1,Mihailo Ristić,Montpellier,SRB,DF,25,1995,29,1803,3.0,1.0,0.0,26.0,27.0,0.0,63.0,16.0,32.0,,,0.0
Ligue 1,Nicholas Gioacchini,Montpellier,USA,MF,21,2000,28,497,0.0,0.0,0.0,4.0,17.0,3.0,3.0,4.0,5.0,,,0.0
Ligue 1,Nicolas Cozza,Montpellier,FRA,DF,22,1999,34,2770,2.0,1.0,0.0,24.0,19.0,1.0,23.0,40.0,50.0,,,0.0
Ligue 1,Pedro Mendes,Montpellier,POR,DF,30,1990,1,16,0.0,0.0,0.0,0.0,0.0,0.0,0.0,0.0,1.0,,,0.0
Ligue 1,Rémy Cabella,Montpellier,FRA,MF,31,1990,5,313,0.0,0.0,0.0,3.0,3.0,0.0,7.0,5.0,7.0,,,0.0
Ligue 1,Sacha Delaye,Montpellier,FRA,MF,19,2002,10,254,0.0,0.0,0.0,5.0,1.0,0.0,3.0,1.0,6.0,,,0.0
Ligue 1,Stephy Mavididi,Montpellier,ENG,"MF,FW",23,1998,30,2299,4.0,0.0,0.0,23.0,45.0,6.0,26.0,7.0,13.0,,,0.0
Ligue 1,Téji Savanier,Montpellier,FRA,MF,29,1991,29,2414,9.0,2.0,1.0,44.0,77.0,2.0,196.0,29.0,27.0,,,0.0
Ligue 1,Valère Germain,Montpellier,FRA,FW,31,1990,34,1970,3.0,0.0,0.0,23.0,26.0,7.0,17.0,8.0,14.0,,,0.0
Ligue 1,Yanis Guermouche,Montpellier,FRA,MF,20,2001,3,11,0.0,0.0,0.0,2.0,0.0,0.0,0.0,0.0,1.0,,,0.0
Ligue 1,Abdoulaye Sylla,Nantes,GUI,DF,21,2000,2,157,1.0,0.0,0.0,5.0,0.0,0.0,1.0,1.0,4.0,,,0.0
Ligue 1,Alban Lafont,Nantes,CIV,GK,22,1999,38,3420,3.0,0.0,0.0,1.0,2.0,0.0,0.0,1.0,3.0,,,0.0
Ligue 1,Andrei Girotto,Nantes,BRA,"DF,MF",29,1992,36,3146,8.0,0.0,0.0,52.0,30.0,0.0,10.0,65.0,50.0,,,0.0
Ligue 1,Charles Traore,Nantes,MLI,DF,29,1992,16,718,3.0,0.0,0.0,22.0,7.0,0.0,5.0,16.0,15.0,,,0.0
Ligue 1,Dennis Appiah,Nantes,FRA,DF,29,1992,32,2099,4.0,0.0,0.0,39.0,4.0,2.0,38.0,27.0,34.0,,,1.0
Ligue 1,Fábio,Nantes,BRA,"DF,MF",31,1990,27,1667,8.0,1.0,0.0,30.0,19.0,1.0,35.0,35.0,39.0,,,0.0
Ligue 1,Jean-Charles Castelletto,Nantes,CMR,DF,26,1995,28,2510,8.0,0.0,0.0,42.0,12.0,1.0,8.0,29.0,26.0,,,0.0
Ligue 1,Jean-Kévin Augustin,Nantes,FRA,FW,24,1997,7,84,1.0,0.0,0.0,1.0,1.0,0.0,0.0,0.0,0.0,,,0.0
Ligue 1,Kalifa Coulibaly,Nantes,MLI,FW,29,1991,21,850,1.0,0.0,0.0,12.0,8.0,7.0,3.0,1.0,1.0,,,0.0
Ligue 1,Lohann Doucet,Nantes,BFA,MF,18,2002,2,6,0.0,0.0,0.0,0.0,0.0,0.0,0.0,1.0,0.0,,,0.0
Ligue 1,Ludovic Blas,Nantes,FRA,"MF,FW",23,1997,35,2961,10.0,0.0,0.0,46.0,55.0,4.0,36.0,30.0,19.0,,,0.0
Ligue 1,Marcus Coco,Nantes,FRA,"MF,FW",25,1996,24,930,3.0,1.0,1.0,20.0,31.0,4.0,24.0,9.0,13.0,,,0.0
Ligue 1,Mohamed Achi,Nantes,FRA,MF,19,2002,1,10,0.0,0.0,0.0,0.0,0.0,0.0,0.0,0.0,0.0,,,0.0
Ligue 1,Moses Simon,Nantes,NGA,"MF,FW",26,1995,30,2332,3.0,0.0,0.0,14.0,26.0,4.0,209.0,11.0,11.0,,,0.0
Ligue 1,Nicolas Pallois,Nantes,FRA,DF,33,1987,30,2447,8.0,1.0,1.0,17.0,8.0,1.0,6.0,51.0,33.0,,,0.0
Ligue 1,Osman Bukari,Nantes,GHA,"MF,FW",22,1998,24,1012,1.0,0.0,0.0,14.0,5.0,5.0,16.0,8.0,10.0,,,0.0
Ligue 1,Pedro Chirivella,Nantes,ESP,MF,24,1997,31,2637,6.0,0.0,0.0,22.0,24.0,0.0,9.0,36.0,32.0,,,0.0
Ligue 1,Quentin Merlin,Nantes,FRA,"DF,MF",19,2002,28,1926,0.0,0.0,0.0,10.0,4.0,1.0,136.0,25.0,29.0,,,0.0
Ligue 1,Randal Kolo Muani,Nantes,FRA,"FW,MF",22,1998,36,2948,2.0,0.0,0.0,59.0,72.0,18.0,32.0,6.0,16.0,,,0.0
Ligue 1,Renaud Emond,Nantes,BEL,"MF,FW",29,1991,6,190,0.0,0.0,0.0,3.0,3.0,0.0,1.0,0.0,0.0,,,0.0
Ligue 1,Roli Pereira de Sa,Nantes,FRA,MF,24,1996,17,573,1.0,0.0,0.0,8.0,5.0,1.0,6.0,6.0,4.0,,,0.0
Ligue 1,Samuel Moutoussamy,Nantes,COD,MF,24,1996,30,1509,5.0,0.0,0.0,33.0,11.0,0.0,6.0,18.0,26.0,,,0.0
Ligue 1,Sébastien Corchia,Nantes,FRA,"DF,MF",30,1990,28,1324,0.0,1.0,0.0,22.0,25.0,0.0,79.0,11.0,16.0,,,0.0
Ligue 1,Willem Geubbels,Nantes,FRA,"MF,FW",19,2001,22,544,1.0,0.0,0.0,9.0,4.0,4.0,6.0,6.0,5.0,,,0.0
Ligue 1,Wylan Cyprien,Nantes,FRA,MF,26,1995,24,1490,3.0,0.0,0.0,19.0,16.0,1.0,69.0,8.0,15.0,,,0.0
Ligue 1,Yannis Mbemba,Nantes,GAB,DF,20,2001,2,5,0.0,0.0,0.0,0.0,1.0,0.0,0.0,0.0,0.0,,,0.0
Ligue 1,Alexis Claude-Maurice,Nice,FRA,"FW,MF",23,1998,10,209,1.0,0.0,0.0,4.0,5.0,0.0,9.0,3.0,0.0,,,0.0
Ligue 1,Amine Gouiri,Nice,ALG,"FW,MF",21,2000,38,2754,3.0,0.0,0.0,31.0,33.0,6.0,101.0,11.0,15.0,,,0.0
Ligue 1,Andy Delort,Nice,ALG,FW,29,1991,32,2448,3.0,0.0,0.0,38.0,43.0,15.0,51.0,7.0,8.0,,,0.0
Ligue 1,Bilal Brahimi,Nice,ALG,MF,21,2000,11,378,1.0,0.0,0.0,4.0,10.0,2.0,44.0,2.0,1.0,,,0.0
Ligue 1,Calvin Stengs,Nice,NED,MF,22,1998,24,1073,1.0,0.0,0.0,15.0,7.0,2.0,41.0,8.0,7.0,,,0.0
Ligue 1,Dan Ndoye,Nice,SUI,FW,20,2000,3,205,0.0,0.0,0.0,3.0,2.0,1.0,1.0,0.0,0.0,,,0.0
Ligue 1,Danilo Barbosa,Nice,BRA,DF,25,1996,1,90,0.0,0.0,0.0,0.0,0.0,0.0,0.0,2.0,0.0,,,0.0
Ligue 1,Dante,Nice,BRA,DF,37,1983,34,2870,7.0,3.0,1.0,26.0,12.0,0.0,3.0,47.0,28.0,,,0.0
Ligue 1,Evann Guessand,Nice,CIV,FW,20,2001,20,438,3.0,0.0,0.0,14.0,9.0,0.0,1.0,0.0,9.0,,,0.0
Ligue 1,Flavius Daniliuc,Nice,AUT,DF,20,2001,24,1293,4.0,0.0,0.0,17.0,4.0,1.0,7.0,16.0,31.0,,,0.0
Ligue 1,Hassane Kamara,Nice,CIV,"MF,DF",27,1994,11,544,2.0,0.0,0.0,7.0,4.0,3.0,16.0,9.0,10.0,,,0.0
Ligue 1,Hicham Boudaoui,Nice,ALG,MF,21,1999,29,1621,7.0,0.0,0.0,30.0,21.0,4.0,49.0,20.0,20.0,,,0.0
Ligue 1,Jean-Clair Todibo,Nice,FRA,DF,21,1999,36,3115,6.0,0.0,0.0,25.0,10.0,0.0,8.0,54.0,39.0,,,0.0
Ligue 1,Jordan Amavi,Nice,FRA,DF,27,1994,8,413,1.0,0.0,0.0,2.0,4.0,0.0,6.0,13.0,10.0,,,0.0
Ligue 1,Jordan Lotomba,Nice,SUI,DF,22,1998,30,1782,4.0,0.0,0.0,11.0,23.0,2.0,43.0,11.0,18.0,,,0.0
Ligue 1,Justin Kluivert,Nice,NED,MF,22,1999,27,1868,6.0,1.0,0.0,38.0,29.0,5.0,164.0,13.0,8.0,,,0.0
Ligue 1,Kasper Dolberg,Nice,DEN,FW,23,1997,26,1492,0.0,0.0,0.0,29.0,29.0,3.0,6.0,7.0,4.0,,,0.0
Ligue 1,Khéphren Thuram,Nice,FRA,MF,20,2001,36,1901,4.0,0.0,0.0,33.0,14.0,1.0,10.0,27.0,21.0,,,0.0
Ligue 1,Lucas Da Cunha,Nice,FRA,MF,20,2001,10,393,0.0,0.0,0.0,3.0,5.0,0.0,23.0,1.0,7.0,,,0.0
Ligue 1,Marcin Bułka,Nice,POL,GK,21,1999,1,90,0.0,0.0,0.0,0.0,0.0,0.0,0.0,0.0,0.0,,,0.0
Ligue 1,Mario Lemina,Nice,GAB,MF,27,1993,32,1967,7.0,1.0,1.0,36.0,23.0,0.0,7.0,43.0,34.0,,,0.0
Ligue 1,Melvin Bard,Nice,FRA,DF,20,2000,33,2589,3.0,0.0,0.0,21.0,30.0,1.0,86.0,47.0,39.0,,,0.0
Ligue 1,Morgan Schneiderlin,Nice,FRA,MF,31,1989,20,649,1.0,1.0,0.0,15.0,4.0,0.0,1.0,19.0,12.0,,,0.0
Ligue 1,Myziane Maolida,Nice,COM,"FW,MF",22,1999,1,34,0.0,0.0,0.0,0.0,0.0,1.0,0.0,0.0,0.0,,,0.0
Ligue 1,Pablo Rosario,Nice,DOM,MF,24,1997,36,2729,7.0,0.0,0.0,37.0,22.0,2.0,15.0,36.0,38.0,,,0.0
Ligue 1,Walter Benítez,Nice,ARG,GK,28,1993,37,3330,2.0,0.0,0.0,0.0,6.0,0.0,0.0,0.0,0.0,,,0.0
Ligue 1,Youcef Atal,Nice,ALG,DF,25,1996,17,1140,4.0,0.0,0.0,17.0,22.0,3.0,56.0,32.0,19.0,,,0.0
Ligue 1,Abdou Diallo,PSG,SEN,DF,25,1996,12,877,1.0,0.0,0.0,12.0,3.0,0.0,17.0,11.0,14.0,,,0.0
Ligue 1,Achraf Hakimi,PSG,MAR,"DF,MF",22,1998,32,2479,3.0,1.0,0.0,20.0,14.0,6.0,52.0,27.0,49.0,,,0.0
Ligue 1,Alexandre Letellier,PSG,FRA,GK,30,1990,1,8,0.0,0.0,0.0,0.0,0.0,0.0,0.0,0.0,0.0,,,0.0
Ligue 1,Ander Herrera,PSG,ESP,MF,31,1989,19,1091,2.0,0.0,0.0,14.0,5.0,3.0,7.0,17.0,16.0,,,0.0
Ligue 1,Arnaud Kalimuendo,PSG,FRA,FW,19,2002,2,8,0.0,0.0,0.0,0.0,1.0,0.0,1.0,0.0,0.0,,,0.0
Ligue 1,Colin Dagba,PSG,FRA,DF,22,1998,3,165,1.0,0.0,0.0,6.0,2.0,0.0,9.0,2.0,2.0,,,0.0
Ligue 1,Danilo Pereira,PSG,POR,MF,29,1991,27,2038,2.0,0.0,0.0,22.0,23.0,1.0,0.0,34.0,18.0,,,0.0
Ligue 1,Djeidi Gassama,PSG,MTN,"FW,MF",17,2003,1,2,0.0,0.0,0.0,0.0,0.0,0.0,0.0,0.0,0.0,,,0.0
Ligue 1,Edouard Michut,PSG,FRA,MF,18,2003,5,70,0.0,1.0,0.0,2.0,4.0,0.0,0.0,1.0,0.0,,,0.0
Ligue 1,El Chadaille Bitshiabu,PSG,FRA,DF,16,2005,1,5,0.0,0.0,0.0,0.0,0.0,0.0,0.0,0.0,0.0,,,0.0
Ligue 1,Georginio Wijnaldum,PSG,NED,"MF,FW",30,1990,31,1653,2.0,0.0,0.0,6.0,15.0,0.0,1.0,7.0,9.0,,,0.0
Ligue 1,Gianluigi Donnarumma,PSG,ITA,GK,22,1999,17,1530,3.0,0.0,0.0,0.0,2.0,0.0,0.0,0.0,0.0,,,0.0
Ligue 1,Idrissa Gueye,PSG,SEN,MF,31,1989,26,1641,4.0,0.0,0.0,38.0,16.0,1.0,2.0,24.0,37.0,,,0.0
Ligue 1,Ismaël Gharbi,PSG,TUN,MF,17,2004,1,2,0.0,0.0,0.0,0.0,0.0,0.0,0.0,0.0,0.0,,,0.0
Ligue 1,Juan Bernat,PSG,ESP,"DF,MF",28,1993,15,958,2.0,0.0,0.0,4.0,9.0,1.0,12.0,9.0,15.0,,,0.0
Ligue 1,Julian Draxler,PSG,GER,"FW,MF",27,1993,18,548,0.0,0.0,0.0,4.0,1.0,1.0,5.0,6.0,2.0,,,0.0
Ligue 1,Junior Dina Ebimbe,PSG,CMR,MF,20,2000,10,316,2.0,0.0,0.0,11.0,4.0,0.0,2.0,2.0,5.0,,,0.0
Ligue 1,Keylor Navas,PSG,CRC,GK,34,1986,21,1856,0.0,1.0,0.0,1.0,1.0,0.0,0.0,0.0,0.0,,,0.0
Ligue 1,Kylian Mbappé,PSG,FRA,FW,22,1998,35,3023,10.0,0.0,0.0,29.0,53.0,39.0,68.0,4.0,10.0,,,0.0
Ligue 1,Leandro Paredes,PSG,ARG,MF,27,1994,15,838,3.0,0.0,0.0,10.0,9.0,0.0,0.0,8.0,12.0,,,0.0
Ligue 1,Lionel Messi,PSG,ARG,"FW,MF",34,1987,26,2153,0.0,0.0,0.0,6.0,35.0,10.0,33.0,4.0,3.0,,,0.0
Ligue 1,Marco Verratti,PSG,ITA,MF,28,1992,24,1937,12.0,0.0,0.0,32.0,48.0,1.0,10.0,19.0,40.0,,,1.0
Ligue 1,Marquinhos,PSG,BRA,DF,27,1994,32,2861,5.0,0.0,0.0,6.0,10.0,1.0,6.0,13.0,15.0,,,0.0
Ligue 1,Mauro Icardi,PSG,ARG,FW,28,1993,24,1027,1.0,0.0,0.0,14.0,7.0,9.0,2.0,5.0,3.0,,,0.0
Ligue 1,Nathan Bitumazala,PSG,FRA,MF,18,2002,1,11,0.0,0.0,0.0,0.0,0.0,0.0,0.0,0.0,0.0,,,0.0
Ligue 1,Neymar,PSG,BRA,"FW,MF",29,1992,22,1851,10.0,0.0,0.0,29.0,69.0,11.0,64.0,3.0,20.0,,,0.0
Ligue 1,Nuno Mendes,PSG,POR,DF,19,2002,27,1658,3.0,0.0,0.0,18.0,24.0,1.0,40.0,19.0,30.0,,,0.0
Ligue 1,Pablo Sarabia,PSG,ESP,"FW,MF",29,1992,2,22,1.0,0.0,0.0,1.0,1.0,0.0,2.0,0.0,0.0,,,0.0
Ligue 1,Presnel Kimpembe,PSG,FRA,DF,25,1995,30,2576,6.0,0.0,0.0,28.0,26.0,0.0,2.0,39.0,20.0,,,0.0
Ligue 1,Rafinha,PSG,BRA,"FW,MF",28,1993,5,220,0.0,0.0,0.0,4.0,5.0,0.0,1.0,4.0,10.0,,,0.0
Ligue 1,Sekou Yansané,PSG,FRA,FW,18,2003,1,16,0.0,0.0,0.0,1.0,0.0,0.0,0.0,0.0,0.0,,,0.0
Ligue 1,Sergio Ramos,PSG,ESP,DF,35,1986,12,801,3.0,1.0,1.0,12.0,4.0,1.0,0.0,8.0,5.0,,,0.0
Ligue 1,Sergio Rico,PSG,ESP,GK,27,1993,1,23,0.0,0.0,0.0,0.0,0.0,0.0,0.0,0.0,0.0,,,0.0
Ligue 1,Thilo Kehrer,PSG,GER,DF,24,1996,27,1513,0.0,0.0,0.0,15.0,6.0,0.0,5.0,22.0,15.0,,,0.0
Ligue 1,Xavi Simons,PSG,NED,FW,18,2003,6,132,1.0,0.0,0.0,2.0,4.0,0.0,1.0,0.0,1.0,,,0.0
Ligue 1,Ángel Di María,PSG,ARG,"FW,MF",33,1988,26,1645,2.0,0.0,0.0,9.0,14.0,7.0,124.0,6.0,18.0,,,0.0
Ligue 1,Alexis Flips,Reims,FRA,MF,21,2000,25,1056,2.0,0.0,0.0,18.0,12.0,1.0,86.0,22.0,23.0,,,0.0
Ligue 1,Anastasios Donis,Reims,GRE,"MF,FW",24,1996,13,370,0.0,1.0,0.0,9.0,3.0,8.0,26.0,0.0,6.0,,,0.0
Ligue 1,Andrew Gravillon,Reims,GLP,DF,23,1998,26,2135,9.0,2.0,2.0,35.0,21.0,0.0,24.0,31.0,24.0,,,0.0
Ligue 1,Arber Zeneli,Reims,KVX,FW,26,1995,9,409,0.0,0.0,0.0,4.0,6.0,1.0,23.0,1.0,0.0,,,0.0
Ligue 1,Azor Matusiwa,Reims,NED,MF,23,1998,29,2463,8.0,1.0,1.0,29.0,30.0,0.0,4.0,60.0,31.0,,,0.0
Ligue 1,Bradley Locko,Reims,FRA,"MF,DF",19,2002,24,1011,4.0,0.0,0.0,15.0,12.0,2.0,10.0,14.0,18.0,,,0.0
Ligue 1,Dion Lopy,Reims,SEN,MF,19,2002,26,1642,4.0,0.0,0.0,37.0,18.0,1.0,5.0,24.0,29.0,,,0.0
Ligue 1,El Bilal Touré,Reims,MLI,"FW,MF",19,2001,21,1194,2.0,0.0,0.0,20.0,14.0,6.0,4.0,5.0,5.0,,,0.0
Ligue 1,Fodé Doucouré,Reims,MLI,DF,20,2001,3,154,0.0,0.0,0.0,1.0,1.0,0.0,4.0,4.0,10.0,,,0.0
Ligue 1,Fraser Hornby,Reims,SCO,FW,21,1999,8,350,1.0,0.0,0.0,7.0,6.0,6.0,1.0,4.0,1.0,,,0.0
Ligue 1,Ghislain Konan,Reims,CIV,"MF,DF",25,1995,28,2418,1.0,0.0,0.0,16.0,33.0,2.0,83.0,25.0,21.0,,,0.0
Ligue 1,Hugo Ekitike,Reims,FRA,FW,19,2002,24,1273,1.0,1.0,0.0,18.0,31.0,12.0,5.0,6.0,10.0,,,0.0
Ligue 1,Ibrahim Diakité,Reims,GUI,DF,17,2003,1,4,0.0,0.0,0.0,0.0,0.0,0.0,0.0,0.0,0.0,,,0.0
Ligue 1,Ilan Kebbal,Reims,ALG,"MF,FW",23,1998,31,1772,1.0,0.0,0.0,12.0,50.0,7.0,70.0,13.0,14.0,,,0.0
Ligue 1,Jens Cajuste,Reims,SWE,MF,21,1999,8,364,0.0,0.0,0.0,6.0,7.0,0.0,1.0,5.0,6.0,,,0.0
Ligue 1,Kaj Sierhuis,Reims,NED,FW,23,1998,2,80,0.0,0.0,0.0,0.0,0.0,0.0,0.0,0.0,1.0,,,0.0
Ligue 1,Kamory Doumbia,Reims,MLI,MF,18,2003,8,352,1.0,0.0,0.0,1.0,4.0,1.0,9.0,4.0,2.0,,,0.0
Ligue 1,Marshall Munetsi,Reims,ZIM,"MF,DF",25,1996,24,1885,7.0,0.0,0.0,39.0,21.0,2.0,4.0,37.0,19.0,,,0.0
Ligue 1,Martin Adeline,Reims,FRA,MF,17,2003,8,352,1.0,0.0,0.0,16.0,2.0,0.0,11.0,8.0,11.0,,,0.0
Ligue 1,Mathieu Cafaro,Reims,FRA,"MF,FW",24,1997,4,192,2.0,0.0,0.0,6.0,3.0,0.0,19.0,3.0,2.0,,,0.0
Ligue 1,Maxime Busi,Reims,BEL,"DF,MF",21,1999,18,1296,3.0,0.0,0.0,20.0,7.0,0.0,28.0,13.0,15.0,,,0.0
Ligue 1,Mitchell van Bergen,Reims,NED,"FW,MF",21,1999,20,983,1.0,0.0,0.0,8.0,4.0,10.0,50.0,5.0,6.0,,,0.0
Ligue 1,Moreto Cassamã,Reims,GNB,MF,23,1998,17,801,1.0,0.0,0.0,12.0,22.0,0.0,18.0,9.0,7.0,,,0.0
Ligue 1,Moussa Doumbia,Reims,MLI,MF,26,1994,4,86,0.0,0.0,0.0,0.0,2.0,1.0,2.0,0.0,0.0,,,0.0
Ligue 1,Moustapha Mbow,Reims,SEN,DF,21,2000,1,90,0.0,0.0,0.0,0.0,0.0,0.0,0.0,1.0,5.0,,,0.0
Ligue 1,Nathanaël Mbuku,Reims,COD,"FW,MF",19,2002,31,1418,1.0,0.0,0.0,10.0,39.0,2.0,34.0,8.0,10.0,,,0.0
Ligue 1,Philippe Koffi,Reims,CIV,FW,19,2002,10,375,1.0,0.0,0.0,8.0,13.0,7.0,3.0,3.0,0.0,,,0.0
Ligue 1,Predrag Rajković,Reims,SRB,GK,25,1995,38,3420,3.0,0.0,0.0,0.0,7.0,0.0,0.0,1.0,3.0,,,0.0
Ligue 1,Sambou Sissoko,Reims,FRA,MF,22,1999,8,176,0.0,0.0,0.0,1.0,4.0,0.0,1.0,2.0,6.0,,,0.0
Ligue 1,Samuel Koeberlé,Reims,FRA,MF,16,2004,1,1,0.0,0.0,0.0,0.0,1.0,0.0,0.0,0.0,0.0,,,0.0
Ligue 1,Thomas Foket,Reims,BEL,"MF,DF",26,1994,29,2235,5.0,0.0,0.0,26.0,27.0,4.0,66.0,30.0,18.0,,,0.0
Ligue 1,Valon Berisha,Reims,KVX,MF,28,1993,13,455,2.0,1.0,1.0,13.0,2.0,2.0,27.0,2.0,7.0,,,0.0
Ligue 1,Wout Faes,Reims,BEL,DF,23,1998,37,3330,2.0,0.0,0.0,20.0,24.0,0.0,3.0,52.0,25.0,,,0.0
Ligue 1,Xavier Chavalerin,Reims,FRA,MF,30,1991,3,220,0.0,0.0,0.0,3.0,0.0,0.0,5.0,5.0,4.0,,,0.0
Ligue 1,Yunis Abdelhamid,Reims,MAR,DF,33,1987,34,2983,5.0,1.0,0.0,38.0,25.0,0.0,4.0,67.0,28.0,,,0.0
Ligue 1,Adrien Truffert,Rennes,FRA,DF,19,2001,30,1639,4.0,0.0,0.0,24.0,19.0,0.0,47.0,15.0,23.0,,,0.0
Ligue 1,Alfred Gomis,Rennes,SEN,GK,27,1993,25,2250,1.0,0.0,0.0,1.0,2.0,0.0,0.0,1.0,1.0,,,0.0
Ligue 1,Andy Diouf,Rennes,FRA,MF,18,2003,5,14,0.0,0.0,0.0,1.0,1.0,0.0,0.0,0.0,1.0,,,0.0
Ligue 1,Baptiste Santamaria,Rennes,FRA,"MF,DF",26,1995,34,2518,7.0,0.0,0.0,35.0,21.0,0.0,14.0,30.0,26.0,,,0.0
Ligue 1,Benjamin Bourigeaud,Rennes,FRA,"MF,FW",27,1994,38,3193,2.0,0.0,0.0,25.0,8.0,4.0,295.0,31.0,26.0,,,0.0
Ligue 1,Birger Meling,Rennes,NOR,DF,26,1994,31,1829,3.0,0.0,0.0,15.0,21.0,2.0,25.0,20.0,29.0,,,0.0
Ligue 1,Doğan Alemdar,Rennes,TUR,GK,18,2002,12,1080,1.0,0.0,0.0,0.0,0.0,0.0,0.0,0.0,0.0,,,0.0
Ligue 1,Eduardo Camavinga,Rennes,FRA,MF,18,2002,4,143,0.0,0.0,0.0,1.0,6.0,0.0,0.0,1.0,1.0,,,0.0
Ligue 1,Flavien Tait,Rennes,FRA,MF,28,1993,28,2125,3.0,0.0,0.0,29.0,48.0,3.0,10.0,18.0,19.0,,,0.0
Ligue 1,Gaëtan Laborde,Rennes,FRA,FW,27,1994,34,2729,1.0,0.0,0.0,32.0,20.0,21.0,36.0,7.0,7.0,,,0.0
Ligue 1,Hamari Traoré,Rennes,MLI,DF,29,1992,33,2890,4.0,0.0,0.0,46.0,24.0,9.0,83.0,38.0,36.0,,,1.0
Ligue 1,Jeanuël Belocian,Rennes,FRA,DF,16,2005,1,12,0.0,0.0,0.0,0.0,1.0,0.0,0.0,0.0,0.0,,,0.0
Ligue 1,Jeremy Doku,Rennes,BEL,"MF,FW",19,2002,14,469,2.0,0.0,0.0,9.0,15.0,0.0,12.0,3.0,4.0,,,0.0
Ligue 1,Jonas Martin,Rennes,FRA,MF,31,1990,29,2105,8.0,0.0,0.0,30.0,14.0,0.0,3.0,19.0,21.0,,,0.0
Ligue 1,Kamaldeen Sulemana,Rennes,GHA,"MF,FW",19,2002,20,1015,3.0,0.0,0.0,19.0,14.0,3.0,29.0,4.0,14.0,,,0.0
Ligue 1,Lesley Ugochukwu,Rennes,FRA,MF,17,2004,18,405,2.0,0.0,0.0,14.0,1.0,0.0,0.0,3.0,9.0,,,0.0
Ligue 1,Lorenz Assignon,Rennes,TOG,DF,21,2000,20,616,0.0,0.0,0.0,10.0,12.0,2.0,21.0,8.0,8.0,,,0.0
Ligue 1,Loum Tchaouna,Rennes,FRA,"FW,MF",17,2003,10,87,0.0,0.0,0.0,0.0,1.0,2.0,4.0,1.0,1.0,,,0.0
Ligue 1,Lovro Majer,Rennes,CRO,MF,23,1998,29,1832,1.0,0.0,0.0,37.0,32.0,1.0,86.0,11.0,22.0,,,0.0
Ligue 1,Loïc Bade,Rennes,FRA,DF,21,2000,14,985,3.0,1.0,1.0,6.0,1.0,0.0,2.0,10.0,5.0,,,0.0
Ligue 1,Martin Terrier,Rennes,FRA,"FW,MF",24,1997,37,2779,1.0,0.0,0.0,28.0,42.0,6.0,29.0,19.0,34.0,,,0.0
Ligue 1,Mathys Tel,Rennes,FRA,"FW,MF",16,2005,7,56,0.0,0.0,0.0,4.0,0.0,0.0,6.0,1.0,0.0,,,0.0
Ligue 1,Matthis Abline,Rennes,FRA,FW,18,2003,7,103,0.0,0.0,0.0,2.0,1.0,0.0,0.0,0.0,0.0,,,0.0
Ligue 1,Nayef Aguerd,Rennes,MAR,DF,25,1996,31,2735,3.0,1.0,0.0,20.0,16.0,1.0,1.0,27.0,18.0,,,0.0
Ligue 1,Romain Del Castillo,Rennes,FRA,"FW,MF",25,1996,3,28,0.0,0.0,0.0,0.0,3.0,0.0,0.0,1.0,1.0,,,0.0
Ligue 1,Romain Salin,Rennes,FRA,GK,37,1984,1,90,0.0,0.0,0.0,0.0,1.0,0.0,0.0,0.0,0.0,,,0.0
Ligue 1,Serhou Guirassy,Rennes,GUI,FW,25,1996,37,1016,1.0,0.0,0.0,22.0,35.0,4.0,1.0,1.0,3.0,,,0.0
Ligue 1,Warmed Omari,Rennes,COM,DF,21,2000,34,2796,6.0,0.0,0.0,24.0,17.0,0.0,3.0,31.0,21.0,,,0.0
Ligue 1,Abdoulaye Bakayoko,Saint-Étienne,FRA,DF,18,2002,4,307,0.0,0.0,0.0,7.0,5.0,0.0,0.0,11.0,9.0,,,0.0
Ligue 1,Adil Aouchiche,Saint-Étienne,ALG,MF,19,2002,35,1081,2.0,0.0,0.0,10.0,13.0,2.0,63.0,14.0,7.0,,,0.0
Ligue 1,Aimen Moueffek,Saint-Étienne,FRA,"MF,FW",20,2001,14,432,1.0,0.0,0.0,5.0,7.0,0.0,3.0,2.0,4.0,,,0.0
Ligue 1,Alpha Sissoko,Saint-Étienne,MLI,DF,24,1997,1,45,1.0,0.0,0.0,2.0,0.0,0.0,0.0,0.0,0.0,,,0.0
Ligue 1,Arnaud Nordin,Saint-Étienne,FRA,"MF,FW",23,1998,36,1874,4.0,0.0,0.0,19.0,47.0,4.0,80.0,6.0,14.0,,,0.0
Ligue 1,Assane Dioussé,Saint-Étienne,SEN,MF,23,1997,4,23,0.0,0.0,0.0,0.0,1.0,0.0,0.0,1.0,1.0,,,0.0
Ligue 1,Bakary Sako,Saint-Étienne,MLI,FW,33,1988,7,156,0.0,0.0,0.0,3.0,0.0,1.0,3.0,0.0,0.0,,,0.0
Ligue 1,Bryan Djile Nokoué,Saint-Étienne,CMR,DF,19,2002,2,57,0.0,0.0,0.0,0.0,1.0,0.0,0.0,1.0,3.0,,,0.0
Ligue 1,Charles Abi,Saint-Étienne,FRA,FW,21,2000,1,45,0.0,0.0,0.0,1.0,0.0,0.0,1.0,0.0,0.0,,,0.0
Ligue 1,Denis Bouanga,Saint-Étienne,GAB,"FW,MF",26,1994,34,2436,4.0,1.0,0.0,48.0,45.0,4.0,66.0,6.0,21.0,,,0.0
Ligue 1,Elhadji Dieye,Saint-Étienne,SEN,FW,19,2002,5,34,0.0,0.0,0.0,1.0,2.0,1.0,1.0,1.0,2.0,,,0.0
Ligue 1,Eliaquim Mangala,Saint-Étienne,FRA,DF,30,1991,14,1179,9.0,0.0,0.0,18.0,8.0,0.0,0.0,15.0,9.0,,,0.0
Ligue 1,Enzo Crivelli,Saint-Étienne,FRA,FW,26,1995,4,102,0.0,0.0,0.0,1.0,0.0,0.0,0.0,0.0,0.0,,,0.0
Ligue 1,Etienne Green,Saint-Étienne,ENG,GK,21,2000,15,1197,1.0,1.0,0.0,2.0,1.0,0.0,0.0,1.0,1.0,,,0.0
Ligue 1,Falaye Sacko,Saint-Étienne,MLI,DF,26,1995,9,667,0.0,0.0,0.0,9.0,2.0,0.0,8.0,3.0,10.0,,,0.0
Ligue 1,Gabriel Silva,Saint-Étienne,BRA,"DF,MF",30,1991,13,713,1.0,0.0,0.0,8.0,15.0,0.0,7.0,17.0,7.0,,,0.0
Ligue 1,Harold Moukoudi,Saint-Étienne,CMR,DF,23,1997,24,1661,3.0,0.0,0.0,14.0,5.0,0.0,0.0,40.0,13.0,,,0.0
Ligue 1,Jean-Philippe Krasso,Saint-Étienne,CIV,FW,24,1997,16,453,0.0,0.0,0.0,9.0,7.0,2.0,4.0,0.0,5.0,,,0.0
Ligue 1,Juan Ignacio Ramírez,Saint-Étienne,URU,FW,24,1997,5,126,0.0,0.0,0.0,1.0,0.0,0.0,0.0,0.0,0.0,,,0.0
Ligue 1,Lamine Ghezali,Saint-Étienne,FRA,MF,22,1999,1,1,0.0,0.0,0.0,0.0,0.0,0.0,1.0,0.0,0.0,,,0.0
Ligue 1,Lucas Calodat,Saint-Étienne,FRA,DF,19,2002,1,4,0.0,0.0,0.0,0.0,0.0,0.0,0.0,0.0,0.0,,,0.0
Ligue 1,Lucas Gourna-Douath,Saint-Étienne,FRA,MF,17,2003,31,1804,7.0,0.0,0.0,37.0,27.0,0.0,5.0,11.0,27.0,,,0.0
Ligue 1,Mahdi Camara,Saint-Étienne,FRA,"MF,DF",23,1998,35,3073,8.0,0.0,0.0,42.0,43.0,1.0,30.0,52.0,58.0,,,0.0
Ligue 1,Mathys Saban,Saint-Étienne,FRA,MF,19,2002,3,73,1.0,0.0,0.0,2.0,0.0,0.0,2.0,0.0,2.0,,,0.0
Ligue 1,Maxence Rivera,Saint-Étienne,FRA,MF,19,2002,1,5,0.0,0.0,0.0,0.0,0.0,0.0,0.0,0.0,0.0,,,0.0
Ligue 1,Mickael Nade,Saint-Étienne,FRA,DF,22,1999,30,2563,4.0,0.0,0.0,41.0,31.0,1.0,0.0,58.0,36.0,,,0.0
Ligue 1,Miguel Trauco,Saint-Étienne,PER,"DF,MF",28,1992,17,1112,3.0,0.0,0.0,8.0,8.0,0.0,47.0,23.0,18.0,,,0.0
Ligue 1,Paul Bernardoni,Saint-Étienne,FRA,GK,24,1997,19,1710,0.0,0.0,0.0,0.0,3.0,0.0,0.0,0.0,0.0,,,0.0
Ligue 1,Romain Hamouma,Saint-Étienne,FRA,"FW,MF",34,1987,22,886,2.0,0.0,0.0,23.0,12.0,8.0,39.0,3.0,7.0,,,0.0
Ligue 1,Ryad Boudebouz,Saint-Étienne,ALG,"MF,FW",31,1990,30,2252,2.0,0.0,0.0,14.0,29.0,0.0,105.0,8.0,16.0,,,0.0
Ligue 1,Sada Thioub,Saint-Étienne,SEN,MF,26,1995,17,950,2.0,0.0,0.0,7.0,5.0,0.0,28.0,7.0,6.0,,,0.0
Ligue 1,Saidou Sow,Saint-Étienne,GUI,DF,19,2002,13,989,2.0,0.0,0.0,9.0,4.0,0.0,3.0,24.0,18.0,,,0.0
Ligue 1,Stefan Bajic,Saint-Étienne,FRA,GK,19,2001,7,510,0.0,0.0,0.0,0.0,0.0,0.0,0.0,0.0,0.0,,,0.0
Ligue 1,Timothée Kolodziejczak,Saint-Étienne,FRA,"DF,MF",29,1991,30,2565,4.0,1.0,0.0,26.0,3.0,2.0,38.0,55.0,26.0,,,2.0
Ligue 1,Wahbi Khazri,Saint-Étienne,TUN,"FW,MF",30,1991,30,2225,6.0,0.0,0.0,22.0,47.0,22.0,59.0,10.0,18.0,,,0.0
Ligue 1,Yanis Lhery,Saint-Étienne,FRA,FW,18,2003,5,72,0.0,0.0,0.0,2.0,1.0,0.0,0.0,0.0,0.0,,,0.0
Ligue 1,Yvan Neyou,Saint-Étienne,CMR,MF,24,1997,16,936,4.0,1.0,1.0,17.0,20.0,0.0,4.0,26.0,15.0,,,0.0
Ligue 1,Yvann Macon,Saint-Étienne,FRA,"DF,MF",22,1998,22,1529,7.0,0.0,0.0,23.0,12.0,0.0,58.0,16.0,26.0,,,1.0
Ligue 1,Zaydou Youssouf,Saint-Étienne,COM,MF,22,1999,30,1553,3.0,1.0,0.0,19.0,24.0,1.0,21.0,16.0,25.0,,,1.0
Ligue 1,Abdul Majeed Waris,Strasbourg,GHA,"MF,FW",29,1991,15,327,1.0,0.0,0.0,5.0,13.0,1.0,7.0,0.0,2.0,,,0.0
Ligue 1,Adrien Thomasson,Strasbourg,FRA,MF,27,1993,31,2389,2.0,1.0,0.0,36.0,34.0,4.0,61.0,32.0,32.0,,,0.0
Ligue 1,Alexander Djiku,Strasbourg,GHA,DF,26,1994,31,2694,10.0,1.0,1.0,44.0,28.0,2.0,14.0,59.0,35.0,,,0.0
Ligue 1,Anthony Caci,Strasbourg,FRA,"DF,MF",24,1997,37,2395,4.0,0.0,0.0,36.0,23.0,2.0,99.0,35.0,32.0,,,0.0
Ligue 1,Dimitri Liénard,Strasbourg,FRA,"DF,MF",33,1988,33,2044,8.0,0.0,0.0,33.0,25.0,4.0,189.0,23.0,45.0,,,0.0
Ligue 1,Eiji Kawashima,Strasbourg,JPN,GK,38,1983,1,90,0.0,0.0,0.0,0.0,0.0,0.0,0.0,0.0,0.0,,,0.0
Ligue 1,Frederic Guilbert,Strasbourg,FRA,"DF,MF",26,1994,33,2516,4.0,0.0,0.0,26.0,22.0,2.0,212.0,54.0,38.0,,,0.0
Ligue 1,Gerzino Nyamsi,Strasbourg,CMR,DF,24,1997,34,2984,4.0,0.0,0.0,33.0,4.0,1.0,1.0,23.0,23.0,,,0.0
Ligue 1,Habib Diallo,Strasbourg,SEN,FW,26,1995,31,1541,2.0,0.0,0.0,17.0,20.0,15.0,9.0,4.0,5.0,,,0.0
Ligue 1,Habib Diarra,Strasbourg,SEN,MF,17,2004,4,109,1.0,0.0,0.0,2.0,1.0,0.0,0.0,0.0,1.0,,,0.0
Ligue 1,Ibrahima Sissoko,Strasbourg,MLI,"MF,DF",23,1997,35,2303,6.0,0.0,0.0,60.0,29.0,0.0,22.0,33.0,24.0,,,0.0
Ligue 1,Ismaël Doukouré,Strasbourg,FRA,"DF,MF",18,2003,1,17,0.0,0.0,0.0,0.0,0.0,0.0,0.0,0.0,0.0,,,0.0
Ligue 1,Jean-Eudes Aholou,Strasbourg,CIV,MF,27,1994,25,1004,2.0,0.0,0.0,21.0,20.0,0.0,6.0,20.0,8.0,,,0.0
Ligue 1,Jean-Ricner Bellegarde,Strasbourg,HAI,MF,23,1998,36,2332,5.0,0.0,0.0,35.0,68.0,0.0,52.0,26.0,34.0,,,0.0
Ligue 1,Karol Fila,Strasbourg,POL,"DF,MF",23,1998,16,560,3.0,0.0,0.0,9.0,10.0,0.0,24.0,3.0,8.0,,,0.0
Ligue 1,Kévin Gameiro,Strasbourg,FRA,FW,34,1987,35,2385,0.0,0.0,0.0,16.0,17.0,14.0,17.0,5.0,13.0,,,0.0
Ligue 1,Lebo Mothiba,Strasbourg,RSA,FW,25,1996,1,1,0.0,0.0,0.0,1.0,0.0,0.0,0.0,0.0,0.0,,,0.0
Ligue 1,Lucas Perrin,Strasbourg,FRA,DF,22,1998,31,2502,5.0,0.0,0.0,46.0,30.0,2.0,6.0,42.0,30.0,,,0.0
Ligue 1,Ludovic Ajorque,Strasbourg,FRA,FW,27,1994,36,2738,5.0,1.0,0.0,39.0,36.0,14.0,17.0,8.0,25.0,,,1.0
Ligue 1,Mahame Siby,Strasbourg,MLI,MF,25,1996,2,17,0.0,0.0,0.0,0.0,0.0,0.0,0.0,0.0,0.0,,,0.0
Ligue 1,Matz Sels,Strasbourg,BEL,GK,29,1992,37,3330,1.0,0.0,0.0,1.0,2.0,0.0,0.0,1.0,1.0,,,0.0
Ligue 1,Maxime Le Marchand,Strasbourg,FRA,DF,31,1989,12,860,4.0,0.0,0.0,10.0,2.0,0.0,5.0,12.0,10.0,,,0.0
Ligue 1,Mehdi Chahiri,Strasbourg,MAR,MF,25,1996,1,16,0.0,0.0,0.0,0.0,0.0,0.0,0.0,0.0,1.0,,,0.0
Ligue 1,Moïse Sahi Dion,Strasbourg,CIV,FW,19,2001,8,128,0.0,0.0,0.0,1.0,4.0,0.0,1.0,1.0,0.0,,,0.0
Ligue 1,Nordine Kandil,Strasbourg,FRA,MF,19,2001,5,90,1.0,0.0,0.0,1.0,2.0,0.0,7.0,1.0,1.0,,,0.0
Ligue 1,Sanjin Prcić,Strasbourg,BIH,MF,27,1993,32,2186,4.0,0.0,0.0,23.0,9.0,0.0,48.0,49.0,28.0,,,0.0
Ligue 1,Abdu Conté,Troyes,POR,"DF,MF",23,1998,17,1347,2.0,0.0,0.0,14.0,14.0,2.0,41.0,4.0,11.0,,,0.0
Ligue 1,Adil Rami,Troyes,FRA,DF,35,1985,17,1171,1.0,0.0,0.0,8.0,5.0,0.0,1.0,16.0,10.0,,,0.0
Ligue 1,Brandon Domingues,Troyes,FRA,MF,21,2000,11,231,0.0,0.0,0.0,3.0,10.0,0.0,11.0,3.0,2.0,,,0.0
Ligue 1,Derek Mazou-Sacko,Troyes,FRA,MF,16,2004,2,3,0.0,0.0,0.0,1.0,0.0,0.0,0.0,0.0,0.0,,,0.0
Ligue 1,Dylan Chambost,Troyes,FRA,MF,23,1997,19,753,0.0,0.0,0.0,7.0,5.0,1.0,21.0,9.0,9.0,,,0.0
Ligue 1,Eric N'Jo,Troyes,FRA,DF,17,2004,2,98,0.0,0.0,0.0,3.0,0.0,0.0,1.0,2.0,0.0,,,0.0
Ligue 1,Erik Palmer-Brown,Troyes,USA,DF,24,1997,21,1734,2.0,0.0,0.0,18.0,10.0,0.0,0.0,33.0,22.0,,,0.0
Ligue 1,Florian Tardieu,Troyes,FRA,MF,29,1992,30,2632,6.0,0.0,0.0,19.0,37.0,0.0,135.0,42.0,27.0,,,0.0
Ligue 1,Gauthier Gallon,Troyes,FRA,GK,28,1993,31,2790,2.0,0.0,0.0,0.0,6.0,0.0,0.0,2.0,0.0,,,0.0
Ligue 1,Gerson Rodrigues,Troyes,LUX,"FW,MF",26,1995,12,848,6.0,0.0,0.0,28.0,16.0,6.0,10.0,0.0,9.0,,,0.0
Ligue 1,Giulian Biancone,Troyes,FRA,"DF,MF",21,2000,33,2292,10.0,0.0,0.0,34.0,33.0,3.0,87.0,52.0,43.0,,,0.0
Ligue 1,Ike Ugbo,Troyes,CAN,FW,22,1998,14,814,0.0,0.0,0.0,9.0,16.0,2.0,1.0,2.0,1.0,,,0.0
Ligue 1,Issa Kaboré,Troyes,BFA,"DF,MF",20,2001,31,2254,8.0,2.0,1.0,29.0,43.0,4.0,109.0,21.0,24.0,,,0.0
Ligue 1,Jessy Moulin,Troyes,FRA,GK,35,1986,7,630,3.0,1.0,1.0,1.0,2.0,0.0,0.0,1.0,0.0,,,0.0
Ligue 1,Jimmy Giraudon,Troyes,FRA,DF,29,1992,19,1619,5.0,1.0,1.0,13.0,5.0,0.0,0.0,36.0,7.0,,,1.0
Ligue 1,Karim Azamoum,Troyes,FRA,DF,31,1990,7,388,2.0,0.0,0.0,12.0,3.0,0.0,1.0,1.0,5.0,,,0.0
Ligue 1,Lebo Mothiba,Troyes,RSA,"MF,FW",25,1996,13,522,1.0,0.0,0.0,10.0,16.0,4.0,1.0,2.0,3.0,,,0.0
Ligue 1,Levi Lumeka,Troyes,ENG,MF,22,1998,5,67,0.0,0.0,0.0,2.0,1.0,2.0,2.0,0.0,0.0,,,0.0
Ligue 1,Mama Samba Baldé,Troyes,GNB,"MF,FW",25,1995,30,1717,1.0,1.0,0.0,41.0,26.0,4.0,16.0,4.0,26.0,,,0.0
Ligue 1,Mamadou Camara,Troyes,MLI,"FW,MF",20,2001,3,40,0.0,0.0,0.0,1.0,0.0,0.0,0.0,0.0,1.0,,,0.0
Ligue 1,Mykola Kukharevych,Troyes,UKR,FW,20,2001,2,15,0.0,0.0,0.0,1.0,0.0,0.0,0.0,0.0,0.0,,,0.0
Ligue 1,Nassim Chadli,Troyes,FRA,MF,20,2001,8,96,1.0,0.0,0.0,3.0,3.0,0.0,5.0,0.0,2.0,,,0.0
Ligue 1,Oualid El Hajjam,Troyes,MAR,DF,30,1991,19,1072,2.0,0.0,0.0,16.0,9.0,0.0,19.0,22.0,13.0,,,0.0
Ligue 1,Patrick Roberts,Troyes,ENG,"FW,MF",24,1997,1,14,0.0,0.0,0.0,1.0,0.0,0.0,0.0,0.0,0.0,,,0.0
Ligue 1,Philippe Sandler,Troyes,NED,DF,24,1997,2,70,0.0,0.0,0.0,0.0,0.0,0.0,0.0,3.0,0.0,,,0.0
Ligue 1,Renaud Ripart,Troyes,FRA,"MF,FW",28,1993,28,1893,2.0,0.0,0.0,24.0,40.0,5.0,48.0,16.0,21.0,,,0.0
Ligue 1,Rominigue Kouamé,Troyes,MLI,MF,24,1996,34,2968,5.0,0.0,0.0,43.0,65.0,1.0,7.0,45.0,25.0,,,0.0
Ligue 1,Suk Hyun-jun,Troyes,KOR,FW,30,1991,9,153,0.0,0.0,0.0,7.0,5.0,0.0,1.0,0.0,0.0,,,0.0
Ligue 1,Tanguy Zoukrou,Troyes,FRA,DF,18,2003,4,77,1.0,0.0,0.0,1.0,0.0,0.0,0.0,0.0,0.0,,,0.0
Ligue 1,Tristan Dingomé,Troyes,CMR,"MF,FW",30,1991,25,1077,3.0,0.0,0.0,12.0,14.0,1.0,43.0,8.0,11.0,,,0.0
Ligue 1,Xavier Chavalerin,Troyes,FRA,MF,30,1991,34,2717,4.0,0.0,0.0,31.0,12.0,6.0,79.0,34.0,28.0,,,0.0
Ligue 1,Yasser Larouci,Troyes,ALG,DF,20,2001,12,341,1.0,0.0,0.0,2.0,8.0,0.0,14.0,7.0,5.0,,,0.0
Ligue 1,Yoann Salmier,Troyes,GUF,DF,28,1992,31,2668,5.0,0.0,0.0,33.0,28.0,1.0,11.0,41.0,36.0,,,1.0
Ligue 1,Yoann Touzghar,Troyes,TUN,FW,34,1986,28,1457,0.0,0.0,0.0,7.0,19.0,9.0,7.0,0.0,2.0,,,0.0
Ligue 1,Youssouf Koné,Troyes,MLI,"DF,MF",26,1995,21,980,2.0,1.0,0.0,7.0,20.0,2.0,33.0,9.0,18.0,,,0.0
Premier League,Aaron Ramsdale,Arsenal,ENG,GK,23,1998,34,3060,1.0,0.0,0.0,0.0,5.0,0.0,0.0,0.0,1.0,,,0.0
Premier League,Ainsley Maitland-Niles,Arsenal,ENG,MF,23,1997,8,268,0.0,0.0,0.0,4.0,3.0,0.0,2.0,4.0,4.0,,,0.0
Premier League,Albert Sambi Lokonga,Arsenal,BEL,MF,21,1999,19,1134,5.0,0.0,0.0,12.0,15.0,0.0,2.0,13.0,16.0,,,0.0
Premier League,Alexandre Lacazette,Arsenal,FRA,"FW,MF",30,1991,30,1782,0.0,0.0,0.0,32.0,29.0,6.0,7.0,4.0,10.0,,,0.0
Premier League,Ben White,Arsenal,ENG,DF,23,1997,32,2880,3.0,0.0,0.0,19.0,27.0,0.0,0.0,44.0,21.0,,,1.0
Premier League,Bernd Leno,Arsenal,GER,GK,29,1992,4,360,0.0,0.0,0.0,0.0,0.0,0.0,0.0,0.0,1.0,,,0.0
Premier League,Bukayo Saka,Arsenal,ENG,"MF,FW",19,2001,38,2978,6.0,0.0,0.0,38.0,59.0,17.0,111.0,22.0,23.0,,,0.0
Premier League,Calum Chambers,Arsenal,ENG,DF,26,1995,2,170,0.0,0.0,0.0,2.0,1.0,0.0,3.0,0.0,3.0,,,0.0
Premier League,Cédric Soares,Arsenal,POR,DF,29,1991,21,1486,3.0,0.0,0.0,15.0,6.0,3.0,100.0,15.0,28.0,,,0.0
Premier League,Eddie Nketiah,Arsenal,ENG,FW,22,1999,21,835,3.0,0.0,0.0,17.0,14.0,5.0,5.0,5.0,5.0,,,0.0
Premier League,Emile Smith Rowe,Arsenal,ENG,MF,21,2000,33,1921,1.0,0.0,0.0,5.0,21.0,2.0,45.0,13.0,7.0,,,0.0
Premier League,Folarin Balogun,Arsenal,USA,FW,20,2001,2,70,0.0,0.0,0.0,0.0,1.0,1.0,0.0,0.0,1.0,,,0.0
Premier League,Gabriel Magalhães,Arsenal,BRA,DF,23,1997,35,3063,8.0,1.0,1.0,23.0,38.0,1.0,1.0,14.0,31.0,,,0.0
Premier League,Gabriel Martinelli,Arsenal,BRA,"MF,FW",20,2001,29,1860,3.0,1.0,1.0,23.0,20.0,10.0,74.0,19.0,20.0,,,0.0
Premier League,Granit Xhaka,Arsenal,SUI,MF,28,1992,27,2327,10.0,1.0,0.0,29.0,19.0,2.0,25.0,21.0,18.0,,,0.0
Premier League,Kieran Tierney,Arsenal,SCO,DF,24,1997,22,1915,0.0,0.0,0.0,5.0,16.0,1.0,80.0,16.0,14.0,,,0.0
Premier League,Martin Ødegaard,Arsenal,NOR,MF,22,1998,36,2785,4.0,0.0,0.0,27.0,20.0,3.0,59.0,10.0,19.0,,,0.0
Premier League,Mohamed Elneny,Arsenal,EGY,MF,29,1992,14,806,1.0,0.0,0.0,5.0,5.0,0.0,0.0,15.0,8.0,,,0.0
Premier League,Nicolas Pépé,Arsenal,CIV,MF,26,1995,20,696,0.0,0.0,0.0,8.0,3.0,4.0,37.0,7.0,5.0,,,0.0
Premier League,Nuno Tavares,Arsenal,POR,DF,21,2000,22,1176,2.0,0.0,0.0,23.0,13.0,1.0,41.0,10.0,13.0,,,0.0
Premier League,Pablo Marí,Arsenal,ESP,DF,27,1993,2,180,1.0,0.0,0.0,1.0,1.0,0.0,0.0,3.0,3.0,,,0.0
Premier League,Pierre-Emerick Aubameyang,Arsenal,GAB,FW,32,1989,14,1037,3.0,0.0,0.0,15.0,8.0,10.0,11.0,0.0,5.0,,,0.0
Premier League,Reiss Nelson,Arsenal,ENG,"FW,MF",21,1999,1,20,0.0,0.0,0.0,0.0,0.0,0.0,0.0,0.0,0.0,,,0.0
Premier League,Rob Holding,Arsenal,ENG,DF,25,1995,15,845,4.0,1.0,1.0,9.0,3.0,0.0,0.0,11.0,9.0,,,0.0
Premier League,Sead Kolašinac,Arsenal,BIH,DF,28,1993,2,91,1.0,0.0,0.0,2.0,0.0,0.0,0.0,4.0,0.0,,,0.0
Premier League,Takehiro Tomiyasu,Arsenal,JPN,DF,22,1998,21,1679,2.0,0.0,0.0,16.0,14.0,0.0,31.0,23.0,16.0,,,0.0
Premier League,Thomas Partey,Arsenal,GHA,MF,28,1993,24,2028,6.0,0.0,0.0,33.0,17.0,0.0,4.0,25.0,28.0,,,0.0
Premier League,Anwar El Ghazi,Aston Villa,NED,"MF,FW",26,1995,9,386,2.0,0.0,0.0,8.0,5.0,2.0,14.0,1.0,4.0,,,0.0
Premier League,Ashley Young,Aston Villa,ENG,"DF,FW",36,1985,24,1250,2.0,0.0,0.0,16.0,33.0,1.0,44.0,13.0,6.0,,,1.0
Premier League,Axel Tuanzebe,Aston Villa,COD,DF,23,1997,9,508,1.0,0.0,0.0,3.0,3.0,0.0,1.0,5.0,3.0,,,0.0
Premier League,Bertrand Traoré,Aston Villa,BFA,FW,25,1995,9,220,0.0,0.0,0.0,0.0,4.0,2.0,5.0,0.0,3.0,,,0.0
Premier League,Calum Chambers,Aston Villa,ENG,"DF,MF",26,1995,11,831,1.0,0.0,0.0,12.0,2.0,0.0,2.0,5.0,8.0,,,0.0
Premier League,Cameron Archer,Aston Villa,ENG,"FW,MF",20,2001,3,27,0.0,0.0,0.0,3.0,0.0,0.0,0.0,0.0,0.0,,,0.0
Premier League,Carney Chukwuemeka,Aston Villa,AUT,MF,17,2003,12,301,0.0,0.0,0.0,3.0,9.0,0.0,0.0,2.0,0.0,,,0.0
Premier League,Danny Ings,Aston Villa,ENG,FW,29,1992,30,1898,4.0,0.0,0.0,16.0,12.0,11.0,14.0,5.0,18.0,,,0.0
Premier League,Douglas Luiz,Aston Villa,BRA,MF,23,1998,34,2715,7.0,0.0,0.0,38.0,42.0,0.0,83.0,34.0,36.0,,,0.0
Premier League,Emi Buendía,Aston Villa,ARG,"FW,MF",24,1996,35,1899,1.0,0.0,0.0,17.0,44.0,3.0,34.0,11.0,18.0,,,0.0
Premier League,Emiliano Martínez,Aston Villa,ARG,GK,28,1992,36,3240,4.0,0.0,0.0,0.0,3.0,0.0,0.0,0.0,0.0,,,0.0
Premier League,Ezri Konsa,Aston Villa,ENG,DF,23,1997,29,2477,6.0,2.0,1.0,18.0,36.0,1.0,1.0,16.0,15.0,,,0.0
Premier League,Jacob Ramsey,Aston Villa,ENG,MF,20,2001,34,2467,6.0,0.0,0.0,32.0,44.0,1.0,26.0,20.0,44.0,,,0.0
Premier League,Jaden Philogene Bidace,Aston Villa,ENG,"FW,MF",19,2002,1,5,0.0,0.0,0.0,0.0,1.0,0.0,0.0,0.0,0.0,,,0.0
Premier League,Jed Steer,Aston Villa,ENG,GK,28,1992,1,90,0.0,0.0,0.0,0.0,0.0,0.0,0.0,0.0,0.0,,,0.0
Premier League,John McGinn,Aston Villa,SCO,MF,26,1994,35,3090,8.0,0.0,0.0,57.0,80.0,0.0,110.0,32.0,63.0,,,0.0
Premier League,Keinan Davis,Aston Villa,ENG,FW,23,1998,1,12,0.0,0.0,0.0,0.0,1.0,0.0,0.0,0.0,0.0,,,0.0
Premier League,Kortney Hause,Aston Villa,ENG,DF,26,1995,7,397,0.0,0.0,0.0,6.0,2.0,1.0,0.0,6.0,3.0,,,0.0
Premier League,Leon Bailey,Aston Villa,JAM,"FW,MF",23,1997,18,761,3.0,0.0,0.0,12.0,11.0,3.0,34.0,2.0,11.0,,,0.0
Premier League,Lucas Digne,Aston Villa,FRA,DF,28,1993,16,1269,2.0,0.0,0.0,18.0,16.0,3.0,102.0,22.0,9.0,,,0.0
Premier League,Marvelous Nakamba,Aston Villa,ZIM,MF,27,1994,16,904,5.0,0.0,0.0,16.0,9.0,0.0,1.0,11.0,19.0,,,0.0
Premier League,Matt Targett,Aston Villa,ENG,"DF,MF",25,1995,17,1431,2.0,0.0,0.0,15.0,11.0,0.0,56.0,23.0,18.0,,,1.0
Premier League,Matty Cash,Aston Villa,POL,"DF,MF",23,1997,38,3377,8.0,0.0,0.0,38.0,37.0,2.0,99.0,44.0,50.0,,,0.0
Premier League,Morgan Sanson,Aston Villa,FRA,MF,26,1994,10,356,0.0,0.0,0.0,3.0,13.0,0.0,8.0,10.0,8.0,,,0.0
Premier League,Ollie Watkins,Aston Villa,ENG,FW,25,1995,35,2952,7.0,0.0,0.0,32.0,39.0,17.0,15.0,12.0,13.0,,,0.0
Premier League,Philippe Coutinho,Aston Villa,BRA,"MF,FW",29,1992,19,1329,0.0,0.0,0.0,8.0,20.0,4.0,19.0,6.0,11.0,,,0.0
Premier League,Robin Olsen,Aston Villa,SWE,GK,31,1990,1,90,0.0,0.0,0.0,0.0,0.0,0.0,0.0,0.0,0.0,,,0.0
Premier League,Tim Iroegbunam,Aston Villa,ENG,MF,18,2003,3,92,1.0,0.0,0.0,2.0,0.0,0.0,0.0,1.0,4.0,,,0.0
Premier League,Trézéguet,Aston Villa,EGY,"FW,MF",26,1994,1,11,0.0,0.0,0.0,0.0,0.0,0.0,0.0,0.0,0.0,,,0.0
Premier League,Tyrone Mings,Aston Villa,ENG,DF,28,1993,36,3189,11.0,0.0,0.0,27.0,24.0,1.0,4.0,45.0,12.0,,,0.0
Premier League,Wesley Moraes,Aston Villa,BRA,FW,24,1996,1,1,0.0,0.0,0.0,1.0,0.0,0.0,0.0,0.0,0.0,,,0.0
Premier League,Bryan Mbeumo,Brentford,CMR,FW,21,1999,35,2905,4.0,0.0,0.0,20.0,38.0,13.0,74.0,12.0,16.0,,,0.0
Premier League,Charlie Goode,Brentford,ENG,DF,25,1995,6,450,3.0,0.0,0.0,5.0,7.0,0.0,6.0,2.0,5.0,,,0.0
Premier League,Christian Eriksen,Brentford,DEN,MF,29,1992,11,939,1.0,0.0,0.0,5.0,3.0,0.0,88.0,8.0,6.0,,,0.0
Premier League,Christian Nørgaard,Brentford,DEN,MF,27,1994,35,3054,8.0,0.0,0.0,56.0,33.0,0.0,13.0,63.0,58.0,,,0.0
Premier League,David Raya,Brentford,ESP,GK,25,1995,24,2160,1.0,0.0,0.0,1.0,2.0,0.0,0.0,0.0,0.0,,,0.0
Premier League,Dominic Thompson,Brentford,ENG,MF,21,2000,2,146,0.0,0.0,0.0,1.0,0.0,0.0,2.0,2.0,0.0,,,0.0
Premier League,Ethan Pinnock,Brentford,JAM,DF,28,1993,32,2694,1.0,0.0,0.0,9.0,14.0,1.0,21.0,42.0,34.0,,,0.0
Premier League,Finley Stevens,Brentford,WAL,DF,18,2003,1,15,0.0,0.0,0.0,0.0,0.0,0.0,1.0,0.0,1.0,,,0.0
Premier League,Frank Onyeka,Brentford,NGA,MF,23,1998,20,1045,4.0,0.0,0.0,33.0,24.0,0.0,13.0,14.0,18.0,,,0.0
Premier League,Ivan Toney,Brentford,ENG,FW,25,1996,33,2909,8.0,0.0,0.0,50.0,80.0,25.0,28.0,15.0,21.0,,,0.0
Premier League,Jonas Lössl,Brentford,DEN,GK,32,1989,2,180,0.0,0.0,0.0,0.0,0.0,0.0,0.0,0.0,0.0,,,0.0
Premier League,Josh Dasilva,Brentford,ENG,"MF,FW",22,1998,9,257,0.0,1.0,0.0,4.0,3.0,0.0,4.0,1.0,1.0,,,0.0
Premier League,Kristoffer Ajer,Brentford,NOR,DF,23,1998,24,1995,5.0,0.0,0.0,12.0,16.0,0.0,17.0,25.0,18.0,,,0.0
Premier League,Mads Bech Sørensen,Brentford,DEN,DF,22,1999,11,835,3.0,0.0,0.0,8.0,4.0,0.0,10.0,5.0,6.0,,,0.0
Premier League,Mads Bidstrup,Brentford,DEN,MF,20,2001,4,41,0.0,0.0,0.0,1.0,0.0,0.0,0.0,1.0,0.0,,,0.0
Premier League,Mads Roerslev,Brentford,DEN,"MF,DF",22,1999,21,1240,1.0,0.0,0.0,18.0,8.0,2.0,35.0,16.0,12.0,,,0.0
Premier League,Marcus Forss,Brentford,FIN,FW,22,1999,7,209,0.0,0.0,0.0,3.0,1.0,0.0,1.0,1.0,3.0,,,0.0
Premier League,Mathias Jensen,Brentford,DEN,MF,25,1996,31,1601,0.0,0.0,0.0,19.0,7.0,3.0,81.0,22.0,18.0,,,0.0
Premier League,Mathias Jørgensen,Brentford,DEN,DF,31,1990,8,518,2.0,0.0,0.0,10.0,1.0,0.0,7.0,11.0,3.0,,,0.0
Premier League,Nathan Young-Coombes,Brentford,ENG,FW,18,2003,1,4,0.0,0.0,0.0,1.0,0.0,0.0,0.0,0.0,0.0,,,0.0
Premier League,Pontus Jansson,Brentford,SWE,DF,30,1991,37,3321,7.0,0.0,0.0,15.0,8.0,5.0,2.0,52.0,21.0,,,0.0
Premier League,Rico Henry,Brentford,JAM,"MF,DF",24,1997,34,2776,2.0,0.0,0.0,20.0,27.0,1.0,75.0,27.0,19.0,,,0.0
Premier League,Saman Ghoddos,Brentford,IRN,"FW,MF",27,1993,17,536,2.0,0.0,0.0,12.0,10.0,0.0,22.0,3.0,9.0,,,0.0
Premier League,Sergi Canós,Brentford,ESP,MF,24,1997,31,2083,8.0,1.0,1.0,28.0,15.0,5.0,87.0,21.0,27.0,,,1.0
Premier League,Shandon Baptiste,Brentford,GRN,MF,23,1998,22,910,2.0,1.0,1.0,6.0,11.0,1.0,8.0,10.0,3.0,,,0.0
Premier League,Tariqe Fosu,Brentford,GHA,"FW,MF",25,1995,1,17,0.0,0.0,0.0,0.0,1.0,0.0,1.0,0.0,0.0,,,0.0
Premier League,Vitaly Janelt,Brentford,GER,MF,23,1998,31,2298,3.0,0.0,0.0,26.0,25.0,3.0,40.0,24.0,32.0,,,0.0
Premier League,Yoane Wissa,Brentford,COD,FW,24,1996,30,1284,0.0,0.0,0.0,8.0,22.0,7.0,11.0,8.0,6.0,,,0.0
Premier League,Álvaro Fernández,Brentford,ESP,GK,23,1998,12,1080,0.0,0.0,0.0,0.0,3.0,0.0,0.0,0.0,0.0,,,1.0
Premier League,Aaron Connolly,Brighton,IRL,FW,21,2000,4,156,0.0,0.0,0.0,0.0,6.0,0.0,0.0,0.0,0.0,,,0.0
Premier League,Adam Lallana,Brighton,ENG,MF,33,1988,24,1561,4.0,0.0,0.0,11.0,17.0,0.0,4.0,15.0,18.0,,,0.0
Premier League,Adam Webster,Brighton,ENG,DF,26,1995,22,1434,5.0,0.0,0.0,15.0,4.0,0.0,6.0,16.0,8.0,,,0.0
Premier League,Alexis Mac Allister,Brighton,ARG,"MF,FW",22,1998,33,2123,4.0,0.0,0.0,30.0,39.0,4.0,67.0,12.0,41.0,,,0.0
Premier League,Dan Burn,Brighton,ENG,DF,29,1992,13,1022,4.0,0.0,0.0,15.0,0.0,0.0,1.0,23.0,12.0,,,0.0
Premier League,Danny Welbeck,Brighton,ENG,"FW,MF",30,1990,25,1478,0.0,0.0,0.0,17.0,13.0,4.0,1.0,4.0,6.0,,,0.0
Premier League,Enock Mwepu,Brighton,ZAM,MF,23,1998,18,996,2.0,0.0,0.0,18.0,15.0,2.0,7.0,13.0,12.0,,,0.0
Premier League,Evan Ferguson,Brighton,IRL,FW,16,2004,1,23,0.0,0.0,0.0,0.0,0.0,0.0,1.0,0.0,0.0,,,0.0
Premier League,Jakub Moder,Brighton,POL,"MF,FW",22,1999,28,1701,1.0,0.0,0.0,19.0,11.0,0.0,45.0,10.0,26.0,,,0.0
Premier League,Jason Steele,Brighton,ENG,GK,30,1990,1,90,0.0,0.0,0.0,0.0,0.0,0.0,0.0,0.0,0.0,,,0.0
Premier League,Jeremy Sarmiento,Brighton,ECU,MF,19,2002,5,48,0.0,0.0,0.0,0.0,2.0,0.0,0.0,0.0,1.0,,,0.0
Premier League,Joël Veltman,Brighton,NED,"DF,MF",29,1992,34,2874,6.0,0.0,0.0,39.0,37.0,0.0,41.0,41.0,49.0,,,0.0
Premier League,Jürgen Locadia,Brighton,CUW,FW,27,1993,1,23,0.0,0.0,0.0,1.0,1.0,0.0,0.0,0.0,0.0,,,0.0
Premier League,Leandro Trossard,Brighton,BEL,"FW,MF",26,1994,34,2805,2.0,0.0,0.0,24.0,26.0,13.0,52.0,16.0,20.0,,,0.0
Premier League,Lewis Dunk,Brighton,ENG,DF,29,1991,29,2573,3.0,1.0,0.0,10.0,4.0,0.0,3.0,28.0,8.0,,,0.0
Premier League,Marc Cucurella,Brighton,ESP,"DF,MF",23,1998,35,3089,6.0,0.0,0.0,28.0,30.0,3.0,116.0,30.0,61.0,,,0.0
Premier League,Moisés Caicedo,Brighton,ECU,MF,19,2001,8,660,2.0,0.0,0.0,7.0,11.0,1.0,0.0,11.0,10.0,,,0.0
Premier League,Neal Maupay,Brighton,FRA,FW,24,1996,32,2276,7.0,0.0,0.0,33.0,31.0,6.0,8.0,2.0,10.0,,,0.0
Premier League,Pascal Groß,Brighton,GER,MF,30,1991,29,2038,1.0,0.0,0.0,15.0,6.0,4.0,189.0,16.0,13.0,,,0.0
Premier League,Robert Sánchez,Brighton,ESP,GK,23,1997,37,3329,3.0,1.0,0.0,1.0,2.0,0.0,0.0,0.0,1.0,,,0.0
Premier League,Shane Duffy,Brighton,IRL,DF,29,1992,18,1436,7.0,0.0,0.0,15.0,5.0,1.0,1.0,14.0,11.0,,,0.0
Premier League,Solly March,Brighton,ENG,MF,27,1994,31,1746,1.0,0.0,0.0,31.0,20.0,12.0,95.0,18.0,16.0,,,0.0
Premier League,Steven Alzate,Brighton,COL,MF,22,1998,9,404,0.0,0.0,0.0,6.0,4.0,0.0,0.0,11.0,5.0,,,0.0
Premier League,Tariq Lamptey,Brighton,GHA,"MF,DF",20,2000,30,1561,4.0,0.0,0.0,27.0,50.0,3.0,93.0,21.0,24.0,,,0.0
Premier League,Taylor Richards,Brighton,ENG,MF,20,2000,2,25,0.0,0.0,0.0,1.0,1.0,0.0,0.0,0.0,0.0,,,0.0
Premier League,Yves Bissouma,Brighton,MLI,MF,24,1996,26,2111,10.0,0.0,0.0,30.0,19.0,0.0,2.0,47.0,48.0,,,0.0
Premier League,Aaron Lennon,Burnley,ENG,"MF,FW",34,1987,28,1551,2.0,0.0,0.0,19.0,20.0,4.0,39.0,9.0,16.0,,,0.0
Premier League,Ashley Barnes,Burnley,ENG,FW,31,1989,23,808,4.0,0.0,0.0,21.0,12.0,9.0,2.0,2.0,2.0,,,0.0
Premier League,Ashley Westwood,Burnley,ENG,MF,31,1990,27,2287,7.0,0.0,0.0,29.0,22.0,0.0,124.0,31.0,11.0,,,0.0
Premier League,Ben Mee,Burnley,ENG,DF,31,1989,21,1839,3.0,0.0,0.0,9.0,8.0,2.0,4.0,25.0,11.0,,,1.0
Premier League,Charlie Taylor,Burnley,ENG,DF,27,1993,31,2731,3.0,0.0,0.0,17.0,42.0,0.0,105.0,58.0,27.0,,,0.0
Premier League,Chris Wood,Burnley,NZL,FW,29,1991,17,1367,1.0,0.0,0.0,14.0,7.0,16.0,5.0,0.0,4.0,,,0.0
Premier League,Connor Roberts,Burnley,WAL,DF,25,1995,21,1692,2.0,0.0,0.0,7.0,29.0,1.0,28.0,20.0,14.0,,,0.0
Premier League,Dale Stephens,Burnley,ENG,MF,32,1989,3,124,1.0,0.0,0.0,5.0,0.0,0.0,0.0,1.0,1.0,,,0.0
Premier League,Dwight McNeil,Burnley,ENG,MF,21,1999,38,3107,1.0,0.0,0.0,16.0,36.0,1.0,200.0,33.0,53.0,,,0.0
Premier League,Erik Pieters,Burnley,NED,DF,32,1988,12,730,1.0,0.0,0.0,14.0,5.0,0.0,14.0,10.0,14.0,,,0.0
Premier League,Jack Cork,Burnley,ENG,MF,32,1989,20,1670,4.0,0.0,0.0,32.0,10.0,1.0,8.0,17.0,8.0,,,0.0
Premier League,James Tarkowski,Burnley,ENG,DF,28,1992,35,3106,11.0,0.0,0.0,30.0,19.0,2.0,1.0,49.0,44.0,,,1.0
Premier League,Jay Rodriguez,Burnley,ENG,FW,32,1989,29,1382,3.0,0.0,0.0,32.0,16.0,17.0,8.0,4.0,12.0,,,0.0
Premier League,Josh Brownhill,Burnley,ENG,MF,25,1995,35,2955,10.0,0.0,0.0,39.0,20.0,0.0,52.0,67.0,36.0,,,0.0
Premier League,Jóhann Berg Guðmundsson,Burnley,ISL,MF,30,1990,18,1102,2.0,0.0,0.0,15.0,14.0,3.0,45.0,11.0,6.0,,,0.0
Premier League,Kevin Long,Burnley,IRL,DF,30,1990,6,410,1.0,0.0,0.0,4.0,3.0,1.0,0.0,1.0,2.0,,,0.0
Premier League,Matthew Lowton,Burnley,ENG,DF,32,1989,25,1772,3.0,1.0,0.0,13.0,6.0,0.0,54.0,24.0,24.0,,,0.0
Premier League,Matěj Vydra,Burnley,CZE,FW,29,1992,22,679,1.0,0.0,0.0,9.0,8.0,5.0,2.0,0.0,6.0,,,0.0
Premier League,Maxwel Cornet,Burnley,CIV,"FW,MF",24,1996,26,1766,2.0,0.0,0.0,20.0,20.0,26.0,55.0,10.0,9.0,,,0.0
Premier League,Nathan Collins,Burnley,IRL,DF,20,2001,19,1670,2.0,1.0,0.0,20.0,12.0,4.0,3.0,24.0,15.0,,,0.0
Premier League,Nick Pope,Burnley,ENG,GK,29,1992,36,3240,1.0,0.0,0.0,0.0,2.0,0.0,0.0,2.0,0.0,,,0.0
Premier League,Wayne Hennessey,Burnley,WAL,GK,34,1987,2,180,0.0,0.0,0.0,0.0,1.0,0.0,0.0,1.0,0.0,,,0.0
Premier League,Wout Weghorst,Burnley,NED,FW,28,1992,20,1450,3.0,0.0,0.0,29.0,18.0,9.0,4.0,6.0,8.0,,,0.0
Premier League,Andreas Christensen,Chelsea,DEN,DF,25,1996,19,1496,2.0,0.0,0.0,11.0,7.0,0.0,1.0,32.0,9.0,,,0.0
Premier League,Antonio Rüdiger,Chelsea,GER,DF,28,1993,34,3035,9.0,0.0,0.0,35.0,13.0,0.0,15.0,26.0,27.0,,,0.0
Premier League,Ben Chilwell,Chelsea,ENG,MF,24,1996,7,542,0.0,0.0,0.0,10.0,15.0,2.0,32.0,4.0,3.0,,,0.0
Premier League,Callum Hudson-Odoi,Chelsea,ENG,MF,20,2000,15,962,1.0,0.0,0.0,10.0,17.0,4.0,32.0,2.0,10.0,,,0.0
Premier League,Christian Pulisic,Chelsea,USA,"MF,FW",22,1998,22,1290,2.0,0.0,0.0,15.0,31.0,4.0,14.0,5.0,7.0,,,0.0
Premier League,César Azpilicueta,Chelsea,ESP,"DF,MF",31,1989,27,2070,3.0,0.0,0.0,25.0,5.0,2.0,47.0,22.0,30.0,,,0.0
Premier League,Emerson Palmieri,Chelsea,ITA,"DF,MF",26,1994,1,5,0.0,0.0,0.0,0.0,0.0,0.0,0.0,0.0,0.0,,,0.0
Premier League,Hakim Ziyech,Chelsea,MAR,"MF,FW",28,1993,23,1319,3.0,0.0,0.0,23.0,28.0,5.0,99.0,12.0,13.0,,,0.0
Premier League,Jorginho,Chelsea,ITA,MF,29,1991,29,2273,5.0,0.0,0.0,30.0,38.0,0.0,3.0,35.0,36.0,,,0.0
Premier League,Kai Havertz,Chelsea,GER,"FW,MF",22,1999,29,1809,3.0,0.0,0.0,40.0,25.0,12.0,8.0,5.0,9.0,,,0.0
Premier League,Kenedy,Chelsea,BRA,MF,25,1996,1,58,0.0,0.0,0.0,0.0,0.0,0.0,1.0,0.0,2.0,,,0.0
Premier League,Kepa Arrizabalaga,Chelsea,ESP,GK,26,1994,4,360,0.0,0.0,0.0,0.0,1.0,0.0,0.0,0.0,0.0,,,0.0
Premier League,Malang Sarr,Chelsea,FRA,DF,22,1999,8,546,2.0,0.0,0.0,8.0,1.0,0.0,4.0,11.0,7.0,,,0.0
Premier League,Marcos Alonso,Chelsea,ESP,MF,30,1990,28,2167,8.0,0.0,0.0,25.0,28.0,3.0,147.0,37.0,28.0,,,0.0
Premier League,Mason Mount,Chelsea,ENG,MF,22,1999,32,2363,4.0,0.0,0.0,30.0,23.0,5.0,153.0,12.0,18.0,,,0.0
Premier League,Mateo Kovačić,Chelsea,CRO,MF,27,1994,25,1558,4.0,0.0,0.0,24.0,19.0,0.0,6.0,6.0,30.0,,,0.0
Premier League,N'Golo Kanté,Chelsea,FRA,MF,30,1991,26,1773,2.0,0.0,0.0,22.0,11.0,0.0,12.0,30.0,33.0,,,0.0
Premier League,Reece James,Chelsea,ENG,MF,21,1999,26,1864,4.0,1.0,0.0,20.0,31.0,4.0,107.0,15.0,24.0,,,1.0
Premier League,Romelu Lukaku,Chelsea,BEL,FW,28,1993,26,1589,1.0,0.0,0.0,8.0,12.0,14.0,7.0,0.0,1.0,,,0.0
Premier League,Ross Barkley,Chelsea,ENG,MF,27,1993,6,179,0.0,0.0,0.0,2.0,4.0,0.0,7.0,1.0,0.0,,,0.0
Premier League,Ruben Loftus-Cheek,Chelsea,ENG,MF,25,1996,24,1394,1.0,0.0,0.0,18.0,41.0,2.0,7.0,10.0,10.0,,,0.0
Premier League,Saúl Ñíguez,Chelsea,ESP,MF,26,1994,10,480,1.0,0.0,0.0,9.0,0.0,0.0,10.0,7.0,9.0,,,0.0
Premier League,Thiago Silva,Chelsea,BRA,DF,36,1984,32,2650,2.0,0.0,0.0,12.0,12.0,1.0,2.0,43.0,21.0,,,0.0
Premier League,Timo Werner,Chelsea,GER,"FW,MF",25,1996,21,1283,1.0,0.0,0.0,11.0,12.0,11.0,23.0,1.0,4.0,,,0.0
Premier League,Trevoh Chalobah,Chelsea,ENG,DF,22,1999,20,1449,2.0,0.0,0.0,19.0,14.0,0.0,4.0,19.0,28.0,,,0.0
Premier League,Édouard Mendy,Chelsea,SEN,GK,29,1992,34,3060,3.0,0.0,0.0,1.0,3.0,0.0,0.0,0.0,0.0,,,0.0
Premier League,Cheikhou Kouyaté,Crystal Palace,SEN,MF,31,1989,27,1974,3.0,0.0,0.0,29.0,21.0,0.0,4.0,39.0,37.0,,,0.0
Premier League,Christian Benteke,Crystal Palace,BEL,FW,30,1990,25,1145,3.0,0.0,0.0,16.0,16.0,10.0,0.0,2.0,2.0,,,0.0
Premier League,Conor Gallagher,Crystal Palace,ENG,MF,21,2000,34,2845,10.0,0.0,0.0,65.0,66.0,2.0,127.0,26.0,35.0,,,0.0
Premier League,Eberechi Eze,Crystal Palace,ENG,"MF,FW",23,1998,13,605,1.0,0.0,0.0,5.0,12.0,0.0,27.0,5.0,6.0,,,0.0
Premier League,Jack Butland,Crystal Palace,ENG,GK,28,1993,9,765,0.0,0.0,0.0,0.0,2.0,0.0,0.0,0.0,0.0,,,0.0
Premier League,James McArthur,Crystal Palace,SCO,MF,33,1987,21,1439,4.0,0.0,0.0,24.0,20.0,3.0,18.0,27.0,25.0,,,0.0
Premier League,James Tomkins,Crystal Palace,ENG,DF,32,1989,8,547,2.0,0.0,0.0,7.0,2.0,0.0,0.0,4.0,3.0,,,0.0
Premier League,Jaïro Riedewald,Crystal Palace,NED,MF,24,1996,3,118,0.0,0.0,0.0,1.0,0.0,0.0,2.0,1.0,1.0,,,0.0
Premier League,Jean-Philippe Mateta,Crystal Palace,FRA,FW,24,1997,22,1145,2.0,0.0,0.0,15.0,7.0,14.0,6.0,4.0,3.0,,,0.0
Premier League,Jeffrey Schlupp,Crystal Palace,GHA,"MF,FW",28,1992,32,1851,1.0,0.0,0.0,26.0,22.0,0.0,20.0,18.0,25.0,,,0.0
Premier League,Jesurun Rak Sakyi,Crystal Palace,GHA,MF,18,2002,2,80,0.0,0.0,0.0,1.0,3.0,0.0,2.0,1.0,0.0,,,0.0
Premier League,Joachim Andersen,Crystal Palace,DEN,DF,25,1996,34,2916,4.0,0.0,0.0,19.0,8.0,1.0,9.0,41.0,22.0,,,1.0
Premier League,Joel Ward,Crystal Palace,ENG,DF,31,1989,28,2487,8.0,0.0,0.0,22.0,21.0,1.0,43.0,30.0,27.0,,,0.0
Premier League,Jordan Ayew,Crystal Palace,GHA,"FW,MF",29,1991,31,2019,2.0,0.0,0.0,38.0,66.0,1.0,73.0,16.0,30.0,,,0.0
Premier League,Luka Milivojević,Crystal Palace,SRB,MF,30,1991,15,774,1.0,0.0,0.0,16.0,10.0,0.0,43.0,10.0,9.0,,,1.0
Premier League,Marc Guéhi,Crystal Palace,ENG,DF,21,2000,36,3222,4.0,0.0,0.0,14.0,35.0,0.0,3.0,30.0,20.0,,,0.0
Premier League,Michael Olise,Crystal Palace,FRA,"FW,MF",19,2001,26,1141,4.0,0.0,0.0,16.0,27.0,1.0,97.0,7.0,19.0,,,0.0
Premier League,Nathan Ferguson,Crystal Palace,ENG,DF,20,2000,1,9,0.0,0.0,0.0,0.0,0.0,0.0,0.0,0.0,0.0,,,0.0
Premier League,Nathaniel Clyne,Crystal Palace,ENG,DF,30,1991,16,1351,1.0,0.0,0.0,3.0,5.0,0.0,17.0,16.0,10.0,,,0.0
Premier League,Odsonne Édouard,Crystal Palace,FRA,"FW,MF",23,1998,28,1564,4.0,0.0,0.0,25.0,6.0,4.0,7.0,1.0,12.0,,,0.0
Premier League,Tyrick Mitchell,Crystal Palace,ENG,DF,21,1999,36,3101,1.0,0.0,0.0,16.0,14.0,2.0,62.0,40.0,54.0,,,0.0
Premier League,Vicente Guaita,Crystal Palace,ESP,GK,34,1987,30,2655,2.0,0.0,0.0,1.0,2.0,0.0,0.0,2.0,0.0,,,0.0
Premier League,Wilfried Zaha,Crystal Palace,CIV,"FW,MF",28,1992,33,2760,6.0,1.0,1.0,38.0,100.0,25.0,47.0,5.0,21.0,,,0.0
Premier League,Will Hughes,Crystal Palace,ENG,MF,26,1995,16,1053,6.0,0.0,0.0,18.0,17.0,0.0,35.0,9.0,14.0,,,0.0
Premier League,Abdoulaye Doucouré,Everton,MLI,MF,28,1993,30,2537,6.0,0.0,0.0,39.0,16.0,1.0,11.0,27.0,43.0,,,0.0
Premier League,Alex Iwobi,Everton,NGA,"MF,DF",25,1996,28,2035,1.0,0.0,0.0,16.0,7.0,3.0,32.0,20.0,21.0,,,0.0
Premier League,Allan,Everton,BRA,MF,30,1991,28,2183,7.0,1.0,0.0,30.0,22.0,0.0,11.0,23.0,46.0,,,0.0
Premier League,Andros Townsend,Everton,ENG,MF,30,1991,21,1455,3.0,0.0,0.0,10.0,39.0,1.0,95.0,14.0,15.0,,,0.0
Premier League,André Gomes,Everton,POR,MF,28,1993,14,619,3.0,0.0,0.0,24.0,8.0,0.0,6.0,1.0,4.0,,,0.0
Premier League,Anthony Gordon,Everton,ENG,"MF,FW",20,2001,35,2285,4.0,0.0,0.0,25.0,64.0,8.0,121.0,20.0,30.0,,,0.0
Premier League,Anwar El Ghazi,Everton,NED,"FW,MF",26,1995,2,13,0.0,0.0,0.0,0.0,0.0,0.0,0.0,0.0,1.0,,,0.0
Premier League,Asmir Begović,Everton,BIH,GK,34,1987,3,270,0.0,0.0,0.0,0.0,0.0,0.0,0.0,0.0,0.0,,,0.0
Premier League,Ben Godfrey,Everton,ENG,DF,23,1998,23,2029,6.0,0.0,0.0,17.0,12.0,0.0,12.0,14.0,32.0,,,0.0
Premier League,Cenk Tosun,Everton,TUR,"FW,MF",30,1991,1,7,0.0,0.0,0.0,0.0,0.0,0.0,0.0,0.0,0.0,,,0.0
Premier League,Dele Alli,Everton,ENG,MF,25,1996,11,338,3.0,0.0,0.0,9.0,7.0,2.0,1.0,6.0,2.0,,,0.0
Premier League,Demarai Gray,Everton,JAM,"MF,FW",25,1996,34,2338,3.0,0.0,0.0,12.0,32.0,3.0,130.0,15.0,20.0,,,0.0
Premier League,Dominic Calvert-Lewin,Everton,ENG,FW,24,1997,17,1283,2.0,0.0,0.0,17.0,16.0,4.0,2.0,3.0,8.0,,,0.0
Premier League,Donny van de Beek,Everton,NED,MF,24,1997,7,483,1.0,0.0,0.0,7.0,1.0,0.0,6.0,6.0,7.0,,,0.0
Premier League,Ellis Simms,Everton,ENG,FW,20,2001,1,61,0.0,0.0,0.0,0.0,0.0,0.0,0.0,0.0,0.0,,,0.0
Premier League,Fabian Delph,Everton,ENG,MF,31,1989,11,662,2.0,0.0,0.0,8.0,6.0,0.0,1.0,16.0,16.0,,,0.0
Premier League,Isaac Price,Everton,NIR,MF,17,2003,1,14,0.0,0.0,0.0,0.0,0.0,0.0,0.0,0.0,0.0,,,0.0
Premier League,Jarrad Branthwaite,Everton,ENG,DF,19,2002,6,388,0.0,1.0,0.0,3.0,4.0,0.0,0.0,1.0,2.0,,,0.0
Premier League,Jean-Philippe Gbamin,Everton,CIV,MF,25,1995,3,67,0.0,0.0,0.0,0.0,1.0,0.0,0.0,1.0,1.0,,,0.0
Premier League,Jonjoe Kenny,Everton,ENG,DF,24,1997,15,1018,3.0,1.0,1.0,9.0,6.0,1.0,23.0,20.0,8.0,,,0.0
Premier League,Jordan Pickford,Everton,ENG,GK,27,1994,35,3150,2.0,0.0,0.0,0.0,6.0,0.0,0.0,0.0,1.0,,,0.0
Premier League,Lewis Dobbin,Everton,ENG,"FW,MF",18,2003,3,32,1.0,0.0,0.0,1.0,1.0,0.0,0.0,0.0,1.0,,,0.0
Premier League,Lucas Digne,Everton,FRA,DF,28,1993,13,1170,4.0,0.0,0.0,14.0,9.0,0.0,71.0,14.0,19.0,,,1.0
Premier League,Mason Holgate,Everton,JAM,DF,24,1996,25,2134,7.0,1.0,0.0,26.0,15.0,0.0,4.0,27.0,19.0,,,1.0
Premier League,Michael Keane,Everton,ENG,DF,28,1993,32,2792,4.0,1.0,1.0,16.0,7.0,1.0,2.0,61.0,24.0,,,2.0
Premier League,Moise Kean,Everton,ITA,FW,21,2000,1,1,0.0,0.0,0.0,0.0,0.0,0.0,0.0,0.0,0.0,,,0.0
Premier League,Richarlison,Everton,BRA,"FW,MF",24,1997,30,2523,9.0,0.0,0.0,36.0,68.0,20.0,39.0,12.0,23.0,,,0.0
Premier League,Salomón Rondón,Everton,VEN,FW,31,1989,20,790,3.0,1.0,0.0,12.0,4.0,5.0,6.0,0.0,1.0,,,0.0
Premier League,Séamus Coleman,Everton,IRL,"DF,MF",32,1988,30,2656,4.0,0.0,0.0,15.0,17.0,2.0,41.0,32.0,36.0,,,1.0
Premier League,Tom Davies,Everton,ENG,MF,23,1998,6,234,1.0,0.0,0.0,4.0,3.0,0.0,0.0,2.0,1.0,,,0.0
Premier League,Tyler Onyango,Everton,ENG,MF,18,2003,3,28,0.0,0.0,0.0,0.0,0.0,0.0,0.0,0.0,0.0,,,0.0
Premier League,Vitaliy Mykolenko,Everton,UKR,"DF,MF",22,1999,13,1055,0.0,0.0,0.0,13.0,9.0,0.0,41.0,16.0,14.0,,,0.0
Premier League,Yerry Mina,Everton,COL,DF,26,1994,13,846,3.0,0.0,0.0,5.0,9.0,1.0,3.0,9.0,9.0,,,0.0
Premier League,Adam Forshaw,Leeds United,ENG,MF,29,1991,22,1530,5.0,0.0,0.0,26.0,15.0,2.0,5.0,18.0,21.0,,,0.0
Premier League,Charlie Cresswell,Leeds United,ENG,DF,18,2002,5,141,1.0,0.0,0.0,3.0,0.0,1.0,1.0,2.0,2.0,,,0.0
Premier League,Cody Drameh,Leeds United,ENG,DF,19,2001,3,128,1.0,0.0,0.0,2.0,0.0,0.0,2.0,1.0,3.0,,,0.0
Premier League,Crysencio Summerville,Leeds United,NED,"FW,MF",19,2001,6,130,0.0,0.0,0.0,1.0,1.0,0.0,3.0,2.0,3.0,,,0.0
Premier League,Daniel James,Leeds United,WAL,"FW,MF",23,1997,32,2366,7.0,1.0,0.0,30.0,38.0,13.0,59.0,8.0,14.0,,,0.0
Premier League,Diego Llorente,Leeds United,ESP,DF,27,1993,28,2340,7.0,0.0,0.0,23.0,21.0,0.0,1.0,39.0,32.0,,,0.0
Premier League,Hélder Costa,Leeds United,ANG,"FW,MF",27,1994,1,22,0.0,0.0,0.0,1.0,2.0,0.0,0.0,0.0,0.0,,,0.0
Premier League,Illan Meslier,Leeds United,FRA,GK,21,2000,38,3384,2.0,0.0,0.0,0.0,5.0,0.0,0.0,0.0,1.0,,,0.0
Premier League,Jack Harrison,Leeds United,ENG,MF,24,1996,35,2639,3.0,0.0,0.0,29.0,23.0,4.0,142.0,21.0,38.0,,,0.0
Premier League,Jamie Shackleton,Leeds United,ENG,"DF,MF",21,1999,14,709,4.0,0.0,0.0,13.0,6.0,0.0,4.0,7.0,17.0,,,0.0
Premier League,Joe Gelhardt,Leeds United,ENG,FW,19,2002,20,746,4.0,0.0,0.0,17.0,24.0,5.0,3.0,0.0,3.0,,,0.0
Premier League,Junior Firpo,Leeds United,DOM,"DF,MF",24,1996,24,1711,11.0,0.0,0.0,40.0,15.0,1.0,26.0,22.0,27.0,,,1.0
Premier League,Kalvin Phillips,Leeds United,ENG,MF,25,1995,20,1596,4.0,0.0,0.0,33.0,20.0,0.0,17.0,23.0,24.0,,,0.0
Premier League,Kristoffer Klaesson,Leeds United,NOR,GK,20,2000,1,36,0.0,0.0,0.0,0.0,0.0,0.0,0.0,0.0,0.0,,,0.0
Premier League,Leo Fuhr Hjelde,Leeds United,NOR,DF,17,2003,2,150,0.0,0.0,0.0,1.0,0.0,0.0,3.0,4.0,4.0,,,0.0
Premier League,Lewis Bate,Leeds United,ENG,MF,18,2002,3,146,0.0,0.0,0.0,3.0,1.0,0.0,0.0,1.0,0.0,,,0.0
Premier League,Liam Cooper,Leeds United,SCO,DF,29,1991,21,1814,5.0,0.0,0.0,19.0,9.0,2.0,1.0,41.0,25.0,,,0.0
Premier League,Liam McCarron,Leeds United,SCO,DF,20,2001,1,10,0.0,0.0,0.0,0.0,0.0,0.0,0.0,0.0,0.0,,,0.0
Premier League,Luke Ayling,Leeds United,ENG,DF,29,1991,26,2272,4.0,1.0,0.0,22.0,19.0,2.0,30.0,26.0,45.0,,,0.0
Premier League,Mateusz Klich,Leeds United,POL,MF,31,1990,33,2073,5.0,0.0,0.0,40.0,15.0,2.0,30.0,11.0,26.0,,,0.0
Premier League,Pascal Struijk,Leeds United,NED,DF,21,1999,29,2055,6.0,1.0,0.0,25.0,7.0,1.0,0.0,37.0,38.0,,,0.0
Premier League,Patrick Bamford,Leeds United,ENG,FW,27,1993,9,559,2.0,0.0,0.0,5.0,5.0,5.0,3.0,1.0,0.0,,,0.0
Premier League,Raphinha,Leeds United,BRA,"MF,FW",24,1996,35,2915,7.0,0.0,0.0,39.0,47.0,14.0,160.0,28.0,28.0,,,0.0
Premier League,Robin Koch,Leeds United,GER,"MF,DF",25,1996,20,1574,3.0,0.0,0.0,22.0,10.0,0.0,4.0,18.0,13.0,,,0.0
Premier League,Rodrigo,Leeds United,ESP,"MF,FW",30,1991,31,2265,9.0,0.0,0.0,21.0,30.0,4.0,29.0,10.0,9.0,,,0.0
Premier League,Sam Greenwood,Leeds United,ENG,MF,19,2002,7,237,0.0,0.0,0.0,7.0,2.0,1.0,6.0,2.0,5.0,,,0.0
Premier League,Stuart Dallas,Leeds United,NIR,"DF,MF",30,1991,34,2919,5.0,0.0,0.0,33.0,30.0,2.0,101.0,55.0,61.0,,,0.0
Premier League,Stuart McKinstry,Leeds United,SCO,MF,18,2002,1,4,0.0,0.0,0.0,0.0,0.0,0.0,0.0,0.0,0.0,,,0.0
Premier League,Tyler Roberts,Leeds United,WAL,"MF,FW",22,1999,23,987,5.0,0.0,0.0,14.0,19.0,3.0,15.0,5.0,8.0,,,0.0
Premier League,Ademola Lookman,Leicester City,NGA,"MF,FW",23,1997,26,1453,2.0,0.0,0.0,27.0,33.0,6.0,17.0,9.0,14.0,,,0.0
Premier League,Ayoze Pérez,Leicester City,ESP,MF,28,1993,14,445,0.0,1.0,0.0,6.0,7.0,0.0,3.0,2.0,2.0,,,0.0
Premier League,Boubakary Soumaré,Leicester City,FRA,MF,22,1999,19,1102,0.0,0.0,0.0,16.0,17.0,0.0,4.0,11.0,13.0,,,0.0
Premier League,Daniel Amartey,Leicester City,GHA,DF,26,1994,28,2123,4.0,0.0,0.0,14.0,8.0,1.0,0.0,22.0,14.0,,,0.0
Premier League,Danny Ward,Leicester City,WAL,GK,28,1993,1,90,0.0,0.0,0.0,0.0,0.0,0.0,0.0,0.0,0.0,,,0.0
Premier League,Hamza Choudhury,Leicester City,BAN,"MF,DF",23,1997,6,285,1.0,0.0,0.0,4.0,5.0,0.0,0.0,12.0,2.0,,,0.0
Premier League,Harvey Barnes,Leicester City,ENG,"MF,FW",23,1997,32,2101,2.0,0.0,0.0,19.0,20.0,10.0,45.0,4.0,15.0,,,0.0
Premier League,James Justin,Leicester City,ENG,DF,23,1998,13,998,0.0,0.0,0.0,7.0,12.0,1.0,15.0,17.0,14.0,,,0.0
Premier League,James Maddison,Leicester City,ENG,"MF,FW",24,1996,35,2459,3.0,0.0,0.0,22.0,64.0,4.0,127.0,9.0,21.0,,,0.0
Premier League,Jamie Vardy,Leicester City,ENG,FW,34,1987,25,1806,2.0,0.0,0.0,13.0,12.0,19.0,12.0,1.0,5.0,,,1.0
Premier League,Jannik Vestergaard,Leicester City,DEN,DF,28,1992,10,567,2.0,0.0,0.0,4.0,1.0,0.0,0.0,8.0,9.0,,,0.0
Premier League,Jonny Evans,Leicester City,NIR,DF,33,1988,18,1348,3.0,0.0,0.0,15.0,11.0,0.0,3.0,20.0,13.0,,,0.0
Premier League,Kasey McAteer,Leicester City,IRL,MF,19,2001,1,3,0.0,0.0,0.0,0.0,0.0,0.0,0.0,0.0,0.0,,,0.0
Premier League,Kasper Schmeichel,Leicester City,DEN,GK,34,1986,37,3330,2.0,0.0,0.0,0.0,2.0,0.0,0.0,1.0,0.0,,,0.0
Premier League,Kelechi Iheanacho,Leicester City,NGA,FW,24,1996,26,1264,1.0,0.0,0.0,17.0,11.0,7.0,6.0,5.0,6.0,,,0.0
Premier League,Kiernan Dewsbury-Hall,Leicester City,ENG,MF,22,1998,28,2105,4.0,0.0,0.0,20.0,29.0,0.0,86.0,20.0,23.0,,,0.0
Premier League,Lewis Brunt,Leicester City,ENG,"DF,MF",20,2000,1,24,0.0,0.0,0.0,0.0,0.0,0.0,0.0,0.0,0.0,,,0.0
Premier League,Luke Thomas,Leicester City,ENG,"DF,MF",20,2001,22,1912,2.0,0.0,0.0,15.0,15.0,0.0,33.0,42.0,31.0,,,0.0
Premier League,Marc Albrighton,Leicester City,ENG,"MF,FW",31,1989,17,1132,3.0,0.0,0.0,6.0,13.0,2.0,77.0,14.0,21.0,,,0.0
Premier League,Nampalys Mendy,Leicester City,SEN,MF,29,1992,14,1032,3.0,0.0,0.0,17.0,18.0,0.0,0.0,10.0,8.0,,,0.0
Premier League,Patson Daka,Leicester City,ZAM,FW,22,1998,23,1159,2.0,0.0,0.0,17.0,14.0,7.0,1.0,2.0,10.0,,,0.0
Premier League,Ricardo Pereira,Leicester City,POR,"DF,MF",27,1993,14,991,3.0,0.0,0.0,6.0,15.0,0.0,13.0,16.0,21.0,,,0.0
Premier League,Ryan Bertrand,Leicester City,ENG,DF,31,1989,4,337,1.0,0.0,0.0,3.0,1.0,0.0,12.0,1.0,5.0,,,0.0
Premier League,Timothy Castagne,Leicester City,BEL,"DF,MF",25,1995,27,2127,1.0,0.0,0.0,15.0,7.0,1.0,42.0,28.0,33.0,,,0.0
Premier League,Wesley Fofana,Leicester City,FRA,DF,20,2000,7,630,2.0,0.0,0.0,7.0,7.0,0.0,0.0,7.0,8.0,,,0.0
Premier League,Wilfred Ndidi,Leicester City,NGA,"MF,DF",24,1996,19,1618,4.0,0.0,0.0,30.0,22.0,1.0,1.0,43.0,29.0,,,0.0
Premier League,Youri Tielemans,Leicester City,BEL,MF,24,1997,32,2631,3.0,0.0,0.0,32.0,36.0,0.0,56.0,21.0,39.0,,,0.0
Premier League,Çağlar Söyüncü,Leicester City,TUR,DF,25,1996,28,2497,5.0,0.0,0.0,24.0,14.0,1.0,5.0,33.0,31.0,,,0.0
Premier League,Alex Oxlade-Chamberlain,Liverpool,ENG,"MF,FW",27,1993,17,785,0.0,0.0,0.0,10.0,3.0,2.0,27.0,5.0,11.0,,,0.0
Premier League,Alisson,Liverpool,BRA,GK,28,1992,36,3240,0.0,0.0,0.0,0.0,2.0,0.0,0.0,0.0,1.0,,,1.0
Premier League,Andy Robertson,Liverpool,SCO,DF,27,1994,29,2537,5.0,1.0,0.0,20.0,9.0,4.0,194.0,26.0,21.0,,,0.0
Premier League,Caoimhín Kelleher,Liverpool,IRL,GK,22,1998,2,180,0.0,0.0,0.0,0.0,1.0,0.0,0.0,0.0,1.0,,,0.0
Premier League,Curtis Jones,Liverpool,ENG,MF,20,2001,15,851,0.0,0.0,0.0,10.0,19.0,1.0,5.0,8.0,10.0,,,0.0
Premier League,Diogo Jota,Liverpool,POR,FW,24,1996,35,2364,3.0,0.0,0.0,40.0,40.0,5.0,21.0,6.0,18.0,,,0.0
Premier League,Divock Origi,Liverpool,BEL,"FW,MF",26,1995,7,133,0.0,0.0,0.0,2.0,1.0,0.0,0.0,1.0,0.0,,,0.0
Premier League,Fabinho,Liverpool,BRA,MF,27,1993,29,2314,7.0,0.0,0.0,41.0,28.0,0.0,8.0,38.0,29.0,,,0.0
Premier League,Harvey Elliott,Liverpool,ENG,MF,18,2003,6,346,0.0,0.0,0.0,2.0,6.0,0.0,10.0,4.0,0.0,,,0.0
Premier League,Ibrahima Konaté,Liverpool,FRA,DF,22,1999,11,990,2.0,0.0,0.0,10.0,3.0,0.0,0.0,17.0,11.0,,,0.0
Premier League,James Milner,Liverpool,ENG,"MF,DF",35,1986,24,853,2.0,0.0,0.0,17.0,14.0,0.0,44.0,15.0,17.0,,,0.0
Premier League,Joe Gomez,Liverpool,ENG,DF,24,1997,8,331,2.0,0.0,0.0,5.0,2.0,0.0,19.0,6.0,6.0,,,0.0
Premier League,Jordan Henderson,Liverpool,ENG,MF,31,1990,35,2597,3.0,0.0,0.0,24.0,7.0,3.0,57.0,25.0,20.0,,,0.0
Premier League,Joël Matip,Liverpool,CMR,DF,29,1991,31,2790,2.0,0.0,0.0,13.0,11.0,0.0,1.0,45.0,35.0,,,0.0
Premier League,Kaide Gordon,Liverpool,ENG,FW,16,2004,1,9,0.0,0.0,0.0,1.0,0.0,0.0,0.0,0.0,0.0,,,0.0
Premier League,Kostas Tsimikas,Liverpool,GRE,DF,25,1996,13,877,3.0,0.0,0.0,20.0,6.0,0.0,115.0,9.0,12.0,,,0.0
Premier League,Luis Díaz,Liverpool,COL,FW,24,1997,13,958,0.0,0.0,0.0,14.0,14.0,3.0,14.0,4.0,7.0,,,0.0
Premier League,Mohamed Salah,Liverpool,EGY,FW,29,1992,35,2762,1.0,0.0,0.0,12.0,23.0,12.0,40.0,5.0,8.0,,,0.0
Premier League,Naby Keïta,Liverpool,GUI,MF,26,1995,23,1173,3.0,0.0,0.0,22.0,9.0,0.0,10.0,13.0,22.0,,,0.0
Premier League,Neco Williams,Liverpool,WAL,"DF,MF",20,2001,1,8,0.0,0.0,0.0,0.0,0.0,0.0,0.0,0.0,0.0,,,0.0
Premier League,Roberto Firmino,Liverpool,BRA,FW,29,1991,20,990,3.0,0.0,0.0,6.0,6.0,3.0,8.0,4.0,16.0,,,0.0
Premier League,Sadio Mané,Liverpool,SEN,FW,29,1992,34,2819,5.0,0.0,0.0,49.0,50.0,19.0,51.0,7.0,19.0,,,0.0
Premier League,Takumi Minamino,Liverpool,JPN,FW,26,1995,11,186,1.0,0.0,0.0,4.0,4.0,0.0,0.0,1.0,2.0,,,0.0
Premier League,Thiago Alcántara,Liverpool,ESP,MF,30,1991,25,1534,2.0,0.0,0.0,19.0,13.0,0.0,4.0,27.0,26.0,,,0.0
Premier League,Trent Alexander-Arnold,Liverpool,ENG,DF,22,1998,32,2853,2.0,0.0,0.0,12.0,7.0,11.0,277.0,44.0,24.0,,,0.0
Premier League,Tyler Morton,Liverpool,ENG,MF,18,2002,2,66,1.0,0.0,0.0,1.0,0.0,0.0,0.0,3.0,0.0,,,0.0
Premier League,Virgil van Dijk,Liverpool,NED,DF,30,1991,34,3060,3.0,0.0,0.0,9.0,8.0,0.0,0.0,31.0,11.0,,,0.0
Premier League,Aymeric Laporte,Manchester City,ESP,DF,27,1994,33,2828,5.0,1.0,0.0,14.0,10.0,2.0,5.0,19.0,15.0,,,0.0
Premier League,Benjamin Mendy,Manchester City,FRA,DF,27,1994,1,78,0.0,0.0,0.0,2.0,0.0,0.0,8.0,0.0,2.0,,,0.0
Premier League,Bernardo Silva,Manchester City,POR,"MF,FW",26,1994,35,2857,6.0,0.0,0.0,30.0,33.0,9.0,57.0,18.0,31.0,,,0.0
Premier League,CJ Egan-Riley,Manchester City,ENG,DF,18,2003,1,4,0.0,0.0,0.0,0.0,0.0,0.0,0.0,0.0,1.0,,,0.0
Premier League,Cole Palmer,Manchester City,ENG,FW,19,2002,4,123,0.0,0.0,0.0,1.0,1.0,0.0,3.0,1.0,2.0,,,0.0
Premier League,Ederson Moraes,Manchester City,BRA,GK,27,1993,37,3330,3.0,0.0,0.0,1.0,4.0,0.0,0.0,0.0,1.0,,,0.0
Premier League,Fernandinho,Manchester City,BRA,"MF,DF",36,1985,19,964,1.0,0.0,0.0,14.0,10.0,0.0,2.0,8.0,10.0,,,0.0
Premier League,Ferran Torres,Manchester City,ESP,FW,21,2000,4,303,0.0,0.0,0.0,1.0,1.0,1.0,3.0,0.0,2.0,,,0.0
Premier League,Gabriel Jesus,Manchester City,BRA,FW,24,1997,28,1877,1.0,0.0,0.0,26.0,26.0,10.0,24.0,13.0,13.0,,,0.0
Premier League,Jack Grealish,Manchester City,ENG,"FW,MF",25,1995,26,1914,3.0,0.0,0.0,17.0,54.0,5.0,32.0,7.0,16.0,,,0.0
Premier League,James Mcatee,Manchester City,ENG,MF,18,2002,2,20,0.0,0.0,0.0,1.0,0.0,0.0,0.0,0.0,0.0,,,0.0
Premier League,John Stones,Manchester City,ENG,DF,27,1994,14,1119,0.0,0.0,0.0,3.0,6.0,0.0,3.0,13.0,3.0,,,0.0
Premier League,João Cancelo,Manchester City,POR,DF,27,1994,36,3227,7.0,0.0,0.0,34.0,27.0,2.0,126.0,56.0,53.0,,,0.0
Premier League,Kayky Chagas,Manchester City,BRA,MF,18,2003,1,7,0.0,0.0,0.0,1.0,0.0,0.0,0.0,0.0,0.0,,,0.0
Premier League,Kevin De Bruyne,Manchester City,BEL,MF,30,1991,30,2201,2.0,0.0,0.0,21.0,27.0,5.0,179.0,7.0,16.0,,,0.0
Premier League,Kyle Walker,Manchester City,ENG,DF,31,1990,20,1755,1.0,0.0,0.0,7.0,12.0,1.0,33.0,13.0,6.0,,,0.0
Premier League,Liam Delap,Manchester City,ENG,FW,18,2003,1,10,0.0,0.0,0.0,1.0,1.0,0.0,0.0,0.0,0.0,,,0.0
Premier League,Nathan Aké,Manchester City,NED,DF,26,1995,14,923,0.0,0.0,0.0,9.0,2.0,0.0,1.0,7.0,9.0,,,0.0
Premier League,Oleksandr Zinchenko,Manchester City,UKR,DF,24,1996,15,1047,0.0,0.0,0.0,11.0,2.0,1.0,31.0,15.0,13.0,,,0.0
Premier League,Phil Foden,Manchester City,ENG,FW,21,2000,28,2128,1.0,0.0,0.0,14.0,23.0,13.0,134.0,12.0,9.0,,,0.0
Premier League,Raheem Sterling,Manchester City,ENG,"FW,MF",26,1994,30,2128,1.0,0.0,0.0,19.0,37.0,9.0,46.0,10.0,10.0,,,0.0
Premier League,Riyad Mahrez,Manchester City,ALG,FW,30,1991,28,1498,0.0,0.0,0.0,10.0,15.0,3.0,95.0,5.0,5.0,,,0.0
Premier League,Rodri,Manchester City,ESP,MF,25,1996,33,2884,5.0,0.0,0.0,43.0,20.0,0.0,9.0,29.0,46.0,,,0.0
Premier League,Rúben Dias,Manchester City,POR,DF,24,1997,29,2402,5.0,0.0,0.0,27.0,10.0,2.0,3.0,24.0,20.0,,,0.0
Premier League,Zack Steffen,Manchester City,USA,GK,26,1995,1,90,0.0,0.0,0.0,0.0,0.0,0.0,0.0,0.0,0.0,,,0.0
Premier League,İlkay Gündoğan,Manchester City,GER,MF,30,1990,27,1857,1.0,0.0,0.0,13.0,10.0,2.0,68.0,14.0,11.0,,,0.0
Premier League,Aaron Wan-Bissaka,Manchester Utd,COD,"DF,MF",23,1997,20,1793,2.0,0.0,0.0,15.0,13.0,1.0,35.0,34.0,36.0,,,0.0
Premier League,Alejandro Garnacho,Manchester Utd,ARG,MF,17,2004,2,13,0.0,0.0,0.0,1.0,0.0,0.0,0.0,0.0,0.0,,,0.0
Premier League,Alex Telles,Manchester Utd,BRA,DF,28,1992,21,1660,1.0,0.0,0.0,22.0,9.0,1.0,127.0,26.0,27.0,,,0.0
Premier League,Anthony Elanga,Manchester Utd,SWE,MF,19,2002,21,1214,0.0,0.0,0.0,8.0,22.0,3.0,21.0,8.0,18.0,,,0.0
Premier League,Anthony Martial,Manchester Utd,FRA,"MF,FW",25,1995,8,212,0.0,0.0,0.0,0.0,4.0,2.0,4.0,0.0,0.0,,,0.0
Premier League,Bruno Fernandes,Manchester Utd,POR,MF,26,1994,36,3111,10.0,0.0,0.0,34.0,47.0,3.0,149.0,16.0,27.0,,,0.0
Premier League,Cristiano Ronaldo,Manchester Utd,POR,FW,36,1985,30,2456,8.0,0.0,0.0,16.0,18.0,34.0,15.0,1.0,7.0,,,0.0
Premier League,Daniel James,Manchester Utd,WAL,MF,23,1997,2,126,0.0,0.0,0.0,1.0,0.0,2.0,5.0,0.0,1.0,,,0.0
Premier League,David de Gea,Manchester Utd,ESP,GK,30,1990,38,3420,0.0,0.0,0.0,0.0,1.0,0.0,0.0,0.0,0.0,,,0.0
Premier League,Diogo Dalot,Manchester Utd,POR,DF,22,1999,24,1801,4.0,0.0,0.0,18.0,4.0,1.0,59.0,28.0,39.0,,,0.0
Premier League,Donny van de Beek,Manchester Utd,NED,MF,24,1997,8,75,0.0,0.0,0.0,2.0,2.0,0.0,0.0,2.0,5.0,,,0.0
Premier League,Edinson Cavani,Manchester Utd,URU,FW,34,1987,15,766,0.0,0.0,0.0,7.0,5.0,6.0,2.0,2.0,1.0,,,0.0
Premier League,Eric Bailly,Manchester Utd,CIV,DF,27,1994,4,217,1.0,0.0,0.0,2.0,0.0,0.0,0.0,3.0,4.0,,,1.0
Premier League,Fred,Manchester Utd,BRA,MF,28,1993,28,2028,5.0,0.0,0.0,31.0,30.0,0.0,3.0,31.0,27.0,,,1.0
Premier League,Hannibal Mejbri,Manchester Utd,TUN,MF,18,2003,2,68,2.0,0.0,0.0,3.0,0.0,1.0,0.0,0.0,1.0,,,0.0
Premier League,Harry Maguire,Manchester Utd,ENG,DF,28,1993,30,2515,9.0,1.0,1.0,21.0,19.0,1.0,2.0,33.0,21.0,,,1.0
Premier League,Jadon Sancho,Manchester Utd,ENG,"MF,FW",21,2000,29,1900,0.0,0.0,0.0,4.0,7.0,7.0,28.0,13.0,8.0,,,0.0
Premier League,Jesse Lingard,Manchester Utd,ENG,MF,28,1992,16,367,1.0,0.0,0.0,5.0,4.0,1.0,8.0,0.0,7.0,,,0.0
Premier League,Juan Mata,Manchester Utd,ESP,MF,33,1988,7,235,0.0,0.0,0.0,2.0,4.0,2.0,6.0,1.0,4.0,,,0.0
Premier League,Luke Shaw,Manchester Utd,ENG,"DF,MF",26,1995,20,1601,8.0,0.0,0.0,32.0,16.0,2.0,109.0,9.0,12.0,,,0.0
Premier League,Marcus Rashford,Manchester Utd,ENG,"MF,FW",23,1997,25,1235,2.0,0.0,0.0,13.0,18.0,14.0,22.0,5.0,5.0,,,0.0
Premier League,Mason Greenwood,Manchester Utd,ENG,"MF,FW",19,2001,18,1271,1.0,0.0,0.0,15.0,16.0,3.0,34.0,1.0,8.0,,,0.0
Premier League,Nemanja Matić,Manchester Utd,SRB,MF,32,1988,23,1382,3.0,0.0,0.0,26.0,3.0,0.0,6.0,30.0,17.0,,,0.0
Premier League,Paul Pogba,Manchester Utd,FRA,MF,28,1993,20,1349,7.0,1.0,0.0,39.0,29.0,0.0,12.0,13.0,9.0,,,0.0
Premier League,Phil Jones,Manchester Utd,ENG,DF,29,1992,4,163,0.0,0.0,0.0,0.0,2.0,0.0,0.0,3.0,5.0,,,0.0
Premier League,Raphaël Varane,Manchester Utd,FRA,DF,28,1993,22,1831,0.0,0.0,0.0,5.0,7.0,0.0,1.0,17.0,20.0,,,0.0
Premier League,Scott McTominay,Manchester Utd,SCO,MF,24,1996,30,2387,9.0,0.0,0.0,55.0,33.0,1.0,13.0,32.0,34.0,,,0.0
Premier League,Shola Shoretire,Manchester Utd,ENG,"FW,MF",17,2004,1,16,0.0,0.0,0.0,0.0,1.0,0.0,0.0,0.0,0.0,,,0.0
Premier League,Victor Lindelöf,Manchester Utd,SWE,DF,27,1994,28,2355,4.0,0.0,0.0,19.0,6.0,2.0,0.0,25.0,11.0,,,0.0
Premier League,Allan Saint-Maximin,Newcastle,FRA,"FW,MF",24,1997,35,2804,6.0,0.0,0.0,22.0,47.0,13.0,61.0,11.0,7.0,,,0.0
Premier League,Bruno Guimarães,Newcastle,BRA,MF,23,1997,17,1034,4.0,0.0,0.0,13.0,36.0,4.0,12.0,11.0,27.0,,,0.0
Premier League,Callum Wilson,Newcastle,ENG,FW,29,1992,18,1386,4.0,0.0,0.0,27.0,22.0,17.0,3.0,1.0,8.0,,,0.0
Premier League,Chris Wood,Newcastle,NZL,FW,29,1991,17,1327,0.0,0.0,0.0,19.0,10.0,10.0,2.0,2.0,0.0,,,0.0
Premier League,Ciaran Clark,Newcastle,IRL,DF,31,1989,13,1014,2.0,1.0,0.0,6.0,5.0,1.0,1.0,15.0,9.0,,,0.0
Premier League,Dan Burn,Newcastle,ENG,DF,29,1992,16,1440,4.0,0.0,0.0,10.0,6.0,5.0,0.0,18.0,11.0,,,0.0
Premier League,Dwight Gayle,Newcastle,ENG,FW,30,1990,8,38,1.0,0.0,0.0,2.0,2.0,0.0,0.0,1.0,0.0,,,0.0
Premier League,Emil Krafth,Newcastle,SWE,DF,26,1994,20,1634,5.0,0.0,0.0,22.0,11.0,0.0,21.0,25.0,16.0,,,0.0
Premier League,Fabian Schär,Newcastle,SUI,DF,29,1991,25,2158,4.0,0.0,0.0,24.0,11.0,3.0,8.0,36.0,11.0,,,0.0
Premier League,Federico Fernández,Newcastle,ARG,DF,32,1989,7,523,0.0,0.0,0.0,1.0,2.0,0.0,1.0,5.0,0.0,,,0.0
Premier League,Freddie Woodman,Newcastle,ENG,GK,24,1997,4,360,0.0,0.0,0.0,0.0,0.0,0.0,0.0,0.0,0.0,,,0.0
Premier League,Isaac Hayden,Newcastle,JAM,"MF,DF",26,1995,14,1002,5.0,0.0,0.0,14.0,8.0,0.0,8.0,13.0,14.0,,,0.0
Premier League,Jacob Murphy,Newcastle,ENG,"FW,MF",26,1995,33,1473,4.0,0.0,0.0,16.0,15.0,2.0,54.0,23.0,26.0,,,0.0
Premier League,Jamaal Lascelles,Newcastle,ENG,DF,27,1993,26,2058,5.0,0.0,0.0,17.0,4.0,0.0,0.0,24.0,7.0,,,2.0
Premier League,Jamal Lewis,Newcastle,NIR,DF,23,1998,5,262,1.0,0.0,0.0,2.0,2.0,0.0,3.0,3.0,6.0,,,0.0
Premier League,Javier Manquillo,Newcastle,ESP,DF,27,1994,19,1257,5.0,0.0,0.0,9.0,17.0,1.0,9.0,9.0,30.0,,,0.0
Premier League,Jeff Hendrick,Newcastle,IRL,MF,29,1992,3,72,0.0,0.0,0.0,1.0,0.0,0.0,0.0,0.0,0.0,,,0.0
Premier League,Joe Willock,Newcastle,ENG,MF,21,1999,29,2038,0.0,0.0,0.0,34.0,26.0,0.0,16.0,19.0,37.0,,,0.0
Premier League,Joelinton,Newcastle,BRA,"MF,FW",24,1996,35,2558,8.0,0.0,0.0,64.0,33.0,3.0,22.0,35.0,36.0,,,0.0
Premier League,Jonjo Shelvey,Newcastle,ENG,MF,29,1992,24,1983,7.0,1.0,1.0,18.0,8.0,0.0,44.0,25.0,20.0,,,0.0
Premier League,Karl Darlow,Newcastle,WAL,GK,30,1990,8,720,1.0,0.0,0.0,1.0,1.0,0.0,0.0,1.0,0.0,,,0.0
Premier League,Kieran Trippier,Newcastle,ENG,DF,30,1990,6,429,0.0,0.0,0.0,3.0,3.0,0.0,29.0,10.0,9.0,,,0.0
Premier League,Martin Dúbravka,Newcastle,SVK,GK,32,1989,26,2340,1.0,0.0,0.0,0.0,5.0,0.0,0.0,1.0,1.0,,,0.0
Premier League,Matt Ritchie,Newcastle,SCO,"DF,MF",31,1989,18,1337,5.0,0.0,0.0,13.0,10.0,0.0,103.0,13.0,15.0,,,0.0
Premier League,Matt Targett,Newcastle,ENG,DF,25,1995,16,1440,1.0,0.0,0.0,9.0,12.0,1.0,73.0,23.0,29.0,,,0.0
Premier League,Miguel Almirón,Newcastle,PAR,"MF,FW",27,1994,30,1716,2.0,0.0,0.0,17.0,25.0,9.0,23.0,20.0,29.0,,,0.0
Premier League,Paul Dummett,Newcastle,WAL,DF,29,1991,3,198,2.0,0.0,0.0,3.0,3.0,0.0,3.0,3.0,3.0,,,0.0
Premier League,Ryan Fraser,Newcastle,SCO,"FW,MF",27,1994,27,1465,3.0,0.0,0.0,9.0,24.0,2.0,87.0,11.0,4.0,,,0.0
Premier League,Sean Longstaff,Newcastle,ENG,MF,23,1997,24,1464,1.0,0.0,0.0,14.0,17.0,0.0,11.0,9.0,32.0,,,0.0
Premier League,Adam Idah,Norwich City,IRL,"FW,MF",20,2001,17,625,0.0,0.0,0.0,7.0,10.0,10.0,13.0,2.0,7.0,,,0.0
Premier League,Andrew Omobamidele,Norwich City,IRL,DF,19,2002,5,382,1.0,0.0,0.0,3.0,5.0,0.0,0.0,5.0,5.0,,,0.0
Premier League,Angus Gunn,Norwich City,SCO,GK,25,1996,9,810,0.0,0.0,0.0,0.0,0.0,0.0,0.0,0.0,0.0,,,0.0
Premier League,Bali Mumba,Norwich City,ENG,"DF,MF",19,2001,1,45,0.0,0.0,0.0,0.0,0.0,0.0,0.0,0.0,1.0,,,0.0
Premier League,Ben Gibson,Norwich City,ENG,DF,28,1993,28,2494,5.0,1.0,1.0,12.0,9.0,0.0,2.0,28.0,17.0,,,0.0
Premier League,Billy Gilmour,Norwich City,SCO,MF,20,2001,24,1855,2.0,0.0,0.0,28.0,23.0,1.0,98.0,16.0,21.0,,,0.0
Premier League,Brandon Williams,Norwich City,ENG,DF,20,2000,26,2120,8.0,0.0,0.0,22.0,44.0,0.0,14.0,40.0,36.0,,,0.0
Premier League,Christoph Zimmermann,Norwich City,GER,DF,28,1993,3,157,0.0,0.0,0.0,1.0,2.0,0.0,0.0,1.0,3.0,,,0.0
Premier League,Christos Tzolis,Norwich City,GRE,"MF,FW",19,2002,14,336,0.0,0.0,0.0,2.0,4.0,2.0,8.0,1.0,3.0,,,0.0
Premier League,Dimitris Giannoulis,Norwich City,GRE,"DF,MF",25,1995,18,1169,2.0,0.0,0.0,16.0,22.0,0.0,44.0,19.0,21.0,,,0.0
Premier League,Grant Hanley,Norwich City,SCO,DF,29,1991,33,2897,2.0,0.0,0.0,22.0,22.0,2.0,0.0,56.0,26.0,,,0.0
Premier League,Jakob Sørensen,Norwich City,DEN,"MF,DF",23,1998,10,604,0.0,0.0,0.0,7.0,1.0,0.0,2.0,10.0,11.0,,,0.0
Premier League,Jonathan Rowe,Norwich City,ENG,"FW,MF",18,2003,13,223,0.0,0.0,0.0,4.0,7.0,1.0,4.0,2.0,2.0,,,0.0
Premier League,Josh Sargent,Norwich City,USA,"FW,MF",21,2000,26,1572,1.0,0.0,0.0,9.0,23.0,4.0,11.0,10.0,17.0,,,0.0
Premier League,Kenny McLean,Norwich City,SCO,MF,29,1992,31,2706,3.0,0.0,0.0,16.0,38.0,3.0,37.0,32.0,21.0,,,0.0
Premier League,Kieran Dowell,Norwich City,ENG,MF,23,1997,19,912,0.0,0.0,0.0,19.0,3.0,0.0,37.0,7.0,7.0,,,0.0
Premier League,Lukas Rupp,Norwich City,GER,MF,30,1991,19,769,0.0,0.0,0.0,7.0,7.0,0.0,3.0,10.0,5.0,,,0.0
Premier League,Mathias Normann,Norwich City,NOR,MF,25,1996,23,1645,6.0,0.0,0.0,37.0,28.0,1.0,33.0,19.0,22.0,,,0.0
Premier League,Max Aarons,Norwich City,ENG,DF,21,2000,34,2881,8.0,0.0,0.0,26.0,52.0,1.0,50.0,26.0,45.0,,,1.0
Premier League,Milot Rashica,Norwich City,KVX,"MF,FW",25,1996,31,2229,0.0,0.0,0.0,23.0,47.0,13.0,128.0,14.0,20.0,,,0.0
Premier League,Ozan Kabak,Norwich City,TUR,DF,21,2000,11,922,2.0,0.0,0.0,10.0,9.0,0.0,1.0,16.0,5.0,,,0.0
Premier League,Pierre Lees-Melou,Norwich City,FRA,MF,28,1993,33,2265,5.0,0.0,0.0,35.0,23.0,2.0,34.0,23.0,36.0,,,0.0
Premier League,Przemysław Płacheta,Norwich City,POL,"MF,FW",23,1998,12,504,1.0,0.0,0.0,1.0,6.0,0.0,23.0,2.0,3.0,,,0.0
Premier League,Sam Byram,Norwich City,ENG,DF,27,1993,15,1027,3.0,0.0,0.0,12.0,4.0,0.0,9.0,21.0,15.0,,,0.0
Premier League,Teemu Pukki,Norwich City,FIN,FW,31,1990,37,3253,4.0,0.0,0.0,31.0,25.0,12.0,13.0,4.0,11.0,,,0.0
Premier League,Tim Krul,Norwich City,NED,GK,33,1988,29,2610,1.0,0.0,0.0,0.0,0.0,0.0,0.0,0.0,1.0,,,1.0
Premier League,Todd Cantwell,Norwich City,ENG,"FW,MF",23,1998,8,441,2.0,0.0,0.0,4.0,12.0,2.0,3.0,3.0,13.0,,,0.0
Premier League,Tony Springett,Norwich City,IRL,MF,18,2002,3,141,1.0,0.0,0.0,1.0,4.0,0.0,2.0,0.0,1.0,,,0.0
Premier League,Adam Armstrong,Southampton,ENG,FW,24,1997,23,1413,1.0,0.0,0.0,13.0,6.0,2.0,20.0,3.0,3.0,,,0.0
Premier League,Alex McCarthy,Southampton,ENG,GK,31,1989,17,1530,1.0,0.0,0.0,0.0,0.0,0.0,0.0,0.0,0.0,,,0.0
Premier League,Armando Broja,Southampton,ALB,FW,19,2001,32,1975,2.0,0.0,0.0,28.0,26.0,13.0,8.0,3.0,7.0,,,0.0
Premier League,Ché Adams,Southampton,SCO,FW,25,1996,30,2039,0.0,0.0,0.0,29.0,40.0,7.0,8.0,8.0,6.0,,,0.0
Premier League,Fraser Forster,Southampton,ENG,GK,33,1988,19,1710,1.0,0.0,0.0,0.0,3.0,0.0,0.0,0.0,0.0,,,0.0
Premier League,Ibrahima Diallo,Southampton,FRA,MF,22,1999,23,1023,1.0,0.0,0.0,8.0,15.0,0.0,8.0,7.0,11.0,,,0.0
Premier League,Jack Stephens,Southampton,ENG,DF,27,1994,11,811,3.0,0.0,0.0,8.0,2.0,0.0,0.0,19.0,12.0,,,0.0
Premier League,James Ward-Prowse,Southampton,ENG,MF,26,1994,36,3215,3.0,1.0,0.0,23.0,15.0,0.0,299.0,39.0,25.0,,,0.0
Premier League,Jan Bednarek,Southampton,POL,DF,25,1996,31,2629,10.0,0.0,0.0,30.0,15.0,1.0,1.0,73.0,16.0,,,1.0
Premier League,Kyle Walker-Peters,Southampton,ENG,DF,24,1997,32,2633,5.0,0.0,0.0,27.0,47.0,3.0,50.0,37.0,39.0,,,0.0
Premier League,Lyanco,Southampton,BRA,DF,24,1997,15,911,2.0,0.0,0.0,13.0,7.0,0.0,4.0,14.0,15.0,,,0.0
Premier League,Mohamed Elyounoussi,Southampton,NOR,MF,26,1994,30,2042,4.0,0.0,0.0,28.0,18.0,1.0,29.0,12.0,17.0,,,0.0
Premier League,Mohammed Salisu,Southampton,GHA,DF,22,1999,34,2972,10.0,1.0,1.0,38.0,7.0,2.0,13.0,76.0,46.0,,,1.0
Premier League,Moussa Djenepo,Southampton,MLI,MF,23,1998,12,457,3.0,0.0,0.0,9.0,10.0,0.0,6.0,2.0,4.0,,,0.0
Premier League,Nathan Redmond,Southampton,ENG,"MF,FW",27,1994,27,1833,0.0,0.0,0.0,16.0,15.0,3.0,62.0,7.0,11.0,,,0.0
Premier League,Nathan Tella,Southampton,NGA,"MF,FW",22,1999,14,804,2.0,0.0,0.0,17.0,22.0,3.0,12.0,7.0,9.0,,,0.0
Premier League,Oriol Romeu,Southampton,ESP,MF,29,1991,36,2889,9.0,0.0,0.0,46.0,24.0,0.0,13.0,50.0,43.0,,,0.0
Premier League,Romain Perraud,Southampton,FRA,"DF,MF",23,1997,20,1623,3.0,0.0,0.0,31.0,16.0,0.0,68.0,17.0,21.0,,,0.0
Premier League,Shane Long,Southampton,IRL,FW,34,1987,13,308,1.0,0.0,0.0,9.0,8.0,3.0,1.0,0.0,4.0,,,0.0
Premier League,Stuart Armstrong,Southampton,SCO,"MF,FW",29,1992,25,1473,1.0,0.0,0.0,11.0,20.0,1.0,35.0,8.0,18.0,,,0.0
Premier League,Theo Walcott,Southampton,ENG,MF,32,1989,9,379,0.0,0.0,0.0,1.0,6.0,2.0,5.0,6.0,2.0,,,0.0
Premier League,Tino Livramento,Southampton,ENG,DF,18,2002,28,2202,2.0,0.0,0.0,12.0,36.0,1.0,62.0,47.0,30.0,,,0.0
Premier League,William Smallbone,Southampton,IRL,"MF,FW",21,2000,4,133,0.0,0.0,0.0,2.0,1.0,0.0,4.0,2.0,4.0,,,0.0
Premier League,Willy Caballero,Southampton,ARG,GK,39,1981,2,180,1.0,0.0,0.0,0.0,0.0,0.0,0.0,0.0,0.0,,,0.0
Premier League,Yan Valery,Southampton,TUN,DF,22,1999,5,370,0.0,0.0,0.0,3.0,3.0,0.0,4.0,7.0,6.0,,,0.0
Premier League,Ben Davies,Tottenham,WAL,DF,28,1993,29,2538,6.0,0.0,0.0,31.0,18.0,5.0,18.0,30.0,21.0,,,0.0
Premier League,Bryan Gil,Tottenham,ESP,"FW,MF",20,2001,9,94,0.0,0.0,0.0,1.0,4.0,0.0,6.0,0.0,0.0,,,0.0
Premier League,Cristian Romero,Tottenham,ARG,DF,23,1998,22,1844,8.0,0.0,0.0,28.0,15.0,2.0,0.0,32.0,41.0,,,0.0
Premier League,Dane Scarlett,Tottenham,ENG,FW,17,2004,1,4,0.0,0.0,0.0,0.0,0.0,0.0,0.0,0.0,0.0,,,0.0
Premier League,Davinson Sánchez,Tottenham,COL,DF,25,1996,23,1631,4.0,0.0,0.0,16.0,12.0,1.0,2.0,29.0,22.0,,,0.0
Premier League,Dejan Kulusevski,Tottenham,SWE,"MF,FW",21,2000,18,1261,3.0,0.0,0.0,20.0,15.0,4.0,25.0,13.0,12.0,,,0.0
Premier League,Dele Alli,Tottenham,ENG,MF,25,1996,10,657,1.0,0.0,0.0,12.0,11.0,2.0,5.0,6.0,8.0,,,0.0
Premier League,Emerson,Tottenham,BRA,"MF,DF",22,1999,31,2286,5.0,0.0,0.0,28.0,45.0,2.0,74.0,24.0,44.0,,,0.0
Premier League,Eric Dier,Tottenham,ENG,DF,27,1994,35,3071,1.0,0.0,0.0,12.0,9.0,0.0,2.0,26.0,8.0,,,1.0
Premier League,Giovani Lo Celso,Tottenham,ARG,MF,25,1996,9,238,0.0,0.0,0.0,2.0,6.0,1.0,10.0,0.0,4.0,,,0.0
Premier League,Harry Kane,Tottenham,ENG,FW,28,1993,37,3232,5.0,0.0,0.0,42.0,54.0,17.0,37.0,2.0,5.0,,,0.0
Premier League,Harry Winks,Tottenham,ENG,MF,25,1996,19,912,2.0,0.0,0.0,11.0,13.0,0.0,26.0,13.0,10.0,,,0.0
Premier League,Hugo Lloris,Tottenham,FRA,GK,34,1986,38,3420,2.0,0.0,0.0,0.0,2.0,0.0,0.0,1.0,1.0,,,0.0
Premier League,Japhet Tanganga,Tottenham,ENG,"DF,MF",22,1999,11,735,4.0,1.0,1.0,19.0,8.0,1.0,10.0,9.0,9.0,,,0.0
Premier League,Joe Rodon,Tottenham,WAL,DF,23,1997,3,89,0.0,0.0,0.0,0.0,1.0,0.0,0.0,0.0,0.0,,,0.0
Premier League,Lucas Moura,Tottenham,BRA,"MF,FW",28,1992,34,1775,4.0,0.0,0.0,20.0,37.0,3.0,33.0,16.0,10.0,,,0.0
Premier League,Matt Doherty,Tottenham,IRL,MF,29,1992,15,875,0.0,0.0,0.0,11.0,5.0,0.0,20.0,13.0,11.0,,,0.0
Premier League,Oliver Skipp,Tottenham,ENG,MF,20,2000,18,1350,6.0,0.0,0.0,16.0,16.0,1.0,7.0,13.0,21.0,,,0.0
Premier League,Pierre Højbjerg,Tottenham,DEN,MF,25,1995,36,3196,3.0,0.0,0.0,28.0,38.0,0.0,18.0,46.0,42.0,,,0.0
Premier League,Rodrigo Bentancur,Tottenham,URU,MF,24,1997,17,1361,5.0,0.0,0.0,22.0,13.0,0.0,9.0,21.0,19.0,,,0.0
Premier League,Ryan Sessegnon,Tottenham,ENG,MF,21,2000,15,1047,2.0,0.0,0.0,19.0,7.0,5.0,38.0,7.0,21.0,,,0.0
Premier League,Sergio Reguilón,Tottenham,ESP,"MF,DF",24,1996,25,1916,4.0,0.0,0.0,21.0,24.0,1.0,85.0,28.0,25.0,,,0.0
Premier League,Son Heung-min,Tottenham,KOR,"MF,FW",29,1992,35,3006,2.0,0.0,0.0,14.0,36.0,16.0,193.0,12.0,7.0,,,0.0
Premier League,Steven Bergwijn,Tottenham,NED,"MF,FW",23,1997,25,565,1.0,0.0,0.0,10.0,9.0,1.0,8.0,1.0,3.0,,,0.0
Premier League,Tanguy Ndombele,Tottenham,FRA,MF,24,1996,9,484,1.0,0.0,0.0,3.0,9.0,0.0,3.0,1.0,7.0,,,0.0
Premier League,Adam Masina,Watford,MAR,DF,27,1994,15,1077,0.0,0.0,0.0,14.0,4.0,0.0,31.0,19.0,12.0,,,0.0
Premier League,Ashley Fletcher,Watford,ENG,FW,25,1995,3,30,0.0,0.0,0.0,1.0,0.0,0.0,1.0,0.0,1.0,,,0.0
Premier League,Ben Foster,Watford,ENG,GK,38,1983,26,2340,0.0,0.0,0.0,1.0,3.0,0.0,0.0,0.0,0.0,,,0.0
Premier League,Christian Kabasele,Watford,BEL,DF,30,1991,16,1193,0.0,0.0,0.0,5.0,3.0,0.0,1.0,14.0,5.0,,,0.0
Premier League,Craig Cathcart,Watford,NIR,DF,32,1989,31,2396,3.0,0.0,0.0,12.0,4.0,0.0,4.0,25.0,15.0,,,0.0
Premier League,Cucho,Watford,COL,"MF,FW",22,1999,25,1147,3.0,0.0,0.0,12.0,12.0,1.0,54.0,7.0,5.0,,,1.0
Premier League,Dan Gosling,Watford,ENG,MF,31,1990,4,166,0.0,0.0,0.0,2.0,5.0,0.0,1.0,1.0,1.0,,,0.0
Premier League,Daniel Bachmann,Watford,AUT,GK,27,1994,12,1080,0.0,0.0,0.0,1.0,1.0,0.0,0.0,1.0,0.0,,,0.0
Premier League,Danny Rose,Watford,ENG,DF,31,1990,8,689,4.0,0.0,0.0,10.0,14.0,0.0,26.0,14.0,14.0,,,0.0
Premier League,Edo Kayembe,Watford,COD,MF,23,1998,13,799,0.0,0.0,0.0,3.0,5.0,1.0,8.0,9.0,14.0,,,0.0
Premier League,Emmanuel Dennis,Watford,NGA,"FW,MF",23,1997,33,2581,9.0,1.0,1.0,58.0,40.0,12.0,40.0,15.0,34.0,,,0.0
Premier League,Francisco Sierralta,Watford,CHI,DF,24,1997,5,427,0.0,0.0,0.0,4.0,3.0,0.0,0.0,6.0,3.0,,,1.0
Premier League,Hassane Kamara,Watford,CIV,DF,27,1994,19,1623,5.0,1.0,1.0,24.0,14.0,0.0,23.0,69.0,34.0,,,0.0
Premier League,Imran Louza,Watford,MAR,MF,22,1999,20,1416,6.0,0.0,0.0,24.0,14.0,0.0,54.0,42.0,22.0,,,0.0
Premier League,Ismaila Sarr,Watford,SEN,"MF,FW",23,1998,22,1861,2.0,0.0,0.0,17.0,47.0,12.0,60.0,9.0,7.0,,,0.0
Premier League,Jeremy Ngakia,Watford,,DF,20,2000,16,903,0.0,0.0,0.0,10.0,6.0,0.0,25.0,16.0,19.0,,,0.0
Premier League,Joshua King,Watford,NOR,"FW,MF",29,1992,32,2248,5.0,0.0,0.0,42.0,21.0,8.0,13.0,8.0,14.0,,,0.0
Premier League,João Pedro,Watford,BRA,"FW,MF",19,2001,28,1644,1.0,0.0,0.0,15.0,30.0,6.0,24.0,12.0,15.0,,,0.0
Premier League,Juraj Kucka,Watford,SVK,MF,34,1987,26,1920,5.0,1.0,1.0,46.0,49.0,2.0,15.0,30.0,40.0,,,1.0
Premier League,Ken Sema,Watford,SWE,"MF,FW",27,1993,18,852,1.0,0.0,0.0,15.0,7.0,0.0,31.0,6.0,6.0,,,0.0
Premier League,Kiko Femenía,Watford,ESP,DF,30,1991,27,2142,2.0,0.0,0.0,12.0,13.0,2.0,105.0,37.0,23.0,,,0.0
Premier League,Moussa Sissoko,Watford,FRA,MF,31,1989,36,3220,5.0,0.0,0.0,36.0,12.0,2.0,26.0,34.0,27.0,,,0.0
Premier League,Nicolas Nkoulou,Watford,CMR,DF,31,1990,3,168,0.0,0.0,0.0,1.0,0.0,0.0,0.0,2.0,0.0,,,0.0
Premier League,Oghenekaro Etebo,Watford,NGA,MF,25,1995,9,401,3.0,0.0,0.0,8.0,3.0,0.0,2.0,5.0,6.0,,,0.0
Premier League,Ozan Tufan,Watford,TUR,MF,26,1995,7,334,0.0,0.0,0.0,9.0,0.0,1.0,7.0,2.0,2.0,,,0.0
Premier League,Samir Santos,Watford,BRA,DF,26,1994,19,1673,4.0,0.0,0.0,17.0,16.0,0.0,0.0,40.0,10.0,,,0.0
Premier League,Samuel Kalu,Watford,NGA,FW,23,1997,4,222,0.0,0.0,0.0,0.0,4.0,3.0,8.0,3.0,2.0,,,0.0
Premier League,Tom Cleverley,Watford,ENG,MF,31,1989,28,1616,2.0,0.0,0.0,28.0,19.0,2.0,53.0,18.0,22.0,,,0.0
Premier League,Troy Deeney,Watford,ENG,FW,33,1988,2,25,0.0,0.0,0.0,0.0,0.0,0.0,0.0,0.0,0.0,,,0.0
Premier League,William Troost-Ekong,Watford,NGA,DF,27,1993,17,1390,3.0,0.0,0.0,13.0,2.0,1.0,0.0,9.0,8.0,,,0.0
Premier League,Aaron Cresswell,West Ham,ENG,DF,31,1989,31,2726,3.0,0.0,0.0,14.0,10.0,2.0,144.0,32.0,19.0,,,0.0
Premier League,Alex Král,West Ham,CZE,MF,23,1998,1,1,0.0,0.0,0.0,0.0,0.0,0.0,0.0,0.0,0.0,,,0.0
Premier League,Alphonse Areola,West Ham,FRA,GK,28,1993,1,90,0.0,0.0,0.0,0.0,0.0,0.0,0.0,0.0,0.0,,,0.0
Premier League,Andriy Yarmolenko,West Ham,UKR,MF,31,1989,19,316,1.0,0.0,0.0,1.0,4.0,3.0,8.0,0.0,2.0,,,0.0
Premier League,Angelo Ogbonna,West Ham,ITA,DF,33,1988,11,921,1.0,0.0,0.0,5.0,3.0,0.0,0.0,9.0,4.0,,,0.0
Premier League,Arthur Masuaku,West Ham,COD,"MF,DF",27,1993,13,650,1.0,0.0,0.0,8.0,4.0,0.0,23.0,11.0,24.0,,,0.0
Premier League,Ben Johnson,West Ham,ENG,"DF,MF",21,2000,20,1397,1.0,0.0,0.0,10.0,4.0,0.0,55.0,21.0,15.0,,,0.0
Premier League,Craig Dawson,West Ham,ENG,DF,31,1990,34,2754,5.0,1.0,0.0,39.0,12.0,1.0,1.0,30.0,16.0,,,0.0
Premier League,Daniel Chesters,West Ham,ENG,MF,19,2002,1,1,0.0,0.0,0.0,0.0,0.0,0.0,0.0,0.0,0.0,,,0.0
Premier League,Declan Rice,West Ham,ENG,MF,22,1999,36,3179,8.0,0.0,0.0,28.0,10.0,0.0,30.0,60.0,41.0,,,0.0
Premier League,Harrison Ashby,West Ham,SCO,"DF,MF",19,2001,1,7,0.0,0.0,0.0,0.0,0.0,0.0,0.0,1.0,0.0,,,0.0
Premier League,Issa Diop,West Ham,MAR,DF,24,1997,13,963,0.0,0.0,0.0,5.0,5.0,1.0,0.0,6.0,8.0,,,0.0
Premier League,Jarrod Bowen,West Ham,ENG,MF,24,1996,36,2983,6.0,0.0,0.0,25.0,43.0,13.0,141.0,20.0,20.0,,,0.0
Premier League,Kurt Zouma,West Ham,FRA,DF,26,1994,24,2078,1.0,0.0,0.0,11.0,6.0,0.0,1.0,30.0,6.0,,,1.0
Premier League,Manuel Lanzini,West Ham,ARG,MF,28,1993,30,1786,2.0,0.0,0.0,11.0,18.0,1.0,28.0,20.0,15.0,,,0.0
Premier League,Mark Noble,West Ham,ENG,MF,34,1987,11,332,0.0,0.0,0.0,3.0,4.0,0.0,2.0,4.0,2.0,,,0.0
Premier League,Michail Antonio,West Ham,JAM,FW,31,1990,36,2971,8.0,1.0,1.0,52.0,52.0,13.0,64.0,4.0,17.0,,,0.0
Premier League,Nikola Vlašić,West Ham,CRO,MF,23,1997,19,560,0.0,0.0,0.0,8.0,16.0,3.0,15.0,2.0,5.0,,,0.0
Premier League,Pablo Fornals,West Ham,ESP,MF,25,1996,36,2795,4.0,0.0,0.0,24.0,28.0,6.0,86.0,23.0,26.0,,,0.0
Premier League,Ryan Fredericks,West Ham,ENG,DF,28,1992,7,307,1.0,0.0,0.0,3.0,1.0,0.0,9.0,4.0,2.0,,,0.0
Premier League,Saïd Benrahma,West Ham,ALG,MF,25,1995,32,2168,0.0,0.0,0.0,10.0,15.0,9.0,75.0,8.0,17.0,,,0.0
Premier League,Sonny Perkins,West Ham,ENG,"FW,MF",17,2004,1,4,0.0,0.0,0.0,0.0,0.0,0.0,0.0,0.0,0.0,,,0.0
Premier League,Tomáš Souček,West Ham,CZE,MF,26,1995,35,3062,3.0,0.0,0.0,38.0,18.0,4.0,14.0,51.0,31.0,,,0.0
Premier League,Vladimír Coufal,West Ham,CZE,DF,28,1992,28,2209,5.0,1.0,1.0,29.0,15.0,2.0,107.0,21.0,25.0,,,1.0
Premier League,Łukasz Fabiański,West Ham,POL,GK,36,1985,37,3330,2.0,0.0,0.0,1.0,5.0,0.0,0.0,1.0,0.0,,,0.0
Premier League,Adama Traoré,Wolves,ESP,"FW,MF",25,1996,20,1067,0.0,0.0,0.0,10.0,26.0,9.0,39.0,2.0,5.0,,,0.0
Premier League,Chem Campbell,Wolves,WAL,"FW,MF",18,2002,1,13,0.0,0.0,0.0,0.0,0.0,0.0,0.0,0.0,1.0,,,0.0
Premier League,Chiquinho,Wolves,POR,MF,21,2000,8,208,0.0,0.0,0.0,9.0,7.0,0.0,25.0,1.0,6.0,,,0.0
Premier League,Conor Coady,Wolves,ENG,DF,28,1993,38,3361,4.0,0.0,0.0,20.0,2.0,2.0,2.0,29.0,14.0,,,0.0
Premier League,Daniel Podence,Wolves,POR,"FW,MF",25,1995,26,1484,2.0,0.0,0.0,8.0,25.0,3.0,50.0,9.0,10.0,,,0.0
Premier League,Fernando Marçal,Wolves,BRA,MF,32,1989,18,1449,3.0,0.0,0.0,28.0,9.0,1.0,61.0,27.0,22.0,,,0.0
Premier League,Francisco Trincão,Wolves,POR,"FW,MF",21,1999,28,1336,0.0,0.0,0.0,13.0,22.0,1.0,33.0,10.0,14.0,,,0.0
Premier League,Fábio Silva,Wolves,POR,FW,19,2002,22,572,0.0,0.0,0.0,13.0,8.0,4.0,2.0,1.0,2.0,,,0.0
Premier League,Hwang Hee-chan,Wolves,KOR,"FW,MF",25,1996,30,1816,2.0,0.0,0.0,29.0,41.0,3.0,7.0,13.0,12.0,,,0.0
Premier League,John Ruddy,Wolves,ENG,GK,34,1986,2,135,0.0,0.0,0.0,0.0,0.0,0.0,0.0,0.0,0.0,,,0.0
Premier League,Jonny Castro,Wolves,ESP,"MF,DF",27,1994,13,1024,1.0,0.0,0.0,10.0,16.0,0.0,14.0,11.0,14.0,,,0.0
Premier League,José Sá,Wolves,POR,GK,28,1993,37,3285,3.0,0.0,0.0,3.0,11.0,0.0,0.0,2.0,1.0,,,1.0
Premier League,João Moutinho,Wolves,POR,MF,34,1986,35,2970,4.0,0.0,0.0,37.0,15.0,0.0,109.0,28.0,40.0,,,0.0
Premier League,Ki-Jana Hoever,Wolves,NED,MF,19,2002,8,308,1.0,0.0,0.0,5.0,4.0,1.0,8.0,5.0,8.0,,,0.0
Premier League,Leander Dendoncker,Wolves,BEL,MF,26,1995,30,1950,4.0,0.0,0.0,13.0,6.0,0.0,6.0,10.0,17.0,,,0.0
Premier League,Luke Cundle,Wolves,ENG,MF,19,2002,4,180,0.0,0.0,0.0,3.0,1.0,0.0,2.0,1.0,3.0,,,0.0
Premier League,Max Kilman,Wolves,ENG,DF,24,1997,30,2687,3.0,0.0,0.0,17.0,10.0,0.0,2.0,43.0,26.0,,,0.0
Premier League,Morgan Gibbs-White,Wolves,ENG,"FW,MF",21,2000,2,9,1.0,0.0,0.0,2.0,0.0,0.0,1.0,0.0,0.0,,,0.0
Premier League,Nélson Semedo,Wolves,POR,MF,27,1993,25,2131,1.0,0.0,0.0,22.0,23.0,4.0,32.0,20.0,40.0,,,0.0
Premier League,Pedro Neto,Wolves,POR,"FW,MF",21,2000,13,466,3.0,0.0,0.0,2.0,6.0,1.0,37.0,5.0,5.0,,,0.0
Premier League,Rayan Aït-Nouri,Wolves,ALG,MF,20,2001,23,1828,4.0,0.0,0.0,14.0,20.0,3.0,96.0,19.0,37.0,,,0.0
Premier League,Raúl Jiménez,Wolves,MEX,FW,30,1991,34,2631,9.0,2.0,2.0,43.0,48.0,23.0,10.0,10.0,14.0,,,0.0
Premier League,Romain Saïss,Wolves,MAR,DF,31,1990,31,2705,6.0,0.0,0.0,30.0,15.0,3.0,9.0,56.0,29.0,,,0.0
Premier League,Rúben Neves,Wolves,POR,MF,24,1997,33,2661,9.0,0.0,0.0,25.0,12.0,1.0,44.0,37.0,37.0,,,0.0
Premier League,Toti Gomes,Wolves,POR,DF,22,1999,4,360,1.0,0.0,0.0,2.0,3.0,1.0,1.0,7.0,7.0,,,0.0
Premier League,Willy Boly,Wolves,CIV,DF,30,1991,10,900,1.0,0.0,0.0,7.0,2.0,1.0,0.0,15.0,18.0,,,0.0
Serie A,Alassane Sidibe,Atalanta,CIV,MF,19,2002,1,6,0.0,0.0,0.0,0.0,0.0,0.0,0.0,0.0,1.0,,,0.0
Serie A,Aleksei Miranchuk,Atalanta,RUS,"MF,FW",25,1995,19,772,0.0,0.0,0.0,14.0,19.0,3.0,17.0,0.0,8.0,,,0.0
Serie A,Berat Djimsiti,Atalanta,ALB,DF,28,1993,31,2256,6.0,0.0,0.0,21.0,14.0,1.0,12.0,36.0,24.0,,,1.0
Serie A,Davide Zappacosta,Atalanta,ITA,"MF,DF",29,1992,34,2345,6.0,0.0,0.0,32.0,31.0,7.0,86.0,13.0,21.0,,,0.0
Serie A,Duván Zapata,Atalanta,COL,FW,30,1991,24,1722,3.0,0.0,0.0,30.0,26.0,10.0,25.0,4.0,2.0,,,0.0
Serie A,Francesco Rossi,Atalanta,ITA,GK,30,1991,1,37,0.0,0.0,0.0,0.0,0.0,0.0,0.0,0.0,0.0,,,0.0
Serie A,Giorgio Cittadini,Atalanta,ITA,DF,19,2002,2,4,0.0,0.0,0.0,0.0,0.0,0.0,0.0,1.0,0.0,,,0.0
Serie A,Giorgio Scalvini,Atalanta,ITA,"DF,MF",17,2003,18,763,1.0,0.0,0.0,15.0,7.0,0.0,3.0,23.0,12.0,,,0.0
Serie A,Giuseppe Pezzella,Atalanta,ITA,"MF,DF",23,1997,21,1072,3.0,0.0,0.0,19.0,30.0,2.0,37.0,9.0,16.0,,,0.0
Serie A,Hans Hateboer,Atalanta,NED,"MF,DF",27,1994,21,1386,2.0,0.0,0.0,18.0,7.0,3.0,39.0,7.0,15.0,,,0.0
Serie A,Jeremie Boga,Atalanta,CIV,"MF,FW",24,1997,15,764,0.0,0.0,0.0,1.0,18.0,3.0,24.0,1.0,3.0,,,0.0
Serie A,Joakim Mæhle,Atalanta,DEN,MF,24,1997,26,1471,2.0,0.0,0.0,9.0,25.0,1.0,27.0,16.0,11.0,,,0.0
Serie A,Josip Iličić,Atalanta,SVN,"MF,FW",33,1988,20,841,1.0,0.0,0.0,13.0,38.0,1.0,38.0,3.0,6.0,,,0.0
Serie A,José Luis Palomino,Atalanta,ARG,DF,31,1990,34,2672,9.0,0.0,0.0,39.0,17.0,1.0,9.0,97.0,40.0,,,0.0
Serie A,Juan Musso,Atalanta,ARG,GK,27,1994,33,2932,1.0,1.0,0.0,3.0,1.0,0.0,0.0,0.0,0.0,,,0.0
Serie A,Luis Muriel,Atalanta,COL,"FW,MF",30,1991,27,1539,1.0,0.0,0.0,14.0,27.0,7.0,76.0,1.0,4.0,,,0.0
Serie A,Marco Sportiello,Atalanta,ITA,GK,29,1992,5,450,1.0,0.0,0.0,0.0,1.0,0.0,0.0,0.0,0.0,,,0.0
Serie A,Mario Pašalić,Atalanta,CRO,"MF,FW",26,1995,37,2002,3.0,0.0,0.0,30.0,15.0,6.0,4.0,18.0,13.0,,,0.0
Serie A,Marten de Roon,Atalanta,NED,"MF,DF",30,1991,30,2548,7.0,1.0,1.0,50.0,15.0,0.0,7.0,46.0,41.0,,,0.0
Serie A,Matteo Lovato,Atalanta,ITA,DF,21,2000,6,305,1.0,0.0,0.0,5.0,1.0,0.0,3.0,8.0,4.0,,,0.0
Serie A,Matteo Pessina,Atalanta,ITA,"MF,FW",24,1997,27,1438,0.0,0.0,0.0,17.0,35.0,4.0,10.0,12.0,14.0,,,0.0
Serie A,Merih Demiral,Atalanta,TUR,DF,23,1998,28,1917,8.0,0.0,0.0,29.0,16.0,3.0,0.0,57.0,18.0,,,0.0
Serie A,Moustapha Cissé,Atalanta,GUI,FW,17,2003,3,38,0.0,0.0,0.0,2.0,1.0,2.0,0.0,0.0,0.0,,,0.0
Serie A,Rafael Tolói,Atalanta,ITA,DF,30,1990,20,1438,6.0,0.0,0.0,27.0,9.0,0.0,11.0,24.0,13.0,,,0.0
Serie A,Remo Freuler,Atalanta,SUI,MF,29,1992,29,2369,10.0,0.0,0.0,42.0,28.0,0.0,25.0,36.0,42.0,,,1.0
Serie A,Roberto Piccoli,Atalanta,ITA,FW,20,2001,12,196,0.0,0.0,0.0,0.0,3.0,3.0,0.0,0.0,0.0,,,0.0
Serie A,Robin Gosens,Atalanta,GER,MF,27,1994,6,460,2.0,0.0,0.0,4.0,5.0,1.0,5.0,9.0,3.0,,,0.0
Serie A,Ruslan Malinovskyi,Atalanta,UKR,"MF,FW",28,1993,30,1592,10.0,0.0,0.0,39.0,41.0,3.0,102.0,5.0,9.0,,,0.0
Serie A,Sam Lammers,Atalanta,NED,FW,24,1997,2,38,0.0,0.0,0.0,2.0,3.0,0.0,0.0,0.0,0.0,,,0.0
Serie A,Teun Koopmeiners,Atalanta,NED,MF,23,1998,30,2126,4.0,0.0,0.0,36.0,21.0,6.0,98.0,15.0,25.0,,,1.0
Serie A,Tommaso De Nipoti,Atalanta,ITA,FW,18,2003,1,6,0.0,0.0,0.0,0.0,0.0,1.0,0.0,0.0,0.0,,,0.0
Serie A,Valentin Mihaila,Atalanta,ROU,"FW,MF",21,2000,5,76,0.0,0.0,0.0,2.0,0.0,0.0,3.0,0.0,1.0,,,0.0
Serie A,Aaron Hickey,Bologna,SCO,"MF,DF",19,2002,36,2820,7.0,0.0,0.0,38.0,71.0,4.0,51.0,32.0,30.0,,,0.0
Serie A,Adama Soumaoro,Bologna,FRA,DF,29,1992,28,2266,6.0,2.0,0.0,24.0,16.0,1.0,2.0,38.0,5.0,,,1.0
Serie A,Andreas Skov Olsen,Bologna,DEN,MF,21,1999,18,747,0.0,0.0,0.0,4.0,15.0,0.0,37.0,3.0,10.0,,,0.0
Serie A,Antonio Raimondo,Bologna,ITA,FW,17,2004,1,74,0.0,0.0,0.0,3.0,0.0,3.0,0.0,0.0,0.0,,,0.0
Serie A,Arthur Theate,Bologna,BEL,DF,21,2000,31,2424,6.0,0.0,0.0,26.0,11.0,1.0,17.0,41.0,21.0,,,0.0
Serie A,Denso Kasius,Bologna,NED,MF,18,2002,7,180,0.0,0.0,0.0,1.0,4.0,0.0,7.0,2.0,6.0,,,0.0
Serie A,Diego Falcinelli,Bologna,ITA,"FW,MF",30,1991,6,66,0.0,0.0,0.0,2.0,4.0,0.0,0.0,1.0,2.0,,,0.0
Serie A,Ebenezer Annan,Bologna,GHA,DF,18,2002,1,25,0.0,0.0,0.0,0.0,0.0,0.0,1.0,1.0,1.0,,,0.0
Serie A,Emanuel Vignato,Bologna,ITA,MF,20,2000,24,594,2.0,0.0,0.0,5.0,3.0,0.0,12.0,3.0,7.0,,,0.0
Serie A,Federico Santander,Bologna,PAR,FW,30,1991,7,67,1.0,0.0,0.0,2.0,5.0,0.0,1.0,0.0,1.0,,,0.0
Serie A,Francesco Bardi,Bologna,ITA,GK,29,1992,2,177,0.0,0.0,0.0,0.0,1.0,0.0,0.0,0.0,0.0,,,0.0
Serie A,Gary Medel,Bologna,CHI,DF,33,1987,33,2823,10.0,1.0,1.0,34.0,31.0,1.0,2.0,44.0,25.0,,,0.0
Serie A,Ibrahima Mbaye,Bologna,SEN,MF,26,1994,6,108,0.0,0.0,0.0,3.0,1.0,1.0,1.0,1.0,1.0,,,0.0
Serie A,Jerdy Schouten,Bologna,NED,MF,24,1997,17,1392,4.0,1.0,1.0,16.0,8.0,0.0,2.0,32.0,17.0,,,0.0
Serie A,Kacper Urbanski,Bologna,POL,MF,16,2004,1,45,0.0,0.0,0.0,2.0,0.0,0.0,1.0,0.0,2.0,,,0.0
Serie A,Kevin Bonifazi,Bologna,ITA,DF,25,1996,22,1210,4.0,1.0,1.0,15.0,10.0,0.0,3.0,15.0,15.0,,,1.0
Serie A,Kingsley Michael,Bologna,NGA,MF,21,1999,2,76,0.0,0.0,0.0,0.0,1.0,0.0,0.0,1.0,1.0,,,0.0
Serie A,Lorenzo De Silvestri,Bologna,ITA,"MF,DF",33,1988,31,2294,7.0,0.0,0.0,29.0,27.0,3.0,56.0,27.0,14.0,,,0.0
Serie A,Luis Binks,Bologna,ENG,DF,19,2001,15,646,3.0,0.0,0.0,7.0,5.0,0.0,1.0,18.0,4.0,,,0.0
Serie A,Marko Arnautović,Bologna,AUT,FW,32,1989,33,2694,6.0,0.0,0.0,44.0,22.0,14.0,15.0,7.0,10.0,,,0.0
Serie A,Mattias Svanberg,Bologna,SWE,MF,22,1999,36,2564,7.0,0.0,0.0,36.0,62.0,0.0,51.0,27.0,14.0,,,0.0
Serie A,Michel Aebischer,Bologna,SUI,MF,24,1997,12,443,1.0,0.0,0.0,13.0,4.0,0.0,7.0,7.0,5.0,,,0.0
Serie A,Mitchell Dijks,Bologna,NED,"MF,DF",28,1993,16,694,2.0,0.0,0.0,10.0,10.0,0.0,28.0,4.0,6.0,,,0.0
Serie A,Musa Barrow,Bologna,GAM,"MF,FW",22,1998,34,2134,0.0,0.0,0.0,10.0,25.0,6.0,111.0,6.0,5.0,,,0.0
Serie A,Nicola Bagnolini,Bologna,ITA,GK,17,2004,1,3,0.0,0.0,0.0,0.0,0.0,0.0,0.0,0.0,0.0,,,0.0
Serie A,Nicola Sansone,Bologna,ITA,"FW,MF",29,1991,27,896,6.0,0.0,0.0,17.0,21.0,6.0,53.0,4.0,6.0,,,0.0
Serie A,Nicolas Viola,Bologna,ITA,MF,31,1989,6,102,0.0,0.0,0.0,2.0,2.0,0.0,5.0,0.0,2.0,,,0.0
Serie A,Nicolás Domínguez,Bologna,ARG,MF,23,1998,28,2015,8.0,0.0,0.0,27.0,39.0,0.0,15.0,31.0,46.0,,,0.0
Serie A,Niklas Pyyhtiä,Bologna,FIN,MF,17,2003,1,19,0.0,0.0,0.0,0.0,0.0,0.0,0.0,0.0,0.0,,,0.0
Serie A,Riccardo Orsolini,Bologna,ITA,"FW,MF",24,1997,29,1785,2.0,0.0,0.0,20.0,44.0,13.0,87.0,4.0,13.0,,,0.0
Serie A,Riccardo Stivanello,Bologna,ITA,DF,17,2004,1,45,0.0,0.0,0.0,0.0,1.0,0.0,0.0,0.0,1.0,,,0.0
Serie A,Roberto Soriano,Bologna,ITA,MF,30,1991,35,2622,6.0,2.0,1.0,50.0,47.0,3.0,34.0,23.0,32.0,,,0.0
Serie A,Sydney van Hooijdonk,Bologna,NED,FW,21,2000,4,38,0.0,0.0,0.0,0.0,0.0,0.0,0.0,0.0,0.0,,,0.0
Serie A,Takehiro Tomiyasu,Bologna,JPN,DF,22,1998,1,10,0.0,0.0,0.0,0.0,0.0,0.0,1.0,1.0,0.0,,,0.0
Serie A,Wisdom Amey,Bologna,ITA,DF,15,2005,1,71,0.0,0.0,0.0,1.0,2.0,0.0,0.0,3.0,1.0,,,0.0
Serie A,Łukasz Skorupski,Bologna,POL,GK,30,1991,36,3240,4.0,0.0,0.0,2.0,6.0,0.0,0.0,0.0,0.0,,,0.0
Serie A,Adam Obert,Cagliari,SVK,DF,18,2002,6,274,0.0,0.0,0.0,5.0,0.0,0.0,2.0,4.0,5.0,,,0.0
Serie A,Alberto Grassi,Cagliari,ITA,MF,26,1995,30,2174,6.0,1.0,1.0,28.0,60.0,1.0,6.0,65.0,26.0,,,0.0
Serie A,Alessandro Deiola,Cagliari,ITA,MF,25,1995,33,2129,5.0,0.0,0.0,44.0,21.0,1.0,12.0,28.0,23.0,,,0.0
Serie A,Alessio Cragno,Cagliari,ITA,GK,27,1994,35,3150,3.0,0.0,0.0,1.0,8.0,0.0,0.0,1.0,3.0,,,0.0
Serie A,Andrea Carboni,Cagliari,ITA,DF,20,2001,30,2215,6.0,0.0,0.0,18.0,9.0,0.0,24.0,32.0,24.0,,,1.0
Serie A,Babis Lykogiannis,Cagliari,GRE,"MF,DF",27,1993,28,1817,2.0,0.0,0.0,29.0,14.0,0.0,93.0,31.0,12.0,,,0.0
Serie A,Boris Radunović,Cagliari,SRB,GK,25,1996,3,270,0.0,1.0,0.0,0.0,1.0,0.0,0.0,0.0,0.0,,,0.0
Serie A,Christian Oliva,Cagliari,URU,MF,25,1996,4,48,0.0,0.0,0.0,0.0,0.0,0.0,0.0,0.0,2.0,,,0.0
Serie A,Christos Kourfalidis,Cagliari,GRE,MF,18,2002,2,18,0.0,0.0,0.0,0.0,0.0,0.0,0.0,0.0,0.0,,,0.0
Serie A,Dalbert Henrique,Cagliari,BRA,MF,27,1993,28,2081,9.0,0.0,0.0,38.0,27.0,4.0,73.0,26.0,24.0,,,0.0
Serie A,Damir Ceter,Cagliari,COL,FW,23,1997,1,6,0.0,0.0,0.0,0.0,0.0,0.0,0.0,0.0,0.0,,,0.0
Serie A,Daniele Baselli,Cagliari,ITA,MF,29,1992,9,290,1.0,0.0,0.0,2.0,3.0,0.0,17.0,2.0,5.0,,,0.0
Serie A,Diego Farias,Cagliari,BRA,FW,31,1990,4,66,0.0,0.0,0.0,0.0,0.0,0.0,2.0,0.0,1.0,,,0.0
Serie A,Diego Godín,Cagliari,URU,DF,35,1986,11,818,3.0,0.0,0.0,13.0,3.0,0.0,0.0,14.0,8.0,,,0.0
Serie A,Edoardo Goldaniga,Cagliari,ITA,DF,27,1993,11,934,3.0,0.0,0.0,22.0,13.0,1.0,13.0,22.0,6.0,,,0.0
Serie A,Gabriele Zappa,Cagliari,ITA,"MF,DF",21,1999,25,1144,4.0,1.0,1.0,16.0,11.0,0.0,25.0,14.0,10.0,,,0.0
Serie A,Gastón Pereiro,Cagliari,URU,"FW,MF",26,1995,29,975,1.0,0.0,0.0,15.0,4.0,2.0,41.0,1.0,5.0,,,0.0
Serie A,Giorgio Altare,Cagliari,ITA,DF,22,1998,19,1466,5.0,0.0,0.0,35.0,10.0,1.0,27.0,30.0,27.0,,,0.0
Serie A,Giovanni Simeone,Cagliari,ARG,FW,26,1995,1,7,0.0,0.0,0.0,1.0,0.0,0.0,1.0,0.0,0.0,,,0.0
Serie A,João Pedro,Cagliari,ITA,FW,29,1992,37,3323,9.0,0.0,0.0,68.0,84.0,31.0,14.0,8.0,11.0,,,0.0
Serie A,Keita Baldé,Cagliari,SEN,FW,26,1995,26,1229,2.0,0.0,0.0,28.0,30.0,9.0,7.0,5.0,3.0,,,0.0
Serie A,Kevin Strootman,Cagliari,NED,MF,31,1990,10,640,4.0,0.0,0.0,10.0,10.0,0.0,3.0,11.0,5.0,,,0.0
Serie A,Leonardo Pavoletti,Cagliari,ITA,FW,32,1988,33,1518,9.0,0.0,0.0,45.0,28.0,4.0,3.0,3.0,6.0,,,0.0
Serie A,Luca Ceppitelli,Cagliari,ITA,DF,31,1989,24,1445,3.0,0.0,0.0,18.0,12.0,1.0,6.0,24.0,12.0,,,0.0
Serie A,Luca Gagliano,Cagliari,ITA,FW,21,2000,2,13,0.0,0.0,0.0,0.0,0.0,0.0,0.0,0.0,0.0,,,0.0
Serie A,Marko Rog,Cagliari,CRO,MF,26,1995,8,311,0.0,0.0,0.0,11.0,14.0,0.0,3.0,1.0,3.0,,,0.0
Serie A,Martín Cáceres,Cagliari,URU,"DF,MF",34,1987,14,832,3.0,1.0,0.0,7.0,9.0,0.0,12.0,16.0,8.0,,,0.0
Serie A,Matteo Lovato,Cagliari,ITA,DF,21,2000,16,1238,4.0,0.0,0.0,15.0,14.0,0.0,0.0,28.0,16.0,,,0.0
Serie A,Nahitan Nández,Cagliari,URU,MF,25,1995,21,1523,4.0,0.0,0.0,27.0,34.0,12.0,64.0,8.0,20.0,,,0.0
Serie A,Paolo Faragò,Cagliari,ITA,"DF,MF",28,1993,1,16,0.0,0.0,0.0,0.0,0.0,0.0,0.0,0.0,1.0,,,0.0
Serie A,Raoul Bellanova,Cagliari,ITA,MF,21,2000,31,2496,3.0,0.0,0.0,10.0,35.0,2.0,97.0,23.0,15.0,,,0.0
Serie A,Răzvan Marin,Cagliari,ROU,MF,25,1996,36,2816,6.0,1.0,1.0,37.0,31.0,1.0,127.0,10.0,22.0,,,0.0
Serie A,Sebastian Walukiewicz,Cagliari,POL,DF,21,2000,7,302,1.0,0.0,0.0,4.0,3.0,0.0,1.0,7.0,5.0,,,0.0
Serie A,Andrea La Mantia,Empoli,ITA,FW,30,1991,18,488,0.0,0.0,0.0,6.0,7.0,3.0,1.0,1.0,0.0,,,0.0
Serie A,Andrea Pinamonti,Empoli,ITA,FW,22,1999,36,2869,4.0,0.0,0.0,32.0,56.0,19.0,29.0,8.0,6.0,,,0.0
Serie A,Ardian Ismajli,Empoli,ALB,DF,24,1996,20,1272,7.0,0.0,0.0,17.0,14.0,0.0,3.0,23.0,9.0,,,2.0
Serie A,Fabiano Parisi,Empoli,ITA,DF,20,2000,25,1477,5.0,0.0,0.0,22.0,28.0,0.0,44.0,23.0,25.0,,,0.0
Serie A,Federico Di Francesco,Empoli,ITA,"FW,MF",27,1994,26,1367,2.0,0.0,0.0,29.0,27.0,13.0,39.0,9.0,5.0,,,0.0
Serie A,Filippo Bandinelli,Empoli,ITA,MF,26,1995,35,1955,10.0,0.0,0.0,53.0,18.0,5.0,67.0,12.0,24.0,,,0.0
Serie A,Giovanni Crociata,Empoli,ITA,MF,23,1997,1,15,0.0,0.0,0.0,1.0,0.0,0.0,0.0,0.0,0.0,,,0.0
Serie A,Guglielmo Vicario,Empoli,ITA,GK,24,1996,38,3420,1.0,0.0,0.0,1.0,6.0,0.0,0.0,1.0,1.0,,,0.0
Serie A,Kristjan Asllani,Empoli,ALB,MF,19,2002,23,1353,2.0,0.0,0.0,13.0,24.0,0.0,29.0,19.0,12.0,,,0.0
Serie A,Leo Štulac,Empoli,SVN,MF,26,1994,23,833,1.0,0.0,0.0,7.0,15.0,0.0,28.0,8.0,7.0,,,0.0
Serie A,Leonardo Mancuso,Empoli,ITA,FW,29,1992,8,425,0.0,0.0,0.0,1.0,2.0,5.0,5.0,1.0,1.0,,,0.0
Serie A,Liam Henderson,Empoli,SCO,MF,25,1996,38,2020,4.0,0.0,0.0,59.0,22.0,3.0,87.0,9.0,13.0,,,0.0
Serie A,Liberato Cacace,Empoli,NZL,DF,20,2000,10,466,1.0,0.0,0.0,9.0,6.0,0.0,11.0,8.0,6.0,,,0.0
Serie A,Lorenzo Tonelli,Empoli,ITA,DF,31,1990,14,870,4.0,0.0,0.0,9.0,24.0,1.0,1.0,16.0,7.0,,,1.0
Serie A,Marco Benassi,Empoli,ITA,MF,26,1994,12,382,1.0,0.0,0.0,5.0,5.0,0.0,13.0,3.0,3.0,,,0.0
Serie A,Mattia Viti,Empoli,ITA,DF,19,2002,20,1491,3.0,1.0,1.0,15.0,12.0,1.0,0.0,30.0,19.0,,,1.0
Serie A,Nedim Bajrami,Empoli,ALB,MF,22,1999,35,2054,3.0,0.0,0.0,16.0,14.0,7.0,156.0,4.0,15.0,,,0.0
Serie A,Nicolas Haas,Empoli,SUI,MF,25,1996,16,1001,3.0,0.0,0.0,18.0,11.0,1.0,15.0,9.0,24.0,,,0.0
Serie A,Patrick Cutrone,Empoli,ITA,FW,23,1998,28,1401,1.0,0.0,0.0,13.0,15.0,20.0,21.0,5.0,2.0,,,0.0
Serie A,Petar Stojanović,Empoli,SVN,DF,25,1995,33,2735,11.0,1.0,1.0,45.0,22.0,2.0,69.0,25.0,67.0,,,0.0
Serie A,Riccardo Fiamozzi,Empoli,ITA,DF,28,1993,10,620,1.0,0.0,0.0,3.0,7.0,0.0,11.0,8.0,5.0,,,0.0
Serie A,Riccardo Marchizza,Empoli,ITA,DF,23,1998,19,1346,4.0,0.0,0.0,20.0,3.0,2.0,42.0,10.0,15.0,,,1.0
Serie A,Samuele Ricci,Empoli,ITA,MF,19,2001,21,1530,1.0,1.0,0.0,17.0,42.0,0.0,7.0,31.0,18.0,,,0.0
Serie A,Sebastiano Luperto,Empoli,ITA,DF,24,1996,24,1958,8.0,1.0,1.0,29.0,5.0,1.0,6.0,45.0,16.0,,,0.0
Serie A,Simone Romagnoli,Empoli,ITA,DF,31,1990,19,1497,3.0,0.0,0.0,16.0,5.0,0.0,1.0,10.0,13.0,,,1.0
Serie A,Szymon Żurkowski,Empoli,POL,MF,23,1997,35,2307,5.0,0.0,0.0,41.0,67.0,0.0,23.0,35.0,33.0,,,0.0
Serie A,Tommaso Baldanzi,Empoli,ITA,MF,18,2003,1,18,0.0,0.0,0.0,0.0,0.0,0.0,1.0,0.0,0.0,,,0.0
Serie A,Valerio Verre,Empoli,ITA,MF,27,1994,8,310,2.0,1.0,0.0,8.0,3.0,0.0,2.0,2.0,1.0,,,0.0
Serie A,Aleksa Terzić,Fiorentina,SRB,DF,21,1999,14,274,1.0,0.0,0.0,4.0,2.0,0.0,21.0,5.0,5.0,,,0.0
Serie A,Aleksandr Kokorin,Fiorentina,RUS,"FW,MF",30,1991,6,55,1.0,0.0,0.0,2.0,2.0,0.0,0.0,0.0,1.0,,,0.0
Serie A,Alfred Duncan,Fiorentina,GHA,MF,28,1993,33,1931,3.0,0.0,0.0,22.0,13.0,0.0,46.0,10.0,20.0,,,0.0
Serie A,Arthur Cabral,Fiorentina,BRA,FW,23,1998,14,749,1.0,0.0,0.0,16.0,10.0,1.0,2.0,1.0,5.0,,,0.0
Serie A,Bartłomiej Drągowski,Fiorentina,POL,GK,23,1997,7,556,0.0,1.0,0.0,1.0,0.0,0.0,0.0,1.0,0.0,,,0.0
Serie A,Cristiano Biraghi,Fiorentina,ITA,DF,28,1992,37,3153,5.0,1.0,1.0,28.0,38.0,7.0,279.0,21.0,25.0,,,1.0
Serie A,Dušan Vlahović,Fiorentina,SRB,FW,21,2000,21,1857,2.0,0.0,0.0,19.0,49.0,19.0,16.0,1.0,0.0,,,0.0
Serie A,Erick Pulgar,Fiorentina,CHI,MF,27,1994,6,341,2.0,0.0,0.0,5.0,3.0,0.0,5.0,5.0,6.0,,,0.0
Serie A,Filippo Distefano,Fiorentina,ITA,FW,17,2003,1,2,0.0,0.0,0.0,0.0,0.0,1.0,0.0,0.0,0.0,,,0.0
Serie A,Gaetano Castrovilli,Fiorentina,ITA,MF,24,1997,23,1391,4.0,0.0,0.0,21.0,36.0,1.0,41.0,10.0,16.0,,,0.0
Serie A,Giacomo Bonaventura,Fiorentina,ITA,MF,31,1989,31,2266,8.0,1.0,1.0,31.0,49.0,2.0,36.0,15.0,18.0,,,0.0
Serie A,Igor,Fiorentina,BRA,DF,23,1998,30,2242,3.0,0.0,0.0,28.0,5.0,0.0,2.0,30.0,34.0,,,0.0
Serie A,Jonathan Ikone,Fiorentina,FRA,FW,23,1998,17,649,1.0,0.0,0.0,6.0,6.0,1.0,9.0,2.0,3.0,,,0.0
Serie A,José Callejón,Fiorentina,ESP,FW,34,1987,30,1298,0.0,0.0,0.0,3.0,17.0,3.0,62.0,3.0,7.0,,,0.0
Serie A,Krzysztof Piątek,Fiorentina,POL,FW,26,1995,14,733,0.0,0.0,0.0,7.0,16.0,3.0,5.0,2.0,3.0,,,0.0
Serie A,Lorenzo Venuti,Fiorentina,ITA,DF,26,1995,23,1571,4.0,0.0,0.0,15.0,32.0,0.0,29.0,5.0,11.0,,,1.0
Serie A,Lucas Martínez Quarta,Fiorentina,ARG,DF,25,1996,20,1431,8.0,0.0,0.0,30.0,11.0,0.0,1.0,21.0,23.0,,,0.0
Serie A,Lucas Torreira,Fiorentina,URU,MF,25,1996,31,2195,10.0,1.0,1.0,38.0,44.0,2.0,6.0,26.0,27.0,,,0.0
Serie A,Marco Benassi,Fiorentina,ITA,DF,26,1994,6,158,1.0,0.0,0.0,4.0,0.0,0.0,4.0,3.0,0.0,,,0.0
Serie A,Matija Nastasić,Fiorentina,SRB,DF,28,1993,5,219,1.0,0.0,0.0,2.0,0.0,0.0,0.0,5.0,0.0,,,0.0
Serie A,Nicolás González,Fiorentina,ARG,FW,23,1998,33,2357,4.0,1.0,1.0,30.0,97.0,5.0,63.0,22.0,15.0,,,0.0
Serie A,Nikola Milenković,Fiorentina,SRB,DF,23,1997,34,2926,10.0,1.0,1.0,48.0,21.0,0.0,2.0,38.0,34.0,,,0.0
Serie A,Pietro Terracciano,Fiorentina,ITA,GK,31,1990,32,2862,0.0,0.0,0.0,0.0,4.0,0.0,0.0,1.0,0.0,,,0.0
Serie A,Riccardo Saponara,Fiorentina,ITA,FW,29,1991,29,1284,1.0,0.0,0.0,6.0,23.0,4.0,28.0,1.0,3.0,,,0.0
Serie A,Riccardo Sottil,Fiorentina,ITA,FW,22,1999,24,1239,4.0,1.0,1.0,15.0,40.0,7.0,47.0,1.0,5.0,,,0.0
Serie A,Sofyan Amrabat,Fiorentina,MAR,MF,24,1996,23,944,6.0,0.0,0.0,25.0,15.0,0.0,6.0,6.0,14.0,,,0.0
Serie A,Youssef Maleh,Fiorentina,MAR,MF,22,1998,28,1019,5.0,0.0,0.0,43.0,19.0,0.0,18.0,7.0,15.0,,,0.0
Serie A,Álvaro Odriozola,Fiorentina,ESP,DF,25,1995,25,1733,4.0,1.0,0.0,15.0,12.0,1.0,53.0,8.0,15.0,,,0.0
Serie A,Abdoulaye Touré,Genoa,GUI,MF,27,1994,8,430,1.0,0.0,0.0,3.0,9.0,0.0,3.0,5.0,4.0,,,0.0
Serie A,Adrian Šemper,Genoa,CRO,GK,23,1998,1,90,0.0,0.0,0.0,0.0,0.0,0.0,0.0,0.0,0.0,,,0.0
Serie A,Albert Guðmundsson,Genoa,ISL,MF,24,1997,12,607,3.0,0.0,0.0,14.0,10.0,3.0,41.0,5.0,3.0,,,0.0
Serie A,Aleksander Buksa,Genoa,POL,FW,18,2003,4,63,0.0,0.0,0.0,2.0,0.0,0.0,0.0,0.0,0.0,,,0.0
Serie A,Andrea Cambiaso,Genoa,ITA,"MF,DF",21,2000,26,1790,5.0,1.0,1.0,22.0,16.0,1.0,67.0,20.0,19.0,,,0.0
Serie A,Andrea Favilli,Genoa,ITA,FW,24,1997,1,36,0.0,0.0,0.0,0.0,1.0,1.0,0.0,0.0,1.0,,,0.0
Serie A,Andrea Masiello,Genoa,ITA,DF,35,1986,7,515,3.0,0.0,0.0,6.0,4.0,0.0,1.0,14.0,3.0,,,0.0
Serie A,Caleb Ekuban,Genoa,GHA,"FW,MF",27,1994,30,1716,2.0,0.0,0.0,22.0,32.0,2.0,13.0,9.0,11.0,,,0.0
Serie A,Davide Biraschi,Genoa,ITA,DF,27,1994,14,930,4.0,0.0,0.0,12.0,11.0,0.0,15.0,18.0,15.0,,,0.0
Serie A,Domenico Criscito,Genoa,ITA,DF,34,1986,20,1618,4.0,0.0,0.0,21.0,27.0,0.0,51.0,41.0,20.0,,,0.0
Serie A,Felipe Caicedo,Genoa,ECU,FW,32,1988,9,284,1.0,0.0,0.0,6.0,2.0,4.0,0.0,0.0,3.0,,,0.0
Serie A,Filippo Melegoni,Genoa,ITA,MF,22,1999,25,980,1.0,0.0,0.0,14.0,20.0,2.0,34.0,12.0,12.0,,,0.0
Serie A,Flavio Junior Bianchi,Genoa,ITA,FW,21,2000,7,314,0.0,0.0,0.0,5.0,4.0,0.0,1.0,0.0,2.0,,,0.0
Serie A,Francesco Cassata,Genoa,ITA,MF,24,1997,1,7,0.0,0.0,0.0,0.0,1.0,0.0,1.0,0.0,0.0,,,0.0
Serie A,Goran Pandev,Genoa,MKD,FW,38,1983,20,843,1.0,0.0,0.0,5.0,36.0,6.0,3.0,2.0,0.0,,,0.0
Serie A,Hernani,Genoa,BRA,"MF,FW",27,1994,18,682,0.0,0.0,0.0,12.0,10.0,2.0,15.0,14.0,8.0,,,0.0
Serie A,Johan Vásquez,Genoa,MEX,DF,22,1998,28,2279,7.0,0.0,0.0,31.0,26.0,1.0,17.0,45.0,50.0,,,0.0
Serie A,Kelvin Yeboah,Genoa,ITA,"FW,MF",21,2000,17,850,2.0,0.0,0.0,28.0,30.0,7.0,10.0,1.0,8.0,,,0.0
Serie A,Laurens Serpe,Genoa,ITA,DF,20,2001,1,45,0.0,0.0,0.0,0.0,0.0,0.0,1.0,0.0,0.0,,,0.0
Serie A,Leo Østigård,Genoa,NOR,DF,21,1999,15,1172,4.0,2.0,1.0,15.0,6.0,3.0,0.0,10.0,10.0,,,0.0
Serie A,Manolo Portanova,Genoa,ITA,MF,21,2000,24,1322,4.0,0.0,0.0,46.0,25.0,4.0,40.0,17.0,30.0,,,0.0
Serie A,Mattia Bani,Genoa,ITA,DF,27,1993,17,1211,1.0,0.0,0.0,14.0,19.0,0.0,1.0,21.0,13.0,,,0.0
Serie A,Mattia Destro,Genoa,ITA,FW,30,1991,27,1744,4.0,0.0,0.0,40.0,31.0,20.0,2.0,2.0,4.0,,,0.0
Serie A,Milan Badelj,Genoa,CRO,MF,32,1989,34,2844,4.0,0.0,0.0,39.0,20.0,0.0,10.0,88.0,40.0,,,0.0
Serie A,Mohamed Fares,Genoa,ALG,"MF,DF",25,1996,9,587,2.0,0.0,0.0,10.0,6.0,0.0,24.0,8.0,3.0,,,0.0
Serie A,Morten Frendrup,Genoa,DEN,"DF,MF",20,2001,10,695,1.0,0.0,0.0,10.0,4.0,0.0,8.0,16.0,25.0,,,0.0
Serie A,Nadiem Amiri,Genoa,GER,MF,24,1996,13,683,0.0,0.0,0.0,7.0,19.0,1.0,21.0,0.0,4.0,,,0.0
Serie A,Nicolò Rovella,Genoa,ITA,MF,19,2001,21,1468,5.0,0.0,0.0,26.0,24.0,3.0,110.0,22.0,23.0,,,0.0
Serie A,Nikola Maksimović,Genoa,SRB,DF,29,1991,14,1115,2.0,0.0,0.0,10.0,8.0,0.0,2.0,12.0,6.0,,,0.0
Serie A,Pablo Galdames Millán,Genoa,CHI,MF,24,1996,19,1028,2.0,0.0,0.0,19.0,11.0,3.0,31.0,10.0,12.0,,,0.0
Serie A,Paolo Ghiglione,Genoa,ITA,"MF,DF",24,1997,13,603,3.0,0.0,0.0,11.0,4.0,0.0,37.0,12.0,12.0,,,0.0
Serie A,Riccardo Calafiori,Genoa,ITA,DF,19,2002,3,82,1.0,0.0,0.0,3.0,0.0,0.0,0.0,2.0,0.0,,,0.0
Serie A,Roberto Piccoli,Genoa,ITA,FW,20,2001,5,218,0.0,0.0,0.0,3.0,0.0,1.0,1.0,1.0,1.0,,,0.0
Serie A,Salvatore Sirigu,Genoa,ITA,GK,34,1987,37,3330,0.0,0.0,0.0,0.0,3.0,0.0,0.0,1.0,1.0,,,1.0
Serie A,Silvan Hefti,Genoa,SUI,DF,23,1997,16,1288,1.0,0.0,0.0,13.0,7.0,0.0,32.0,21.0,30.0,,,0.0
Serie A,Stefano Sabelli,Genoa,ITA,MF,28,1993,7,348,3.0,0.0,0.0,6.0,8.0,0.0,8.0,3.0,3.0,,,0.0
Serie A,Stefano Sturaro,Genoa,ITA,MF,28,1993,25,1766,12.0,0.0,0.0,53.0,37.0,4.0,38.0,15.0,25.0,,,0.0
Serie A,Valon Behrami,Genoa,SUI,MF,36,1985,10,311,3.0,0.0,0.0,8.0,5.0,0.0,2.0,1.0,1.0,,,0.0
Serie A,Yayah Kallon,Genoa,SLE,"MF,FW",20,2001,15,636,3.0,0.0,0.0,18.0,13.0,3.0,18.0,1.0,11.0,,,0.0
Serie A,Zinho Vanheusden,Genoa,BEL,DF,22,1999,14,989,3.0,0.0,0.0,10.0,10.0,0.0,5.0,24.0,7.0,,,1.0
Serie A,Adrien Tameze,Hellas Verona,CMR,MF,27,1994,38,2574,4.0,0.0,0.0,33.0,34.0,2.0,31.0,54.0,30.0,,,0.0
Serie A,Alessandro Berardi,Hellas Verona,ITA,GK,30,1991,1,90,0.0,0.0,0.0,0.0,0.0,0.0,0.0,0.0,0.0,,,0.0
Serie A,Antonín Barák,Hellas Verona,CZE,"MF,FW",26,1994,29,2340,4.0,0.0,0.0,27.0,17.0,3.0,14.0,6.0,9.0,,,0.0
Serie A,Bosko Sutalo,Hellas Verona,CRO,"DF,MF",21,2000,24,920,0.0,0.0,0.0,12.0,9.0,1.0,10.0,18.0,14.0,,,0.0
Serie A,Daniel Bessa,Hellas Verona,ITA,MF,28,1993,24,768,5.0,1.0,1.0,21.0,12.0,2.0,18.0,4.0,2.0,,,0.0
Serie A,Darko Lazović,Hellas Verona,SRB,MF,30,1990,34,2766,2.0,0.0,0.0,13.0,8.0,11.0,95.0,21.0,24.0,,,0.0
Serie A,Davide Faraoni,Hellas Verona,ITA,MF,29,1991,32,2572,8.0,1.0,1.0,27.0,34.0,6.0,85.0,23.0,41.0,,,0.0
Serie A,Diego Coppola,Hellas Verona,ITA,DF,17,2003,4,249,0.0,0.0,0.0,2.0,1.0,0.0,0.0,4.0,5.0,,,0.0
Serie A,Fabio Depaoli,Hellas Verona,ITA,MF,24,1997,18,703,3.0,0.0,0.0,19.0,10.0,4.0,33.0,7.0,6.0,,,0.0
Serie A,Federico Ceccherini,Hellas Verona,ITA,DF,29,1992,34,2358,12.0,1.0,1.0,56.0,25.0,3.0,5.0,51.0,19.0,,,0.0
Serie A,Filippo Terracciano,Hellas Verona,ITA,DF,18,2003,1,7,0.0,0.0,0.0,0.0,0.0,0.0,0.0,0.0,0.0,,,0.0
Serie A,Giangiacomo Magnani,Hellas Verona,ITA,DF,25,1995,14,530,3.0,1.0,0.0,11.0,9.0,0.0,2.0,10.0,7.0,,,0.0
Serie A,Gianluca Caprari,Hellas Verona,ITA,"MF,FW",28,1993,35,2739,4.0,0.0,0.0,42.0,74.0,14.0,111.0,4.0,26.0,,,0.0
Serie A,Gianluca Frabotta,Hellas Verona,ITA,"DF,MF",22,1999,2,20,0.0,0.0,0.0,2.0,0.0,0.0,3.0,1.0,0.0,,,0.0
Serie A,Giovanni Simeone,Hellas Verona,ARG,FW,26,1995,35,2653,8.0,0.0,0.0,56.0,58.0,34.0,26.0,5.0,16.0,,,0.0
Serie A,Ivan Ilić,Hellas Verona,SRB,MF,20,2001,32,2526,5.0,1.0,0.0,45.0,32.0,1.0,38.0,21.0,20.0,,,1.0
Serie A,Ivor Pandur,Hellas Verona,CRO,GK,21,2000,3,270,0.0,0.0,0.0,0.0,1.0,0.0,0.0,0.0,0.0,,,0.0
Serie A,Kevin Lasagna,Hellas Verona,ITA,"MF,FW",28,1992,28,1184,1.0,0.0,0.0,20.0,10.0,12.0,10.0,3.0,5.0,,,0.0
Serie A,Koray Günter,Hellas Verona,GER,DF,26,1994,30,2411,10.0,0.0,0.0,42.0,16.0,1.0,0.0,70.0,20.0,,,1.0
Serie A,Lorenzo Montipò,Hellas Verona,ITA,GK,25,1996,34,3060,1.0,0.0,0.0,0.0,4.0,0.0,0.0,1.0,0.0,,,0.0
Serie A,Martin Hongla,Hellas Verona,CMR,MF,23,1998,18,651,3.0,0.0,0.0,15.0,5.0,0.0,4.0,5.0,8.0,,,0.0
Serie A,Mateusz Praszelik,Hellas Verona,POL,MF,20,2000,2,25,0.0,0.0,0.0,2.0,1.0,0.0,0.0,0.0,0.0,,,0.0
Serie A,Matteo Cancellieri,Hellas Verona,ITA,MF,19,2002,12,227,1.0,0.0,0.0,9.0,4.0,1.0,8.0,1.0,4.0,,,0.0
Serie A,Mattia Zaccagni,Hellas Verona,ITA,MF,26,1995,2,180,0.0,0.0,0.0,1.0,7.0,0.0,10.0,4.0,1.0,,,0.0
Serie A,Miguel Veloso,Hellas Verona,POR,MF,35,1986,22,1343,7.0,1.0,1.0,18.0,6.0,0.0,73.0,11.0,14.0,,,0.0
Serie A,Nicolò Casale,Hellas Verona,ITA,"DF,MF",23,1998,36,2586,10.0,0.0,0.0,44.0,24.0,0.0,15.0,51.0,31.0,,,0.0
Serie A,Nikola Kalinić,Hellas Verona,CRO,FW,33,1988,14,406,5.0,1.0,1.0,15.0,9.0,2.0,1.0,0.0,0.0,,,0.0
Serie A,Panagiotis Retsos,Hellas Verona,GRE,DF,22,1998,5,55,0.0,0.0,0.0,1.0,1.0,0.0,1.0,2.0,0.0,,,0.0
Serie A,Paweł Dawidowicz,Hellas Verona,POL,DF,26,1995,17,1198,3.0,0.0,0.0,26.0,14.0,0.0,7.0,19.0,17.0,,,0.0
Serie A,Samuel Di Carmine,Hellas Verona,ITA,FW,32,1988,1,36,1.0,0.0,0.0,1.0,2.0,0.0,0.0,0.0,0.0,,,0.0
Serie A,Yıldırım Mert Çetin,Hellas Verona,TUR,DF,24,1997,2,46,0.0,0.0,0.0,0.0,1.0,0.0,1.0,0.0,0.0,,,0.0
Serie A,Aleksandar Kolarov,Inter,SRB,DF,35,1985,3,42,0.0,0.0,0.0,0.0,1.0,0.0,0.0,1.0,1.0,,,0.0
Serie A,Alessandro Bastoni,Inter,ITA,DF,22,1999,31,2311,4.0,0.0,0.0,30.0,28.0,0.0,29.0,32.0,26.0,,,0.0
Serie A,Alexis Sánchez,Inter,CHI,FW,32,1988,27,881,0.0,0.0,0.0,11.0,21.0,8.0,36.0,2.0,9.0,,,0.0
Serie A,Andrea Ranocchia,Inter,ITA,DF,33,1988,6,341,1.0,0.0,0.0,4.0,2.0,1.0,0.0,4.0,3.0,,,0.0
Serie A,Arturo Vidal,Inter,CHI,MF,34,1987,28,741,3.0,0.0,0.0,17.0,10.0,1.0,5.0,7.0,12.0,,,0.0
Serie A,Danilo D'Ambrosio,Inter,ITA,DF,32,1988,20,1000,2.0,0.0,0.0,13.0,5.0,1.0,8.0,9.0,14.0,,,0.0
Serie A,Denzel Dumfries,Inter,NED,MF,25,1996,33,2028,3.0,0.0,0.0,31.0,37.0,4.0,35.0,10.0,12.0,,,0.0
Serie A,Edin Džeko,Inter,BIH,FW,35,1986,36,2469,2.0,0.0,0.0,27.0,39.0,5.0,34.0,4.0,8.0,,,0.0
Serie A,Federico Dimarco,Inter,ITA,"DF,MF",23,1997,32,1430,1.0,0.0,0.0,15.0,14.0,2.0,152.0,19.0,16.0,,,0.0
Serie A,Felipe Caicedo,Inter,ECU,"FW,MF",32,1988,3,23,0.0,0.0,0.0,1.0,0.0,0.0,0.0,0.0,0.0,,,0.0
Serie A,Hakan Çalhanoğlu,Inter,TUR,MF,27,1994,34,2480,11.0,0.0,0.0,37.0,26.0,0.0,194.0,25.0,24.0,,,0.0
Serie A,Ionuț Radu,Inter,ROU,GK,24,1997,1,90,0.0,0.0,0.0,0.0,0.0,0.0,0.0,0.0,0.0,,,0.0
Serie A,Ivan Perišić,Inter,CRO,MF,32,1989,35,2821,4.0,0.0,0.0,29.0,6.0,13.0,148.0,46.0,22.0,,,0.0
Serie A,Joaquín Correa,Inter,ARG,FW,26,1994,26,1025,2.0,0.0,0.0,15.0,16.0,1.0,1.0,1.0,5.0,,,0.0
Serie A,Lautaro Martínez,Inter,ARG,FW,23,1997,35,2282,6.0,0.0,0.0,40.0,46.0,12.0,15.0,17.0,10.0,,,0.0
Serie A,Marcelo Brozović,Inter,CRO,MF,28,1992,35,2937,7.0,0.0,0.0,44.0,32.0,0.0,23.0,37.0,43.0,,,0.0
Serie A,Martin Satriano,Inter,URU,FW,20,2001,4,38,0.0,0.0,0.0,1.0,0.0,0.0,0.0,0.0,0.0,,,0.0
Serie A,Matteo Darmian,Inter,ITA,MF,31,1989,25,1507,4.0,0.0,0.0,23.0,18.0,0.0,37.0,18.0,16.0,,,0.0
Serie A,Mattia Zanotti,Inter,ITA,"DF,MF",18,2003,1,9,0.0,0.0,0.0,0.0,0.0,0.0,0.0,0.0,0.0,,,0.0
Serie A,Matías Vecino,Inter,URU,MF,29,1991,17,377,2.0,0.0,0.0,9.0,3.0,0.0,5.0,4.0,5.0,,,0.0
Serie A,Milan Škriniar,Inter,SVK,DF,26,1995,35,3150,3.0,0.0,0.0,42.0,23.0,2.0,3.0,26.0,28.0,,,0.0
Serie A,Nicolò Barella,Inter,ITA,MF,24,1997,36,2913,9.0,0.0,0.0,30.0,52.0,4.0,68.0,19.0,42.0,,,0.0
Serie A,Roberto Gagliardini,Inter,ITA,MF,27,1994,18,649,2.0,0.0,0.0,24.0,16.0,0.0,5.0,8.0,7.0,,,0.0
Serie A,Robin Gosens,Inter,GER,"DF,MF",27,1994,7,169,1.0,0.0,0.0,1.0,2.0,2.0,7.0,2.0,1.0,,,0.0
Serie A,Samir Handanović,Inter,SVN,GK,37,1984,37,3330,1.0,0.0,0.0,0.0,4.0,0.0,0.0,0.0,0.0,,,0.0
Serie A,Stefan de Vrij,Inter,NED,DF,29,1992,30,2410,3.0,0.0,0.0,18.0,6.0,0.0,2.0,32.0,30.0,,,1.0
Serie A,Stefano Sensi,Inter,ITA,FW,25,1995,9,167,0.0,0.0,0.0,4.0,5.0,1.0,2.0,0.0,3.0,,,0.0
Serie A,Aaron Ramsey,Juventus,WAL,MF,30,1990,3,99,0.0,0.0,0.0,2.0,1.0,0.0,0.0,1.0,0.0,,,0.0
Serie A,Adrien Rabiot,Juventus,FRA,MF,26,1995,32,2285,5.0,0.0,0.0,45.0,28.0,4.0,24.0,21.0,44.0,,,0.0
Serie A,Alex Sandro,Juventus,BRA,DF,30,1991,28,1780,3.0,0.0,0.0,31.0,34.0,1.0,35.0,27.0,16.0,,,1.0
Serie A,Arthur Melo,Juventus,BRA,MF,24,1996,20,962,3.0,0.0,0.0,20.0,31.0,0.0,1.0,5.0,13.0,,,0.0
Serie A,Carlo Pinsoglio,Juventus,ITA,GK,31,1990,1,45,0.0,0.0,0.0,0.0,0.0,0.0,0.0,0.0,0.0,,,0.0
Serie A,Cristiano Ronaldo,Juventus,POR,"FW,MF",36,1985,1,31,1.0,0.0,0.0,0.0,1.0,1.0,0.0,0.0,0.0,,,0.0
Serie A,Daniele Rugani,Juventus,ITA,DF,27,1994,12,879,2.0,0.0,0.0,11.0,1.0,0.0,0.0,11.0,4.0,,,0.0
Serie A,Danilo,Juventus,BRA,"DF,MF",30,1991,22,1893,6.0,0.0,0.0,19.0,11.0,0.0,13.0,30.0,27.0,,,0.0
Serie A,Dejan Kulusevski,Juventus,SWE,"MF,FW",21,2000,20,772,1.0,0.0,0.0,29.0,10.0,3.0,8.0,5.0,12.0,,,0.0
Serie A,Denis Zakaria,Juventus,SUI,MF,24,1996,9,597,1.0,0.0,0.0,11.0,4.0,0.0,5.0,10.0,7.0,,,0.0
Serie A,Dušan Vlahović,Juventus,SRB,FW,21,2000,15,1076,2.0,0.0,0.0,8.0,20.0,12.0,8.0,0.0,0.0,,,0.0
Serie A,Fabio Miretti,Juventus,ITA,MF,17,2003,6,321,0.0,0.0,0.0,4.0,4.0,0.0,6.0,2.0,2.0,,,0.0
Serie A,Federico Bernardeschi,Juventus,ITA,"MF,FW",27,1994,28,1475,5.0,0.0,0.0,16.0,27.0,4.0,51.0,5.0,9.0,,,0.0
Serie A,Federico Chiesa,Juventus,ITA,"FW,MF",23,1997,14,863,0.0,0.0,0.0,9.0,16.0,1.0,32.0,4.0,19.0,,,0.0
Serie A,Giorgio Chiellini,Juventus,ITA,DF,36,1984,21,1354,2.0,0.0,0.0,15.0,22.0,2.0,1.0,19.0,13.0,,,0.0
Serie A,Juan Cuadrado,Juventus,COL,"MF,DF",33,1988,33,2487,9.0,0.0,0.0,19.0,52.0,1.0,134.0,27.0,23.0,,,0.0
Serie A,Kaio Jorge,Juventus,BRA,FW,19,2002,9,121,0.0,0.0,0.0,4.0,5.0,2.0,1.0,0.0,1.0,,,0.0
Serie A,Leonardo Bonucci,Juventus,ITA,DF,34,1987,24,2005,1.0,0.0,0.0,17.0,8.0,1.0,3.0,26.0,5.0,,,0.0
Serie A,Luca Pellegrini,Juventus,ITA,"DF,MF",22,1999,18,1107,6.0,0.0,0.0,23.0,20.0,0.0,54.0,6.0,13.0,,,0.0
Serie A,Manuel Locatelli,Juventus,ITA,MF,23,1998,31,2160,6.0,0.0,0.0,42.0,25.0,2.0,8.0,19.0,25.0,,,0.0
Serie A,Marley Aké,Juventus,FRA,"FW,MF",20,2001,4,77,1.0,0.0,0.0,6.0,2.0,0.0,1.0,1.0,0.0,,,0.0
Serie A,Martin Palumbo,Juventus,NOR,MF,19,2002,1,13,0.0,0.0,0.0,0.0,0.0,0.0,0.0,0.0,0.0,,,0.0
Serie A,Matthijs de Ligt,Juventus,NED,DF,21,1999,31,2674,4.0,1.0,1.0,32.0,15.0,2.0,4.0,27.0,19.0,,,0.0
Serie A,Mattia De Sciglio,Juventus,ITA,DF,28,1992,20,1168,2.0,1.0,0.0,15.0,7.0,0.0,53.0,8.0,12.0,,,0.0
Serie A,Mattia Perin,Juventus,ITA,GK,28,1992,5,405,0.0,0.0,0.0,0.0,1.0,0.0,0.0,0.0,0.0,,,0.0
Serie A,Matìas Soulé,Juventus,ARG,"FW,MF",18,2003,2,5,0.0,0.0,0.0,0.0,0.0,0.0,0.0,0.0,0.0,,,0.0
Serie A,Moise Kean,Juventus,ITA,FW,21,2000,32,1098,5.0,0.0,0.0,20.0,16.0,12.0,6.0,2.0,4.0,,,0.0
Serie A,Paulo Dybala,Juventus,ARG,"FW,MF",27,1993,29,2061,3.0,0.0,0.0,16.0,48.0,6.0,67.0,9.0,13.0,,,0.0
Serie A,Rodrigo Bentancur,Juventus,URU,MF,24,1997,19,1155,1.0,0.0,0.0,25.0,8.0,0.0,4.0,25.0,19.0,,,0.0
Serie A,Weston McKennie,Juventus,USA,MF,22,1998,21,1369,1.0,0.0,0.0,19.0,4.0,0.0,13.0,21.0,11.0,,,0.0
Serie A,Wojciech Szczęsny,Juventus,POL,GK,31,1990,33,2970,2.0,0.0,0.0,2.0,4.0,0.0,0.0,0.0,1.0,,,0.0
Serie A,Álvaro Morata,Juventus,ESP,"FW,MF",28,1992,35,2302,5.0,0.0,0.0,48.0,77.0,20.0,21.0,5.0,11.0,,,0.0
Serie A,Adam Marušić,Lazio,MNE,DF,28,1992,33,2721,6.0,1.0,1.0,26.0,13.0,0.0,30.0,41.0,19.0,,,0.0
Serie A,Anderson Lima,Lazio,BRA,MF,21,1999,4,65,1.0,0.0,0.0,2.0,4.0,0.0,1.0,2.0,0.0,,,0.0
Serie A,Ciro Immobile,Lazio,ITA,FW,31,1990,31,2711,4.0,0.0,0.0,36.0,39.0,13.0,13.0,3.0,5.0,,,0.0
Serie A,Danilo Cataldi,Lazio,ITA,MF,26,1994,32,1707,8.0,0.0,0.0,18.0,19.0,0.0,66.0,17.0,21.0,,,0.0
Serie A,Denis Vavro,Lazio,SVK,DF,25,1996,1,8,0.0,0.0,0.0,0.0,0.0,0.0,0.0,0.0,0.0,,,0.0
Serie A,Dimitrije Kamenović,Lazio,SRB,DF,21,2000,1,45,0.0,0.0,0.0,1.0,1.0,0.0,0.0,2.0,1.0,,,0.0
Serie A,Elseid Hysaj,Lazio,ALB,DF,27,1994,29,2027,3.0,0.0,0.0,16.0,18.0,2.0,26.0,22.0,32.0,,,0.0
Serie A,Felipe Anderson,Lazio,BRA,FW,28,1993,38,2888,2.0,0.0,0.0,43.0,36.0,7.0,87.0,20.0,44.0,,,0.0
Serie A,Francesco Acerbi,Lazio,ITA,DF,33,1988,30,2536,2.0,1.0,0.0,18.0,16.0,4.0,3.0,37.0,12.0,,,0.0
Serie A,Gonzalo Escalante,Lazio,ARG,MF,28,1993,1,9,0.0,0.0,0.0,0.0,0.0,0.0,0.0,1.0,0.0,,,0.0
Serie A,Jean-Daniel Akpa-Akpro,Lazio,CIV,MF,28,1992,10,315,1.0,0.0,0.0,13.0,8.0,0.0,1.0,2.0,10.0,,,0.0
Serie A,Jovane Cabral,Lazio,CPV,FW,23,1998,3,190,0.0,0.0,0.0,5.0,3.0,0.0,2.0,1.0,1.0,,,0.0
Serie A,Lucas Leiva,Lazio,BRA,MF,34,1987,35,1697,9.0,0.0,0.0,37.0,17.0,0.0,4.0,30.0,29.0,,,0.0
Serie A,Luis Alberto,Lazio,ESP,MF,28,1992,34,2353,5.0,0.0,0.0,13.0,27.0,1.0,145.0,13.0,17.0,,,0.0
Serie A,Luiz Felipe,Lazio,ITA,DF,24,1997,31,2491,9.0,1.0,0.0,28.0,17.0,0.0,2.0,33.0,23.0,,,0.0
Serie A,Luka Romero,Lazio,ARG,MF,16,2004,8,84,0.0,0.0,0.0,2.0,3.0,0.0,1.0,1.0,1.0,,,0.0
Serie A,Manuel Lazzari,Lazio,ITA,DF,27,1993,31,1665,3.0,0.0,0.0,18.0,44.0,4.0,55.0,12.0,15.0,,,0.0
Serie A,Mattia Zaccagni,Lazio,ITA,FW,26,1995,29,1876,6.0,0.0,0.0,29.0,74.0,2.0,41.0,19.0,17.0,,,0.0
Serie A,Patric,Lazio,ESP,DF,28,1993,24,1649,7.0,1.0,1.0,24.0,7.0,0.0,1.0,13.0,15.0,,,1.0
Serie A,Pedro,Lazio,ESP,FW,34,1987,32,2033,5.0,0.0,0.0,31.0,39.0,6.0,29.0,6.0,23.0,,,0.0
Serie A,Pepe Reina,Lazio,ESP,GK,38,1982,15,1350,3.0,0.0,0.0,1.0,1.0,0.0,0.0,0.0,0.0,,,0.0
Serie A,Raúl Moro,Lazio,ESP,FW,18,2002,11,201,0.0,0.0,0.0,0.0,0.0,0.0,2.0,0.0,3.0,,,0.0
Serie A,Sergej Milinković-Savić,Lazio,SRB,MF,26,1995,37,3100,6.0,1.0,1.0,56.0,44.0,4.0,45.0,35.0,43.0,,,0.0
Serie A,Thomas Strakosha,Lazio,ALB,GK,26,1995,23,2070,2.0,0.0,0.0,2.0,0.0,0.0,0.0,0.0,0.0,,,0.0
Serie A,Toma Bašić,Lazio,CRO,MF,24,1996,29,982,3.0,0.0,0.0,13.0,6.0,0.0,15.0,4.0,7.0,,,0.0
Serie A,Vedat Muriqi,Lazio,KVX,FW,27,1994,11,215,1.0,0.0,0.0,5.0,9.0,1.0,0.0,0.0,0.0,,,0.0
Serie A,Ștefan Radu,Lazio,ROU,DF,34,1986,10,556,2.0,0.0,0.0,4.0,5.0,0.0,7.0,4.0,6.0,,,0.0
Serie A,Alessandro Florenzi,Milan,ITA,"DF,MF",30,1991,24,1152,2.0,0.0,0.0,10.0,8.0,3.0,56.0,26.0,14.0,,,0.0
Serie A,Alessio Romagnoli,Milan,ITA,DF,26,1995,19,1409,4.0,1.0,0.0,17.0,13.0,3.0,1.0,18.0,15.0,,,0.0
Serie A,Alexis Saelemaekers,Milan,BEL,MF,22,1999,36,1865,2.0,0.0,0.0,28.0,37.0,1.0,63.0,15.0,21.0,,,0.0
Serie A,Andrea Conti,Milan,ITA,"DF,MF",27,1994,1,13,0.0,0.0,0.0,0.0,0.0,0.0,0.0,0.0,0.0,,,0.0
Serie A,Ante Rebić,Milan,CRO,"FW,MF",27,1993,24,891,2.0,0.0,0.0,18.0,9.0,7.0,29.0,4.0,8.0,,,0.0
Serie A,Brahim Díaz,Milan,MAR,MF,21,1999,31,1855,4.0,0.0,0.0,22.0,33.0,4.0,12.0,8.0,17.0,,,0.0
Serie A,Ciprian Tătărușanu,Milan,ROU,GK,35,1986,6,540,0.0,0.0,0.0,0.0,0.0,0.0,0.0,0.0,0.0,,,0.0
Serie A,Daniel Maldini,Milan,ITA,MF,19,2001,8,148,1.0,0.0,0.0,4.0,1.0,1.0,1.0,1.0,3.0,,,0.0
Serie A,Davide Calabria,Milan,ITA,DF,24,1996,26,2119,2.0,0.0,0.0,15.0,28.0,1.0,53.0,23.0,36.0,,,0.0
Serie A,Fikayo Tomori,Milan,ENG,DF,23,1997,31,2718,4.0,0.0,0.0,19.0,11.0,0.0,4.0,44.0,42.0,,,0.0
Serie A,Fodé Ballo-Touré,Milan,SEN,DF,24,1997,10,446,2.0,0.0,0.0,12.0,10.0,1.0,18.0,4.0,14.0,,,0.0
Serie A,Franck Kessié,Milan,CIV,MF,24,1996,31,2308,2.0,0.0,0.0,34.0,31.0,1.0,11.0,22.0,23.0,,,0.0
Serie A,Ismaël Bennacer,Milan,ALG,MF,23,1997,31,1525,7.0,0.0,0.0,25.0,44.0,0.0,23.0,25.0,30.0,,,0.0
Serie A,Junior Messias,Milan,BRA,MF,30,1991,26,1428,2.0,0.0,0.0,21.0,24.0,3.0,53.0,16.0,19.0,,,0.0
Serie A,Luca Stanga,Milan,ITA,DF,19,2002,1,3,0.0,0.0,0.0,1.0,0.0,0.0,0.0,0.0,0.0,,,0.0
Serie A,Matteo Gabbia,Milan,ITA,DF,21,1999,8,537,3.0,0.0,0.0,7.0,2.0,0.0,0.0,9.0,4.0,,,0.0
Serie A,Mike Maignan,Milan,FRA,GK,26,1995,32,2880,1.0,0.0,0.0,0.0,6.0,0.0,0.0,1.0,2.0,,,0.0
Serie A,Olivier Giroud,Milan,FRA,FW,34,1986,29,1892,4.0,0.0,0.0,31.0,22.0,11.0,4.0,3.0,12.0,,,0.0
Serie A,Pierre Kalulu,Milan,FRA,DF,21,2000,28,1944,4.0,0.0,0.0,18.0,6.0,2.0,22.0,23.0,36.0,,,0.0
Serie A,Pietro Pellegri,Milan,ITA,FW,20,2001,6,131,0.0,0.0,0.0,7.0,2.0,2.0,0.0,0.0,2.0,,,0.0
Serie A,Rade Krunić,Milan,BIH,MF,27,1993,28,1416,2.0,0.0,0.0,21.0,29.0,1.0,11.0,16.0,17.0,,,0.0
Serie A,Rafael Leão,Milan,POR,MF,22,1999,34,2605,4.0,0.0,0.0,25.0,45.0,8.0,63.0,11.0,9.0,,,0.0
Serie A,Samu Castillejo,Milan,ESP,MF,26,1995,5,125,1.0,0.0,0.0,2.0,2.0,0.0,8.0,2.0,2.0,,,0.0
Serie A,Sandro Tonali,Milan,ITA,MF,21,2000,36,2600,9.0,0.0,0.0,45.0,50.0,3.0,107.0,36.0,37.0,,,0.0
Serie A,Simon Kjær,Milan,DEN,DF,32,1989,11,802,2.0,0.0,0.0,20.0,5.0,0.0,1.0,9.0,12.0,,,1.0
Serie A,Theo Hernández,Milan,FRA,DF,23,1997,32,2711,7.0,2.0,1.0,34.0,74.0,8.0,127.0,22.0,34.0,,,0.0
Serie A,Tiemoué Bakayoko,Milan,FRA,MF,26,1994,14,501,3.0,0.0,0.0,12.0,10.0,0.0,2.0,8.0,13.0,,,0.0
Serie A,Zlatan Ibrahimović,Milan,SWE,FW,39,1981,23,1016,2.0,0.0,0.0,16.0,9.0,19.0,6.0,3.0,0.0,,,1.0
Serie A,Adam Ounas,Napoli,ALG,MF,24,1996,15,326,1.0,0.0,0.0,9.0,10.0,0.0,16.0,2.0,1.0,,,0.0
Serie A,Alessandro Zanoli,Napoli,ITA,DF,20,2000,12,457,2.0,0.0,0.0,9.0,2.0,0.0,4.0,4.0,6.0,,,0.0
Serie A,Alex Meret,Napoli,ITA,GK,24,1997,7,619,0.0,0.0,0.0,0.0,5.0,0.0,0.0,0.0,0.0,,,0.0
Serie A,Amir Rrahmani,Napoli,KVX,DF,27,1994,33,2927,5.0,0.0,0.0,23.0,23.0,0.0,0.0,19.0,12.0,,,0.0
Serie A,Andrea Petagna,Napoli,ITA,FW,26,1995,24,586,1.0,0.0,0.0,15.0,14.0,2.0,3.0,0.0,2.0,,,0.0
Serie A,Axel Tuanzebe,Napoli,COD,DF,23,1997,1,11,0.0,0.0,0.0,0.0,0.0,0.0,0.0,0.0,0.0,,,0.0
Serie A,David Ospina,Napoli,COL,GK,32,1988,31,2790,1.0,0.0,0.0,0.0,7.0,0.0,0.0,1.0,0.0,,,0.0
Serie A,Davide Marfella,Napoli,ITA,GK,21,1999,1,11,0.0,0.0,0.0,0.0,0.0,0.0,0.0,0.0,0.0,,,0.0
Serie A,Diego Demme,Napoli,GER,MF,29,1991,19,692,4.0,0.0,0.0,28.0,8.0,0.0,7.0,8.0,14.0,,,0.0
Serie A,Dries Mertens,Napoli,BEL,"FW,MF",34,1987,30,1384,2.0,0.0,0.0,26.0,22.0,5.0,22.0,9.0,7.0,,,0.0
Serie A,Elif Elmas,Napoli,MKD,MF,21,1999,37,1620,3.0,0.0,0.0,27.0,30.0,2.0,10.0,7.0,16.0,,,0.0
Serie A,Fabián Ruiz Peña,Napoli,ESP,MF,25,1996,32,2384,2.0,0.0,0.0,21.0,18.0,1.0,17.0,20.0,34.0,,,0.0
Serie A,Faouzi Ghoulam,Napoli,ALG,DF,30,1991,14,332,1.0,0.0,0.0,4.0,2.0,0.0,25.0,4.0,1.0,,,0.0
Serie A,Frank Anguissa,Napoli,CMR,MF,25,1995,25,1926,5.0,0.0,0.0,38.0,28.0,0.0,9.0,25.0,29.0,,,0.0
Serie A,Gianluca Gaetano,Napoli,ITA,MF,21,2000,2,20,0.0,0.0,0.0,1.0,1.0,0.0,0.0,2.0,1.0,,,0.0
Serie A,Giovanni Di Lorenzo,Napoli,ITA,DF,27,1993,33,2869,3.0,0.0,0.0,37.0,46.0,8.0,50.0,35.0,40.0,,,0.0
Serie A,Hirving Lozano,Napoli,MEX,"MF,FW",26,1995,30,1613,3.0,0.0,0.0,27.0,33.0,14.0,46.0,9.0,21.0,,,0.0
Serie A,Juan Jesus,Napoli,BRA,DF,30,1991,21,1278,1.0,0.0,0.0,14.0,2.0,2.0,1.0,9.0,17.0,,,1.0
Serie A,Kalidou Koulibaly,Napoli,SEN,DF,30,1991,27,2405,5.0,1.0,0.0,28.0,12.0,0.0,2.0,29.0,24.0,,,0.0
Serie A,Kostas Manolas,Napoli,GRE,DF,30,1991,4,313,1.0,0.0,0.0,5.0,0.0,0.0,0.0,3.0,2.0,,,0.0
Serie A,Kévin Malcuit,Napoli,MAR,"MF,DF",30,1991,8,288,3.0,0.0,0.0,8.0,5.0,0.0,12.0,6.0,2.0,,,0.0
Serie A,Lorenzo Insigne,Napoli,ITA,"MF,FW",30,1991,32,2290,2.0,0.0,0.0,20.0,22.0,5.0,89.0,21.0,14.0,,,0.0
Serie A,Matteo Politano,Napoli,ITA,"MF,FW",27,1993,33,1650,3.0,0.0,0.0,14.0,28.0,4.0,106.0,13.0,12.0,,,0.0
Serie A,Mário Rui,Napoli,POR,DF,30,1991,34,2992,7.0,0.0,0.0,31.0,60.0,4.0,79.0,38.0,43.0,,,0.0
Serie A,Piotr Zieliński,Napoli,POL,MF,27,1994,35,2086,1.0,0.0,0.0,19.0,28.0,0.0,35.0,8.0,12.0,,,0.0
Serie A,Stanislav Lobotka,Napoli,SVK,MF,26,1994,23,1686,2.0,0.0,0.0,19.0,35.0,0.0,3.0,13.0,24.0,,,0.0
Serie A,Victor Osimhen,Napoli,NGA,FW,22,1998,27,1983,5.0,1.0,0.0,37.0,38.0,19.0,9.0,3.0,6.0,,,0.0
Serie A,Ainsley Maitland-Niles,Roma,ENG,"MF,DF",23,1997,8,487,0.0,0.0,0.0,6.0,1.0,1.0,25.0,6.0,7.0,,,0.0
Serie A,Amadou Diawara,Roma,GUI,MF,24,1997,4,170,0.0,0.0,0.0,5.0,0.0,0.0,0.0,0.0,2.0,,,0.0
Serie A,Borja Mayoral,Roma,ESP,FW,24,1997,5,96,0.0,0.0,0.0,0.0,2.0,0.0,2.0,0.0,0.0,,,0.0
Serie A,Bryan Cristante,Roma,ITA,MF,26,1995,34,2678,9.0,0.0,0.0,39.0,14.0,1.0,14.0,44.0,39.0,,,1.0
Serie A,Bryan Reynolds,Roma,USA,DF,20,2001,1,2,0.0,0.0,0.0,0.0,0.0,0.0,0.0,0.0,0.0,,,0.0
Serie A,Carles Pérez,Roma,ESP,MF,23,1998,19,554,2.0,0.0,0.0,13.0,7.0,0.0,19.0,1.0,3.0,,,0.0
Serie A,Chris Smalling,Roma,ENG,DF,31,1989,27,2091,0.0,0.0,0.0,9.0,17.0,0.0,2.0,25.0,23.0,,,1.0
Serie A,Cristian Volpato,Roma,AUS,FW,17,2003,3,38,0.0,0.0,0.0,1.0,1.0,0.0,2.0,0.0,1.0,,,0.0
Serie A,Dimitrios Keramitsis,Roma,GRE,DF,17,2004,1,1,0.0,0.0,0.0,0.0,0.0,0.0,0.0,0.0,0.0,,,0.0
Serie A,Ebrima Darboe,Roma,GAM,MF,20,2001,1,63,0.0,0.0,0.0,1.0,0.0,0.0,0.0,1.0,1.0,,,0.0
Serie A,Edoardo Bove,Roma,ITA,MF,19,2002,11,68,0.0,0.0,0.0,1.0,3.0,0.0,2.0,1.0,1.0,,,0.0
Serie A,Eldor Shomurodov,Roma,UZB,"FW,MF",26,1995,28,784,2.0,0.0,0.0,16.0,6.0,4.0,11.0,2.0,3.0,,,0.0
Serie A,Felix Afena-Gyan,Roma,GHA,"MF,FW",18,2003,17,668,5.0,1.0,1.0,15.0,24.0,4.0,8.0,3.0,3.0,,,0.0
Serie A,Gianluca Mancini,Roma,ITA,DF,25,1996,33,2878,16.0,1.0,1.0,60.0,15.0,1.0,15.0,38.0,26.0,,,0.0
Serie A,Henrikh Mkhitaryan,Roma,ARM,MF,32,1989,31,2495,4.0,1.0,1.0,41.0,51.0,5.0,45.0,22.0,30.0,,,0.0
Serie A,Jordan Veretout,Roma,FRA,MF,28,1993,36,2319,6.0,0.0,0.0,18.0,22.0,1.0,102.0,27.0,25.0,,,0.0
Serie A,Leonardo Spinazzola,Roma,ITA,MF,28,1993,3,127,1.0,0.0,0.0,1.0,0.0,0.0,4.0,0.0,0.0,,,0.0
Serie A,Lorenzo Pellegrini,Roma,ITA,MF,25,1996,28,2289,8.0,1.0,1.0,46.0,49.0,9.0,171.0,24.0,15.0,,,0.0
Serie A,Marash Kumbulla,Roma,ALB,DF,21,2000,17,1025,6.0,0.0,0.0,22.0,11.0,0.0,2.0,15.0,13.0,,,0.0
Serie A,Matías Viña,Roma,URU,"DF,MF",23,1997,26,1565,2.0,0.0,0.0,9.0,20.0,2.0,34.0,25.0,31.0,,,0.0
Serie A,Nicola Zalewski,Roma,POL,MF,19,2002,16,793,1.0,0.0,0.0,9.0,20.0,1.0,31.0,16.0,20.0,,,0.0
Serie A,Nicolò Zaniolo,Roma,ITA,"FW,MF",22,1999,28,1971,12.0,2.0,1.0,52.0,63.0,10.0,67.0,8.0,14.0,,,0.0
Serie A,Riccardo Calafiori,Roma,ITA,DF,19,2002,6,174,2.0,0.0,0.0,4.0,0.0,0.0,3.0,3.0,3.0,,,0.0
Serie A,Rick Karsdorp,Roma,NED,"MF,DF",26,1995,36,2883,9.0,1.0,1.0,27.0,13.0,0.0,103.0,34.0,37.0,,,0.0
Serie A,Roger Ibanez,Roma,BRA,DF,22,1998,34,2889,9.0,0.0,0.0,47.0,48.0,1.0,3.0,62.0,31.0,,,0.0
Serie A,Rui Patrício,Roma,POR,GK,33,1988,38,3420,2.0,0.0,0.0,0.0,1.0,0.0,0.0,1.0,0.0,,,0.0
Serie A,Stephan El Shaarawy,Roma,ITA,MF,28,1992,27,1055,1.0,0.0,0.0,8.0,12.0,3.0,18.0,11.0,8.0,,,0.0
Serie A,Sérgio Oliveira,Roma,POR,MF,29,1992,14,892,5.0,0.0,0.0,12.0,25.0,0.0,32.0,10.0,18.0,,,0.0
Serie A,Tammy Abraham,Roma,ENG,FW,23,1997,37,3084,9.0,0.0,0.0,38.0,49.0,17.0,15.0,5.0,13.0,,,0.0
Serie A,Alessandro Russo,Salernitana,ITA,MF,17,2003,1,29,0.0,0.0,0.0,0.0,1.0,0.0,0.0,0.0,0.0,,,0.0
Serie A,Andrea Schiavone,Salernitana,ITA,MF,28,1993,14,571,1.0,0.0,0.0,10.0,5.0,0.0,29.0,9.0,8.0,,,0.0
Serie A,Andrei Motoc,Salernitana,MDA,DF,19,2002,1,90,0.0,0.0,0.0,0.0,2.0,0.0,0.0,2.0,1.0,,,0.0
Serie A,Cedric Gondo,Salernitana,CIV,FW,24,1996,14,699,1.0,0.0,0.0,18.0,32.0,3.0,9.0,3.0,2.0,,,0.0
Serie A,Diego Perotti,Salernitana,ARG,MF,33,1988,11,287,1.0,0.0,0.0,5.0,10.0,0.0,22.0,2.0,5.0,,,0.0
Serie A,Edoardo Vergani,Salernitana,ITA,MF,20,2001,6,102,0.0,0.0,0.0,3.0,1.0,1.0,0.0,0.0,2.0,,,0.0
Serie A,Emil Bohinen,Salernitana,NOR,MF,22,1999,11,699,5.0,0.0,0.0,16.0,13.0,1.0,19.0,10.0,10.0,,,0.0
Serie A,Federico Bonazzoli,Salernitana,ITA,"FW,MF",24,1997,32,1866,6.0,0.0,0.0,31.0,67.0,6.0,23.0,6.0,13.0,,,0.0
Serie A,Federico Fazio,Salernitana,ARG,DF,34,1987,16,1434,3.0,1.0,1.0,16.0,15.0,1.0,7.0,25.0,13.0,,,0.0
Serie A,Filippo Delli Carri,Salernitana,ITA,DF,22,1999,5,334,1.0,0.0,0.0,2.0,2.0,0.0,3.0,4.0,4.0,,,0.0
Serie A,Francesco Di Tacchio,Salernitana,ITA,"MF,DF",31,1990,18,1255,3.0,0.0,0.0,24.0,24.0,0.0,7.0,24.0,8.0,,,1.0
Serie A,Franck Ribéry,Salernitana,FRA,"MF,FW",38,1983,23,1421,3.0,1.0,0.0,31.0,38.0,2.0,44.0,2.0,11.0,,,0.0
Serie A,Freddie Veseli,Salernitana,ALB,DF,28,1992,9,596,3.0,1.0,1.0,7.0,1.0,0.0,4.0,4.0,2.0,,,0.0
Serie A,Grigoris Kastanos,Salernitana,CYP,"MF,FW",23,1998,27,1348,4.0,1.0,0.0,27.0,35.0,2.0,51.0,20.0,19.0,,,0.0
Serie A,Ivan Radovanović,Salernitana,SRB,"DF,MF",32,1988,14,1053,4.0,0.0,0.0,9.0,10.0,0.0,4.0,6.0,7.0,,,0.0
Serie A,Joel Obi,Salernitana,NGA,MF,30,1991,21,1143,4.0,0.0,0.0,32.0,21.0,0.0,25.0,9.0,14.0,,,0.0
Serie A,Julian Kristoffersen,Salernitana,NOR,FW,24,1997,1,7,0.0,0.0,0.0,1.0,0.0,1.0,0.0,0.0,0.0,,,0.0
Serie A,Lassana Coulibaly,Salernitana,MLI,MF,25,1996,31,2332,3.0,0.0,0.0,34.0,49.0,0.0,14.0,21.0,31.0,,,0.0
Serie A,Leonardo Capezzi,Salernitana,ITA,MF,26,1995,5,175,0.0,0.0,0.0,3.0,1.0,0.0,0.0,0.0,2.0,,,0.0
Serie A,Luca Ranieri,Salernitana,ITA,"DF,MF",22,1999,27,2103,9.0,0.0,0.0,16.0,10.0,2.0,66.0,26.0,23.0,,,0.0
Serie A,Luigi Sepe,Salernitana,ITA,GK,30,1991,16,1392,2.0,0.0,0.0,0.0,3.0,0.0,0.0,1.0,0.0,,,0.0
Serie A,Luka Bogdan,Salernitana,CRO,DF,25,1996,6,399,0.0,0.0,0.0,2.0,1.0,0.0,1.0,7.0,2.0,,,0.0
Serie A,Lys Mousset,Salernitana,FRA,"MF,FW",25,1996,6,160,2.0,0.0,0.0,4.0,2.0,1.0,0.0,0.0,0.0,,,0.0
Serie A,Mamadou Coulibaly,Salernitana,SEN,MF,22,1999,12,808,1.0,0.0,0.0,15.0,10.0,0.0,8.0,10.0,12.0,,,0.0
Serie A,Mario Perrone,Salernitana,ITA,DF,18,2003,1,15,0.0,0.0,0.0,1.0,0.0,0.0,0.0,0.0,0.0,,,0.0
Serie A,Matteo Ruggeri,Salernitana,ITA,"MF,DF",19,2002,14,676,1.0,0.0,0.0,1.0,2.0,1.0,30.0,3.0,4.0,,,0.0
Serie A,Mikael,Salernitana,BRA,FW,22,1999,7,87,0.0,0.0,0.0,3.0,2.0,0.0,0.0,0.0,1.0,,,0.0
Serie A,Milan Đurić,Salernitana,BIH,FW,31,1990,33,2165,6.0,0.0,0.0,24.0,45.0,6.0,2.0,3.0,1.0,,,0.0
Serie A,Nadir Zortea,Salernitana,ITA,"MF,DF",22,1999,29,1410,3.0,0.0,0.0,14.0,6.0,0.0,84.0,8.0,14.0,,,0.0
Serie A,Norbert Gyömbér,Salernitana,SVK,DF,29,1992,31,2563,9.0,0.0,0.0,47.0,15.0,0.0,19.0,46.0,35.0,,,0.0
Serie A,Pasquale Mazzocchi,Salernitana,ITA,"MF,DF",26,1995,15,1269,2.0,0.0,0.0,18.0,7.0,1.0,79.0,11.0,19.0,,,0.0
Serie A,Paweł Jaroszyński,Salernitana,POL,DF,26,1994,13,516,2.0,0.0,0.0,7.0,5.0,0.0,19.0,10.0,5.0,,,0.0
Serie A,Radu Drăgușin,Salernitana,ROU,DF,19,2002,7,488,1.0,0.0,0.0,3.0,4.0,0.0,0.0,14.0,4.0,,,0.0
Serie A,Ramzi Aya,Salernitana,ITA,DF,30,1990,2,135,1.0,0.0,0.0,1.0,0.0,0.0,1.0,0.0,1.0,,,0.0
Serie A,Riccardo Gagliolo,Salernitana,SWE,"DF,MF",31,1990,17,1138,2.0,0.0,0.0,8.0,12.0,0.0,15.0,28.0,12.0,,,0.0
Serie A,Simeon Nwankwo,Salernitana,NGA,FW,29,1992,19,842,0.0,0.0,0.0,13.0,14.0,9.0,1.0,3.0,5.0,,,0.0
Serie A,Simone Verdi,Salernitana,ITA,"MF,FW",29,1992,15,829,3.0,0.0,0.0,11.0,20.0,1.0,71.0,3.0,8.0,,,0.0
Serie A,Stefan Strandberg,Salernitana,NOR,DF,31,1990,11,933,2.0,1.0,1.0,8.0,3.0,1.0,4.0,10.0,6.0,,,1.0
Serie A,Vid Belec,Salernitana,SVN,GK,31,1990,23,1938,1.0,0.0,0.0,1.0,1.0,0.0,0.0,0.0,0.0,,,0.0
Serie A,Vincenzo Fiorillo,Salernitana,ITA,GK,31,1990,1,90,0.0,0.0,0.0,0.0,0.0,0.0,0.0,0.0,0.0,,,0.0
Serie A,Wajdi Kechrida,Salernitana,TUN,"MF,DF",25,1995,17,952,0.0,0.0,0.0,8.0,1.0,1.0,33.0,6.0,6.0,,,0.0
Serie A,Éderson Silva,Salernitana,BRA,MF,22,1999,15,1147,5.0,0.0,0.0,18.0,34.0,1.0,5.0,18.0,19.0,,,0.0
Serie A,Abdelhamid Sabiri,Sampdoria,MAR,"MF,FW",24,1996,14,893,3.0,0.0,0.0,21.0,34.0,1.0,14.0,8.0,21.0,,,0.0
Serie A,Adrien Silva,Sampdoria,POR,MF,32,1989,17,1083,3.0,1.0,0.0,13.0,17.0,0.0,6.0,26.0,12.0,,,0.0
Serie A,Albin Ekdal,Sampdoria,SWE,MF,32,1989,26,1637,11.0,1.0,1.0,31.0,40.0,0.0,2.0,30.0,26.0,,,0.0
Serie A,Alex Ferrari,Sampdoria,ITA,DF,27,1994,23,1643,4.0,0.0,0.0,29.0,24.0,0.0,7.0,39.0,25.0,,,0.0
Serie A,Andrea Conti,Sampdoria,ITA,MF,27,1994,7,234,1.0,0.0,0.0,5.0,4.0,1.0,0.0,5.0,2.0,,,0.0
Serie A,Antonio Candreva,Sampdoria,ITA,MF,34,1987,36,3119,6.0,1.0,0.0,19.0,48.0,13.0,344.0,31.0,17.0,,,0.0
Serie A,Bartosz Bereszyński,Sampdoria,POL,DF,29,1992,35,2946,12.0,0.0,0.0,34.0,37.0,0.0,61.0,37.0,38.0,,,0.0
Serie A,Emil Audero,Sampdoria,IDN,GK,24,1997,29,2560,2.0,0.0,0.0,0.0,6.0,0.0,0.0,2.0,1.0,,,0.0
Serie A,Ernesto Torregrossa,Sampdoria,VEN,FW,29,1992,10,116,1.0,0.0,0.0,7.0,7.0,5.0,0.0,0.0,1.0,,,0.0
Serie A,Fabio Depaoli,Sampdoria,ITA,MF,24,1997,6,112,1.0,0.0,0.0,8.0,1.0,0.0,3.0,1.0,1.0,,,0.0
Serie A,Fabio Quagliarella,Sampdoria,ITA,FW,38,1983,33,1664,2.0,0.0,0.0,20.0,28.0,15.0,21.0,3.0,2.0,,,0.0
Serie A,Francesco Caputo,Sampdoria,ITA,FW,33,1987,36,2790,0.0,0.0,0.0,24.0,38.0,36.0,13.0,2.0,2.0,,,0.0
Serie A,Gerard Yepes,Sampdoria,ESP,MF,18,2002,4,21,0.0,0.0,0.0,0.0,0.0,0.0,0.0,0.0,0.0,,,0.0
Serie A,Giangiacomo Magnani,Sampdoria,ITA,DF,25,1995,4,239,0.0,0.0,0.0,3.0,1.0,0.0,0.0,5.0,2.0,,,0.0
Serie A,Julian Chabot,Sampdoria,GER,DF,23,1998,11,490,5.0,0.0,0.0,10.0,11.0,0.0,1.0,9.0,10.0,,,0.0
Serie A,Kristoffer Askildsen,Sampdoria,NOR,MF,20,2001,19,754,5.0,0.0,0.0,17.0,14.0,0.0,2.0,15.0,8.0,,,1.0
Serie A,Manolo Gabbiadini,Sampdoria,ITA,"FW,MF",29,1991,18,1140,3.0,0.0,0.0,11.0,16.0,6.0,23.0,3.0,4.0,,,0.0
Serie A,Maya Yoshida,Sampdoria,JPN,DF,32,1988,26,1823,2.0,0.0,0.0,20.0,9.0,0.0,5.0,31.0,13.0,,,1.0
Serie A,Mikkel Damsgaard,Sampdoria,DEN,MF,21,2000,11,578,1.0,0.0,0.0,10.0,8.0,0.0,5.0,6.0,14.0,,,0.0
Serie A,Morten Thorsby,Sampdoria,NOR,MF,25,1996,35,2943,10.0,0.0,0.0,81.0,36.0,0.0,0.0,27.0,27.0,,,0.0
Serie A,Nicola Murru,Sampdoria,ITA,DF,26,1994,22,983,5.0,0.0,0.0,22.0,6.0,2.0,23.0,9.0,17.0,,,0.0
Serie A,Nicola Ravaglia,Sampdoria,ITA,GK,32,1988,1,5,0.0,0.0,0.0,0.0,0.0,0.0,0.0,0.0,0.0,,,0.0
Serie A,Omar Colley,Sampdoria,GAM,DF,28,1992,32,2745,6.0,1.0,0.0,25.0,31.0,1.0,1.0,79.0,36.0,,,0.0
Serie A,Radu Drăgușin,Sampdoria,ROU,DF,19,2002,13,620,1.0,0.0,0.0,6.0,5.0,1.0,4.0,10.0,2.0,,,0.0
Serie A,Riccardo Ciervo,Sampdoria,ITA,MF,19,2002,10,227,0.0,0.0,0.0,3.0,1.0,0.0,9.0,2.0,4.0,,,0.0
Serie A,Ronaldo Vieira,Sampdoria,GNB,MF,23,1998,14,495,3.0,0.0,0.0,11.0,4.0,0.0,1.0,5.0,6.0,,,0.0
Serie A,Sebastian Giovinco,Sampdoria,ITA,"FW,MF",34,1987,2,39,0.0,0.0,0.0,2.0,0.0,0.0,1.0,0.0,0.0,,,0.0
Serie A,Simone Trimboli,Sampdoria,ITA,MF,19,2002,5,65,1.0,0.0,0.0,2.0,0.0,0.0,0.0,2.0,1.0,,,0.0
Serie A,Stefano Sensi,Sampdoria,ITA,"MF,FW",25,1995,11,754,1.0,0.0,0.0,18.0,24.0,0.0,6.0,6.0,9.0,,,0.0
Serie A,Tommaso Augello,Sampdoria,ITA,DF,26,1994,36,2395,0.0,0.0,0.0,12.0,21.0,1.0,75.0,31.0,21.0,,,0.0
Serie A,Tomás Rincón,Sampdoria,VEN,MF,33,1988,17,1166,3.0,0.0,0.0,22.0,31.0,0.0,5.0,17.0,13.0,,,0.0
Serie A,Valerio Verre,Sampdoria,ITA,MF,27,1994,11,420,0.0,0.0,0.0,8.0,10.0,0.0,16.0,0.0,6.0,,,0.0
Serie A,Vladyslav Supriaha,Sampdoria,UKR,FW,21,2000,1,22,0.0,0.0,0.0,1.0,0.0,0.0,0.0,0.0,0.0,,,0.0
Serie A,Wladimiro Falcone,Sampdoria,ITA,GK,26,1995,10,855,2.0,0.0,0.0,0.0,1.0,0.0,0.0,1.0,0.0,,,0.0
Serie A,Abdou Harroui,Sassuolo,NED,MF,23,1998,22,452,2.0,0.0,0.0,13.0,2.0,0.0,7.0,4.0,4.0,,,0.0
Serie A,Andrea Consigli,Sassuolo,ITA,GK,34,1987,37,3322,2.0,0.0,0.0,2.0,5.0,0.0,0.0,0.0,0.0,,,0.0
Serie A,Brian Oddei,Sassuolo,ITA,FW,18,2002,2,8,0.0,0.0,0.0,0.0,1.0,0.0,0.0,0.0,0.0,,,0.0
Serie A,Davide Frattesi,Sassuolo,ITA,MF,21,1999,36,2854,6.0,0.0,0.0,45.0,57.0,0.0,14.0,28.0,14.0,,,1.0
Serie A,Domenico Berardi,Sassuolo,ITA,"MF,FW",26,1994,33,2819,9.0,0.0,0.0,54.0,76.0,11.0,100.0,30.0,19.0,,,0.0
Serie A,Edoardo Goldaniga,Sassuolo,ITA,DF,27,1993,1,1,0.0,0.0,0.0,0.0,0.0,0.0,0.0,0.0,0.0,,,0.0
Serie A,Emil Ceide,Sassuolo,NOR,"FW,MF",19,2001,6,53,0.0,0.0,0.0,0.0,0.0,0.0,0.0,0.0,1.0,,,0.0
Serie A,Federico Peluso,Sassuolo,ITA,DF,37,1984,2,11,0.0,0.0,0.0,1.0,0.0,0.0,0.0,0.0,1.0,,,0.0
Serie A,Filip Đuričić,Sassuolo,SRB,MF,29,1992,12,671,1.0,0.0,0.0,10.0,14.0,2.0,0.0,4.0,10.0,,,0.0
Serie A,Francesco Caputo,Sassuolo,ITA,FW,33,1987,2,156,1.0,0.0,0.0,0.0,3.0,0.0,0.0,0.0,0.0,,,0.0
Serie A,Francesco Magnanelli,Sassuolo,ITA,MF,36,1984,12,271,1.0,0.0,0.0,10.0,7.0,0.0,0.0,1.0,4.0,,,0.0
Serie A,Giacomo Raspadori,Sassuolo,ITA,"MF,FW",21,2000,36,2740,9.0,1.0,1.0,29.0,33.0,5.0,62.0,8.0,16.0,,,0.0
Serie A,Giacomo Satalino,Sassuolo,ITA,GK,22,1999,1,8,0.0,0.0,0.0,0.0,0.0,0.0,0.0,0.0,0.0,,,0.0
Serie A,Gian Marco Ferrari,Sassuolo,ITA,DF,29,1992,36,3124,6.0,1.0,1.0,25.0,37.0,1.0,1.0,44.0,13.0,,,0.0
Serie A,Gianluca Pegolo,Sassuolo,ITA,GK,40,1981,1,90,0.0,0.0,0.0,0.0,0.0,0.0,0.0,0.0,0.0,,,0.0
Serie A,Gianluca Scamacca,Sassuolo,ITA,FW,22,1999,36,2146,7.0,0.0,0.0,49.0,20.0,10.0,11.0,5.0,13.0,,,0.0
Serie A,Giorgos Kyriakopoulos,Sassuolo,GRE,"DF,MF",25,1996,29,1975,6.0,1.0,0.0,30.0,37.0,3.0,98.0,13.0,14.0,,,0.0
Serie A,Grégoire Defrel,Sassuolo,MTQ,"FW,MF",30,1991,38,1362,3.0,0.0,0.0,16.0,18.0,3.0,1.0,4.0,9.0,,,0.0
Serie A,Hamed Junior Traorè,Sassuolo,CIV,MF,21,2000,31,1775,3.0,0.0,0.0,29.0,32.0,3.0,59.0,11.0,18.0,,,0.0
Serie A,Jeremie Boga,Sassuolo,CIV,MF,24,1997,12,670,0.0,0.0,0.0,1.0,9.0,2.0,7.0,1.0,3.0,,,0.0
Serie A,Jeremy Toljan,Sassuolo,GER,DF,26,1994,20,1399,2.0,0.0,0.0,8.0,7.0,0.0,23.0,15.0,10.0,,,0.0
Serie A,Kaan Ayhan,Sassuolo,TUR,DF,26,1994,23,1354,2.0,1.0,0.0,13.0,5.0,1.0,2.0,16.0,13.0,,,0.0
Serie A,Luigi Samele,Sassuolo,ITA,FW,19,2002,2,5,0.0,0.0,0.0,0.0,0.0,0.0,0.0,0.0,0.0,,,0.0
Serie A,Matheus Henrique,Sassuolo,BRA,MF,23,1997,25,1078,3.0,0.0,0.0,18.0,13.0,0.0,12.0,7.0,4.0,,,0.0
Serie A,Maxime Lopez,Sassuolo,FRA,MF,23,1997,35,2938,14.0,0.0,0.0,37.0,31.0,0.0,17.0,44.0,41.0,,,0.0
Serie A,Mert Müldür,Sassuolo,TUR,DF,22,1999,31,2046,5.0,0.0,0.0,24.0,15.0,0.0,40.0,26.0,34.0,,,0.0
Serie A,Rogério,Sassuolo,BRA,DF,23,1998,23,1729,5.0,0.0,0.0,15.0,34.0,1.0,83.0,20.0,14.0,,,0.0
Serie A,Ruan,Sassuolo,BRA,DF,22,1999,10,214,1.0,0.0,0.0,4.0,8.0,0.0,1.0,2.0,4.0,,,0.0
Serie A,Vlad Chiricheș,Sassuolo,ROU,DF,31,1989,29,2300,4.0,0.0,0.0,28.0,13.0,1.0,0.0,43.0,15.0,,,0.0
Serie A,Aimar Sher,Spezia,IRQ,MF,18,2002,1,45,0.0,0.0,0.0,0.0,0.0,0.0,0.0,3.0,1.0,,,0.0
Serie A,Arkadiusz Reca,Spezia,POL,"DF,MF",26,1995,25,1772,3.0,0.0,0.0,22.0,13.0,0.0,37.0,31.0,18.0,,,0.0
Serie A,Aurélien Nguiamba,Spezia,FRA,MF,22,1999,3,51,1.0,0.0,0.0,1.0,0.0,0.0,0.0,0.0,3.0,,,0.0
Serie A,Daniele Verde,Spezia,ITA,"MF,FW",25,1996,33,1957,2.0,0.0,0.0,3.0,15.0,12.0,142.0,17.0,4.0,,,0.0
Serie A,Dimitris Nikolaou,Spezia,GRE,DF,22,1998,36,3240,7.0,0.0,0.0,31.0,21.0,0.0,7.0,48.0,26.0,,,1.0
Serie A,Dávid Strelec,Spezia,SVK,"MF,FW",20,2001,10,502,0.0,0.0,0.0,4.0,6.0,2.0,5.0,2.0,4.0,,,0.0
Serie A,Ebrima Colley,Spezia,GAM,"FW,MF",21,2000,11,394,1.0,0.0,0.0,10.0,12.0,2.0,18.0,3.0,2.0,,,0.0
Serie A,Eddie Salcedo,Spezia,ITA,"MF,FW",19,2001,12,429,1.0,0.0,0.0,8.0,6.0,2.0,12.0,0.0,1.0,,,0.0
Serie A,Emmanuel Gyasi,Spezia,GHA,"MF,FW",27,1994,36,3035,10.0,0.0,0.0,48.0,51.0,21.0,23.0,18.0,31.0,,,1.0
Serie A,Giulio Maggiore,Spezia,ITA,MF,23,1998,35,2819,9.0,0.0,0.0,64.0,67.0,1.0,13.0,31.0,34.0,,,0.0
Serie A,Ivan Provedel,Spezia,ITA,GK,27,1994,31,2761,2.0,0.0,0.0,2.0,4.0,0.0,0.0,2.0,0.0,,,1.0
Serie A,Jacopo Sala,Spezia,ITA,MF,29,1991,18,880,3.0,0.0,0.0,11.0,12.0,1.0,6.0,11.0,12.0,,,0.0
Serie A,Jakub Kiwior,Spezia,POL,MF,21,2000,22,1964,6.0,0.0,0.0,27.0,5.0,2.0,7.0,37.0,29.0,,,0.0
Serie A,Janis Antiste,Spezia,FRA,"FW,MF",18,2002,18,796,0.0,0.0,0.0,15.0,6.0,5.0,12.0,3.0,11.0,,,0.0
Serie A,Jeroen Zoet,Spezia,NED,GK,30,1991,7,630,0.0,0.0,0.0,1.0,3.0,0.0,0.0,0.0,0.0,,,0.0
Serie A,Kelvin Amian,Spezia,FRA,DF,23,1998,32,2646,9.0,2.0,1.0,36.0,14.0,1.0,24.0,32.0,43.0,,,0.0
Serie A,Kevin Agudelo,Spezia,COL,"MF,FW",22,1998,23,1237,2.0,1.0,0.0,36.0,24.0,0.0,22.0,7.0,27.0,,,0.0
Serie A,Luca Vignali,Spezia,ITA,MF,25,1996,2,85,0.0,0.0,0.0,0.0,0.0,1.0,2.0,1.0,1.0,,,0.0
Serie A,M'Bala Nzola,Spezia,ANG,FW,24,1996,21,1068,2.0,0.0,0.0,31.0,7.0,13.0,5.0,0.0,2.0,,,0.0
Serie A,Martin Erlić,Spezia,CRO,DF,23,1998,30,2576,5.0,0.0,0.0,28.0,19.0,0.0,2.0,28.0,16.0,,,0.0
Serie A,Mehdi Bourabia,Spezia,MAR,MF,29,1991,8,282,0.0,0.0,0.0,6.0,6.0,0.0,4.0,2.0,1.0,,,0.0
Serie A,Nicolò Bertola,Spezia,ITA,DF,18,2003,2,35,0.0,0.0,0.0,0.0,0.0,0.0,0.0,3.0,2.0,,,0.0
Serie A,Petar Zovko,Spezia,BIH,GK,19,2002,1,29,1.0,0.0,0.0,0.0,1.0,0.0,0.0,0.0,0.0,,,0.0
Serie A,Petko Hristov,Spezia,BUL,DF,22,1999,17,1248,3.0,0.0,0.0,8.0,18.0,0.0,1.0,20.0,8.0,,,0.0
Serie A,Rey Manaj,Spezia,ALB,FW,24,1997,30,1768,9.0,0.0,0.0,54.0,62.0,11.0,6.0,4.0,14.0,,,0.0
Serie A,Salvador Ferrer,Spezia,ESP,"DF,MF",23,1998,27,1495,3.0,0.0,0.0,13.0,10.0,0.0,43.0,17.0,18.0,,,0.0
Serie A,Samuel Mráz,Spezia,SVK,FW,24,1997,2,54,0.0,0.0,0.0,2.0,0.0,1.0,0.0,0.0,0.0,,,0.0
Serie A,Simone Bastoni,Spezia,ITA,"MF,DF",24,1996,31,2288,5.0,1.0,0.0,31.0,35.0,1.0,112.0,31.0,34.0,,,0.0
Serie A,Suf Podgoreanu,Spezia,ISR,MF,19,2002,5,113,0.0,0.0,0.0,2.0,2.0,0.0,8.0,1.0,0.0,,,0.0
Serie A,Viktor Kovalenko,Spezia,UKR,MF,25,1996,26,1325,4.0,0.0,0.0,15.0,20.0,0.0,24.0,14.0,11.0,,,0.0
Serie A,Alessandro Buongiorno,Torino,ITA,DF,22,1999,23,1181,5.0,0.0,0.0,27.0,16.0,1.0,6.0,30.0,9.0,,,0.0
Serie A,Andrea Belotti,Torino,ITA,FW,27,1993,22,1371,1.0,0.0,0.0,26.0,51.0,16.0,13.0,2.0,3.0,,,0.0
Serie A,Antonio Sanabria,Torino,PAR,FW,25,1996,29,1803,3.0,0.0,0.0,26.0,34.0,21.0,3.0,2.0,2.0,,,0.0
Serie A,Armando Izzo,Torino,ITA,DF,29,1992,11,526,4.0,0.0,0.0,16.0,12.0,0.0,3.0,19.0,8.0,,,0.0
Serie A,Ben Lhassine Kone,Torino,CIV,MF,21,2000,1,81,0.0,0.0,0.0,1.0,0.0,0.0,0.0,1.0,3.0,,,0.0
Serie A,Cristian Ansaldi,Torino,ARG,MF,34,1986,19,691,2.0,0.0,0.0,13.0,4.0,2.0,56.0,6.0,8.0,,,0.0
Serie A,Daniele Baselli,Torino,ITA,MF,29,1992,6,150,0.0,0.0,0.0,3.0,4.0,1.0,4.0,1.0,3.0,,,0.0
Serie A,David Zima,Torino,CZE,DF,20,2000,20,1314,3.0,0.0,0.0,16.0,5.0,1.0,3.0,23.0,14.0,,,0.0
Serie A,Demba Seck,Torino,SEN,MF,20,2001,6,146,0.0,0.0,0.0,2.0,2.0,2.0,2.0,0.0,2.0,,,0.0
Serie A,Dennis Praet,Torino,BEL,MF,27,1994,23,1539,3.0,0.0,0.0,21.0,17.0,3.0,46.0,4.0,10.0,,,0.0
Serie A,Etrit Berisha,Torino,ALB,GK,32,1989,10,900,1.0,0.0,0.0,1.0,3.0,0.0,0.0,0.0,0.0,,,0.0
Serie A,Gleison Bremer,Torino,BRA,DF,24,1997,33,2890,7.0,0.0,0.0,66.0,20.0,5.0,1.0,106.0,25.0,,,0.0
Serie A,Josip Brekalo,Torino,CRO,MF,23,1998,32,2286,1.0,0.0,0.0,20.0,21.0,5.0,136.0,5.0,4.0,,,0.0
Serie A,Karol Linetty,Torino,POL,MF,26,1995,16,896,2.0,0.0,0.0,30.0,10.0,0.0,8.0,5.0,9.0,,,0.0
Serie A,Koffi Djidji,Torino,CIV,DF,28,1992,25,1735,6.0,1.0,1.0,25.0,7.0,1.0,16.0,31.0,29.0,,,0.0
Serie A,Luca Gemello,Torino,ITA,GK,21,2000,1,90,0.0,0.0,0.0,0.0,0.0,0.0,0.0,0.0,0.0,,,0.0
Serie A,Magnus Warming,Torino,DEN,FW,21,2000,4,58,0.0,0.0,0.0,1.0,0.0,1.0,5.0,0.0,1.0,,,0.0
Serie A,Marko Pjaca,Torino,CRO,MF,26,1995,24,1149,0.0,0.0,0.0,11.0,14.0,2.0,17.0,5.0,4.0,,,0.0
Serie A,Mërgim Vojvoda,Torino,KVX,MF,26,1995,29,1976,3.0,0.0,0.0,21.0,9.0,1.0,72.0,22.0,22.0,,,0.0
Serie A,Ola Aina,Torino,NGA,MF,24,1996,21,1437,4.0,0.0,0.0,18.0,28.0,1.0,35.0,29.0,20.0,,,0.0
Serie A,Pietro Pellegri,Torino,ITA,FW,20,2001,9,216,1.0,0.0,0.0,10.0,6.0,4.0,0.0,0.0,1.0,,,0.0
Serie A,Ricardo Rodríguez,Torino,SUI,DF,28,1992,34,2473,3.0,0.0,0.0,26.0,11.0,0.0,68.0,40.0,20.0,,,0.0
Serie A,Rolando Mandragora,Torino,ITA,MF,24,1997,21,1319,7.0,1.0,1.0,26.0,22.0,1.0,46.0,9.0,11.0,,,0.0
Serie A,Samuele Ricci,Torino,ITA,MF,19,2001,12,722,1.0,0.0,0.0,14.0,14.0,2.0,0.0,14.0,5.0,,,0.0
Serie A,Saša Lukić,Torino,SRB,MF,24,1996,35,2982,10.0,0.0,0.0,85.0,46.0,1.0,25.0,27.0,34.0,,,0.0
Serie A,Simone Verdi,Torino,ITA,"FW,MF",29,1992,3,46,0.0,0.0,0.0,1.0,1.0,1.0,3.0,0.0,1.0,,,0.0
Serie A,Simone Zaza,Torino,ITA,FW,30,1991,10,129,1.0,0.0,0.0,5.0,2.0,2.0,1.0,0.0,2.0,,,0.0
Serie A,Tommaso Pobega,Torino,ITA,MF,22,1999,33,2240,11.0,0.0,0.0,75.0,38.0,2.0,18.0,27.0,29.0,,,0.0
Serie A,Tomás Rincón,Torino,VEN,MF,33,1988,7,163,2.0,0.0,0.0,5.0,2.0,0.0,1.0,2.0,2.0,,,0.0
Serie A,Vanja Milinković-Savić,Torino,SRB,GK,24,1997,27,2430,3.0,0.0,0.0,2.0,1.0,0.0,0.0,0.0,0.0,,,0.0
Serie A,Wilfried Singo,Torino,CIV,MF,20,2000,35,2607,5.0,1.0,0.0,43.0,59.0,8.0,79.0,22.0,39.0,,,0.0
Serie A,Beto,Udinese,GNB,FW,23,1998,28,2173,1.0,0.0,0.0,52.0,24.0,13.0,3.0,5.0,7.0,,,0.0
Serie A,Bram Nuytinck,Udinese,NED,DF,31,1990,27,2033,2.0,0.0,0.0,16.0,4.0,0.0,6.0,22.0,23.0,,,0.0
Serie A,Brandon Soppy,Udinese,FRA,MF,19,2002,28,777,4.0,0.0,0.0,23.0,33.0,0.0,13.0,5.0,10.0,,,0.0
Serie A,Daniele Padelli,Udinese,ITA,GK,35,1985,3,270,0.0,0.0,0.0,0.0,0.0,0.0,0.0,0.0,0.0,,,0.0
Serie A,Destiny Udogie,Udinese,ITA,"MF,DF",18,2002,35,2477,4.0,0.0,0.0,36.0,34.0,4.0,16.0,25.0,40.0,,,0.0
Serie A,Fernando Forestieri,Udinese,ITA,"FW,MF",31,1990,4,58,1.0,0.0,0.0,3.0,4.0,0.0,4.0,0.0,0.0,,,0.0
Serie A,Filip Benković,Udinese,CRO,DF,24,1997,2,8,0.0,0.0,0.0,1.0,0.0,0.0,0.0,0.0,0.0,,,0.0
Serie A,Gerard Deulofeu,Udinese,ESP,"FW,MF",27,1994,34,2616,9.0,0.0,0.0,25.0,31.0,33.0,165.0,10.0,5.0,,,0.0
Serie A,Ignacio Pussetto,Udinese,ARG,"FW,MF",25,1995,28,1204,4.0,0.0,0.0,30.0,27.0,9.0,22.0,5.0,10.0,,,0.0
Serie A,Ilija Nestorovski,Udinese,MKD,FW,31,1990,7,188,1.0,0.0,0.0,3.0,7.0,2.0,2.0,0.0,0.0,,,0.0
Serie A,Isaac Success,Udinese,NGA,FW,25,1996,22,911,1.0,1.0,0.0,24.0,39.0,5.0,6.0,2.0,2.0,,,0.0
Serie A,Jean-Victor Makengo,Udinese,FRA,MF,23,1998,33,2351,7.0,1.0,1.0,27.0,38.0,1.0,8.0,20.0,23.0,,,0.0
Serie A,Jens Stryger Larsen,Udinese,DEN,"MF,DF",30,1991,11,684,0.0,0.0,0.0,3.0,3.0,1.0,21.0,6.0,2.0,,,1.0
Serie A,Lazar Samardzic,Udinese,SRB,MF,19,2002,22,490,0.0,0.0,0.0,11.0,3.0,0.0,33.0,2.0,9.0,,,0.0
Serie A,Marco Silvestri,Udinese,ITA,GK,30,1991,35,3150,1.0,0.0,0.0,1.0,5.0,0.0,0.0,2.0,0.0,,,0.0
Serie A,Marvin Zeegelaar,Udinese,NED,"DF,MF",30,1990,14,643,2.0,0.0,0.0,13.0,4.0,2.0,2.0,11.0,10.0,,,0.0
Serie A,Mato Jajalo,Udinese,BIH,MF,33,1988,22,629,2.0,0.0,0.0,12.0,7.0,0.0,4.0,11.0,14.0,,,0.0
Serie A,Nahuel Molina,Udinese,ARG,MF,23,1998,35,2638,7.0,1.0,1.0,31.0,16.0,1.0,116.0,19.0,25.0,,,0.0
Serie A,Nehuén Pérez,Udinese,ARG,DF,21,2000,20,1692,6.0,0.0,0.0,30.0,9.0,0.0,2.0,21.0,20.0,,,0.0
Serie A,Pablo Marí,Udinese,ESP,DF,27,1993,15,1341,2.0,1.0,0.0,20.0,4.0,0.0,3.0,22.0,10.0,,,0.0
Serie A,Riccardo Pinzi,Udinese,ITA,MF,17,2003,1,1,0.0,0.0,0.0,0.0,0.0,0.0,0.0,0.0,0.0,,,0.0
Serie A,Roberto Pereyra,Udinese,ARG,"MF,FW",30,1991,24,1794,10.0,1.0,1.0,33.0,34.0,1.0,24.0,12.0,11.0,,,0.0
Serie A,Rodrigo Becão,Udinese,BRA,DF,25,1996,35,3130,10.0,0.0,0.0,57.0,45.0,4.0,17.0,43.0,46.0,,,0.0
Serie A,Samir Santos,Udinese,BRA,DF,26,1994,17,1421,5.0,0.0,0.0,33.0,16.0,0.0,11.0,41.0,18.0,,,0.0
Serie A,Sebastien De Maio,Udinese,FRA,DF,34,1987,2,180,0.0,0.0,0.0,3.0,0.0,0.0,0.0,1.0,1.0,,,0.0
Serie A,Simone Pafundi,Udinese,ITA,FW,15,2006,1,23,0.0,0.0,0.0,1.0,0.0,0.0,0.0,0.0,0.0,,,0.0
Serie A,Stefano Okaka,Udinese,ITA,FW,31,1989,2,22,1.0,0.0,0.0,1.0,0.0,1.0,0.0,0.0,0.0,,,0.0
Serie A,Tolgay Arslan,Udinese,GER,MF,30,1990,30,1658,9.0,0.0,0.0,28.0,36.0,0.0,33.0,11.0,21.0,,,0.0
Serie A,Walace,Udinese,BRA,MF,26,1995,36,2970,6.0,1.0,0.0,47.0,37.0,1.0,9.0,56.0,48.0,,,0.0
Serie A,Aleš Matějů,Venezia,CZE,"DF,MF",25,1996,9,727,3.0,0.0,0.0,13.0,8.0,1.0,22.0,8.0,11.0,,,0.0
Serie A,Antonio Vacca,Venezia,ITA,MF,31,1990,21,1064,5.0,0.0,0.0,21.0,9.0,0.0,0.0,22.0,20.0,,,0.0
Serie A,Arnór Sigurðsson,Venezia,ISL,"FW,MF",22,1999,9,183,0.0,0.0,0.0,2.0,1.0,0.0,3.0,1.0,1.0,,,0.0
Serie A,Bjarki Bjarkason,Venezia,ISL,MF,21,2000,1,3,0.0,0.0,0.0,0.0,1.0,0.0,0.0,0.0,0.0,,,0.0
Serie A,Cristian Molinaro,Venezia,ITA,DF,38,1983,8,548,0.0,0.0,0.0,7.0,8.0,1.0,16.0,5.0,10.0,,,0.0
Serie A,Daan Heymans,Venezia,BEL,MF,22,1999,7,256,4.0,0.0,0.0,8.0,2.0,0.0,3.0,4.0,1.0,,,0.0
Serie A,David Okereke,Venezia,NGA,"FW,MF",23,1997,32,2053,5.0,1.0,0.0,29.0,32.0,9.0,27.0,11.0,9.0,,,0.0
Serie A,David Schnegg,Venezia,AUT,DF,22,1998,4,142,1.0,0.0,0.0,3.0,0.0,1.0,3.0,3.0,0.0,,,0.0
Serie A,Dennis Johnsen,Venezia,NOR,"FW,MF",23,1998,26,1445,2.0,0.0,0.0,9.0,12.0,13.0,43.0,5.0,9.0,,,0.0
Serie A,Domen Črnigoj,Venezia,SVN,MF,25,1995,34,1881,3.0,0.0,0.0,26.0,12.0,1.0,30.0,24.0,13.0,,,0.0
Serie A,Dor Peretz,Venezia,ISR,MF,26,1995,18,585,2.0,0.0,0.0,10.0,8.0,0.0,2.0,8.0,18.0,,,0.0
Serie A,Ethan Ampadu,Venezia,WAL,"MF,DF",20,2000,29,2282,13.0,2.0,1.0,46.0,27.0,0.0,20.0,53.0,44.0,,,0.0
Serie A,Francesco Di Mariano,Venezia,ITA,FW,25,1996,1,62,0.0,0.0,0.0,1.0,1.0,0.0,1.0,0.0,1.0,,,0.0
Serie A,Francesco Forte,Venezia,ITA,FW,28,1993,12,422,3.0,0.0,0.0,11.0,7.0,2.0,2.0,0.0,2.0,,,0.0
Serie A,Gianluca Busio,Venezia,USA,MF,19,2002,29,1950,8.0,0.0,0.0,31.0,17.0,0.0,38.0,23.0,29.0,,,0.0
Serie A,Hilmir Mikaelsson,Venezia,ISL,FW,17,2004,1,18,0.0,0.0,0.0,0.0,0.0,0.0,0.0,0.0,0.0,,,0.0
Serie A,Issa Bah,Venezia,LUX,FW,19,2002,1,9,0.0,0.0,0.0,0.0,1.0,0.0,0.0,0.0,0.0,,,0.0
Serie A,Jacopo Dezi,Venezia,ITA,MF,29,1992,1,16,0.0,0.0,0.0,0.0,0.0,0.0,3.0,0.0,0.0,,,0.0
Serie A,Jean-Pierre Nsame,Venezia,CMR,FW,28,1993,11,245,0.0,0.0,0.0,6.0,3.0,3.0,1.0,0.0,1.0,,,0.0
Serie A,Luca Fiordilino,Venezia,ITA,MF,25,1996,15,661,2.0,0.0,0.0,5.0,10.0,2.0,9.0,10.0,14.0,,,0.0
Serie A,Luca Lezzerini,Venezia,ITA,GK,26,1995,6,495,2.0,0.0,0.0,0.0,0.0,0.0,0.0,0.0,0.0,,,0.0
Serie A,Marco Modolo,Venezia,ITA,DF,32,1989,6,392,2.0,0.0,0.0,6.0,3.0,0.0,0.0,4.0,3.0,,,0.0
Serie A,Mattia Aramu,Venezia,ITA,"MF,FW",26,1995,32,2100,6.0,0.0,0.0,30.0,81.0,7.0,147.0,7.0,14.0,,,0.0
Serie A,Mattia Caldara,Venezia,ITA,DF,27,1994,31,2704,9.0,0.0,0.0,28.0,22.0,3.0,1.0,63.0,27.0,,,0.0
Serie A,Maximilian Ullmann,Venezia,AUT,"MF,DF",25,1996,5,246,0.0,0.0,0.0,2.0,1.0,0.0,4.0,2.0,0.0,,,0.0
Serie A,Michael Svoboda,Venezia,AUT,DF,22,1998,18,1236,2.0,1.0,0.0,9.0,4.0,0.0,1.0,10.0,18.0,,,0.0
Serie A,Mickaël Cuisance,Venezia,FRA,MF,21,1999,13,918,2.0,0.0,0.0,12.0,9.0,1.0,18.0,11.0,10.0,,,0.0
Serie A,Nani,Venezia,POR,"MF,FW",34,1986,10,287,1.0,0.0,0.0,2.0,8.0,0.0,13.0,2.0,1.0,,,0.0
Serie A,Nicolas Galazzi,Venezia,ITA,MF,20,2000,1,16,0.0,0.0,0.0,2.0,0.0,0.0,3.0,0.0,1.0,,,0.0
Serie A,Niki Mäenpää,Venezia,FIN,GK,36,1985,17,1485,1.0,0.0,0.0,1.0,1.0,0.0,0.0,0.0,0.0,,,0.0
Serie A,Pasquale Mazzocchi,Venezia,ITA,DF,26,1995,18,1243,3.0,0.0,0.0,22.0,6.0,0.0,46.0,22.0,8.0,,,0.0
Serie A,Patrick Leal,Venezia,USA,MF,18,2003,1,2,0.0,0.0,0.0,0.0,0.0,0.0,0.0,0.0,0.0,,,0.0
Serie A,Pietro Ceccaroni,Venezia,ITA,DF,25,1995,35,3122,7.0,1.0,0.0,27.0,26.0,0.0,12.0,27.0,30.0,,,0.0
Serie A,Ridgeciano Haps,Venezia,SUR,"DF,MF",28,1993,25,2056,6.0,0.0,0.0,22.0,43.0,2.0,34.0,28.0,19.0,,,0.0
Serie A,Sergio Romero,Venezia,ARG,GK,34,1987,16,1440,2.0,0.0,0.0,1.0,0.0,0.0,0.0,1.0,2.0,,,0.0
Serie A,Sofian Kiyine,Venezia,MAR,"MF,FW",23,1997,26,1239,8.0,1.0,0.0,48.0,11.0,0.0,48.0,10.0,14.0,,,0.0
Serie A,Tanner Tessmann,Venezia,USA,MF,19,2001,20,680,1.0,1.0,0.0,10.0,8.0,0.0,4.0,4.0,4.0,,,0.0
Serie A,Thomas Henry,Venezia,FRA,FW,26,1994,33,2115,6.0,1.0,1.0,50.0,69.0,14.0,5.0,2.0,5.0,,,2.0
Serie A,Tyronne Ebuehi,Venezia,NGA,DF,25,1995,19,1138,1.0,1.0,0.0,22.0,4.0,1.0,28.0,17.0,12.0,,,0.0
