liga,player,team,nation,pos,age,born,mp,min
Bundesliga,Aaron Zehnter,Augsburg,GER,MF,17,2004,1,1
Bundesliga,André Hahn,Augsburg,GER,"MF,FW",31,1990,7,391
Bundesliga,Arne Engels,Augsburg,BEL,MF,18,2003,18,1440
Bundesliga,Arne Maier,Augsburg,GER,MF,23,1999,30,1960
Bundesliga,Carlos Gruezo,Augsburg,ECU,MF,27,1995,13,961
Bundesliga,Daniel Caligiuri,Augsburg,ITA,MF,34,1988,13,290
Bundesliga,David Čolina,Augsburg,CRO,"DF,MF",22,2000,7,166
Bundesliga,Dion Drena Beljo,Augsburg,CRO,FW,20,2002,18,1128
Bundesliga,Elvis Rexhbeçaj,Augsburg,KVX,MF,24,1997,31,2524
Bundesliga,Ermedin Demirović,Augsburg,BIH,"FW,MF",24,1998,30,2366
Bundesliga,Florian Niederlechner,Augsburg,GER,"FW,MF",31,1990,14,910
Bundesliga,Frederik Winther,Augsburg,DEN,DF,21,2001,1,90
Bundesliga,Fredrik Jensen,Augsburg,FIN,"FW,MF",24,1997,20,924
Bundesliga,Iago,Augsburg,BRA,"DF,MF",25,1997,22,1600
Bundesliga,Irvin Cardona,Augsburg,MLT,"FW,MF",24,1997,10,318
Bundesliga,Jeffrey Gouweleeuw,Augsburg,NED,DF,31,1991,32,2795
Bundesliga,Julian Baumgartlinger,Augsburg,AUT,MF,34,1988,16,554
Bundesliga,Kelvin Yeboah,Augsburg,ITA,FW,22,2000,13,353
Bundesliga,Lukas Petkov,Augsburg,BUL,"FW,MF",21,2000,7,146
Bundesliga,Mads Pedersen,Augsburg,DEN,"DF,MF",25,1996,28,1838
Bundesliga,Maximilian Bauer,Augsburg,GER,DF,22,2000,27,1846
Bundesliga,Mergim Berisha,Augsburg,GER,FW,24,1998,23,1679
Bundesliga,Nathanaël Mbuku,Augsburg,COD,"FW,MF",20,2002,2,34
Bundesliga,Niklas Dorsch,Augsburg,GER,MF,24,1998,11,483
Bundesliga,Noah Sarenren Bazee,Augsburg,NGA,"FW,MF",25,1996,2,20
Bundesliga,Ohis Felix Uduokhai,Augsburg,GER,DF,24,1997,19,1450
Bundesliga,Rafał Gikiewicz,Augsburg,POL,GK,34,1987,23,2070
Bundesliga,Raphael Framberger,Augsburg,GER,"MF,DF",26,1995,3,176
Bundesliga,Reece Oxford,Augsburg,ENG,DF,23,1998,3,94
Bundesliga,Renato Veiga,Augsburg,POR,DF,19,2003,13,639
Bundesliga,Ricardo Pepi,Augsburg,USA,FW,19,2003,4,95
Bundesliga,Robert Gumny,Augsburg,POL,DF,24,1998,29,2015
Bundesliga,Ruben Vargas,Augsburg,SUI,MF,23,1998,23,1130
Bundesliga,Tomáš Koubek,Augsburg,CZE,GK,29,1992,11,990
Bundesliga,Alphonso Davies,Bayern Munich,CAN,"DF,MF",21,2000,26,2042
Bundesliga,Arijon Ibrahimović,Bayern Munich,GER,MF,16,2005,1,14
Bundesliga,Benjamin Pavard,Bayern Munich,FRA,DF,26,1996,30,2431
Bundesliga,Bouna Sarr,Bayern Munich,SEN,"DF,MF",30,1992,1,3
Bundesliga,Daley Blind,Bayern Munich,NED,DF,32,1990,4,134
Bundesliga,Dayot Upamecano,Bayern Munich,FRA,DF,23,1998,29,2348
Bundesliga,Eric Maxim Choupo-Moting,Bayern Munich,CMR,FW,33,1989,19,1112
Bundesliga,Gabriel Vidovic,Bayern Munich,CRO,MF,18,2003,1,19
Bundesliga,Jamal Musiala,Bayern Munich,GER,MF,19,2003,33,2198
Bundesliga,Joshua Kimmich,Bayern Munich,GER,MF,27,1995,33,2809
Bundesliga,Josip Stanišić,Bayern Munich,CRO,DF,22,2000,14,579
Bundesliga,João Cancelo,Bayern Munich,POR,"DF,MF",28,1994,15,1012
Bundesliga,Kingsley Coman,Bayern Munich,FRA,MF,26,1996,24,1409
Bundesliga,Leon Goretzka,Bayern Munich,GER,MF,27,1995,27,1728
Bundesliga,Leroy Sané,Bayern Munich,GER,MF,26,1996,32,2010
Bundesliga,Lucas Hernández,Bayern Munich,FRA,DF,26,1996,7,476
Bundesliga,Manuel Neuer,Bayern Munich,GER,GK,36,1986,12,1080
Bundesliga,Marcel Sabitzer,Bayern Munich,AUT,MF,28,1994,15,628
Bundesliga,Mathys Tel,Bayern Munich,FRA,MF,17,2005,22,417
Bundesliga,Matthijs de Ligt,Bayern Munich,NED,DF,22,1999,31,2403
Bundesliga,Noussair Mazraoui,Bayern Munich,MAR,DF,24,1997,19,1075
Bundesliga,Paul Wanner,Bayern Munich,AUT,MF,16,2005,2,25
Bundesliga,Ryan Gravenberch,Bayern Munich,NED,MF,20,2002,24,576
Bundesliga,Sadio Mané,Bayern Munich,SEN,"MF,FW",30,1992,25,1425
Bundesliga,Serge Gnabry,Bayern Munich,GER,"MF,FW",27,1995,34,1941
Bundesliga,Sven Ulreich,Bayern Munich,GER,GK,33,1988,3,270
Bundesliga,Thomas Müller,Bayern Munich,GER,"MF,FW",32,1989,27,1665
Bundesliga,Yann Sommer,Bayern Munich,SUI,GK,33,1988,19,1710
Bundesliga,Anthony Losilla,Bochum,FRA,MF,36,1986,31,2720
Bundesliga,Christopher Antwi-Adjei,Bochum,GHA,"FW,MF",28,1994,29,1981
Bundesliga,Cristian Gamboa,Bochum,CRC,DF,32,1989,19,1477
Bundesliga,Danilo Soares,Bochum,BRA,DF,30,1991,23,1766
Bundesliga,Dominique Heintz,Bochum,GER,DF,28,1993,11,795
Bundesliga,Erhan Mašović,Bochum,SRB,"DF,MF",23,1998,29,2178
Bundesliga,Gerrit Holtmann,Bochum,PHI,"MF,FW",27,1995,23,945
Bundesliga,Ivan Ordets,Bochum,UKR,DF,30,1992,30,2449
Bundesliga,Jacek Góralski,Bochum,POL,MF,29,1992,4,146
Bundesliga,Jannes Horn,Bochum,GER,DF,25,1997,2,59
Bundesliga,Jordi Osei-Tutu,Bochum,ENG,"MF,DF",23,1998,20,749
Bundesliga,Keven Schlotterbeck,Bochum,GER,DF,25,1997,13,734
Bundesliga,Kevin Stöger,Bochum,AUT,MF,28,1993,32,2599
Bundesliga,Kostas Stafylidis,Bochum,GRE,"DF,MF",28,1993,19,1043
Bundesliga,Manuel Riemann,Bochum,GER,GK,33,1988,34,3060
Bundesliga,Moritz Broschinski,Bochum,GER,FW,21,2000,11,213
Bundesliga,Patrick Osterhage,Bochum,GER,MF,22,2000,23,1029
Bundesliga,Philipp Förster,Bochum,GER,MF,27,1995,25,1309
Bundesliga,Philipp Hofmann,Bochum,GER,FW,29,1993,34,2631
Bundesliga,Pierre Kunde,Bochum,CMR,MF,27,1995,12,377
Bundesliga,Saidy Janko,Bochum,GAM,DF,26,1995,20,1134
Bundesliga,Silvère Ganvoula,Bochum,CGO,FW,26,1996,16,247
Bundesliga,Simon Zoller,Bochum,GER,"FW,MF",31,1991,27,1457
Bundesliga,Takuma Asano,Bochum,JPN,"MF,FW",27,1994,25,1713
Bundesliga,Tim Oermann,Bochum,GER,DF,18,2003,4,194
Bundesliga,Vassilis Lambropoulos,Bochum,GRE,DF,32,1990,15,627
Bundesliga,Alexander Meyer,Dortmund,GER,GK,31,1991,7,630
Bundesliga,Anthony Modeste,Dortmund,FRA,FW,34,1988,19,813
Bundesliga,Antonios Papadopoulos,Dortmund,GER,"DF,MF",22,1999,1,13
Bundesliga,Donyell Malen,Dortmund,NED,"MF,FW",23,1999,26,1706
Bundesliga,Emre Can,Dortmund,GER,MF,28,1994,27,1900
Bundesliga,Felix Passlack,Dortmund,GER,"DF,MF",24,1998,3,64
Bundesliga,Gio Reyna,Dortmund,USA,MF,19,2002,22,625
Bundesliga,Gregor Kobel,Dortmund,SUI,GK,24,1997,27,2430
Bundesliga,Jamie Gittens,Dortmund,ENG,"MF,FW",17,2004,15,533
Bundesliga,Jude Bellingham,Dortmund,ENG,MF,19,2003,31,2691
Bundesliga,Julian Brandt,Dortmund,GER,MF,26,1996,32,2397
Bundesliga,Julian Ryerson,Dortmund,NOR,DF,24,1997,17,1410
Bundesliga,Julien Duranville,Dortmund,BEL,FW,16,2006,1,29
Bundesliga,Justin Njinmah,Dortmund,GER,"FW,MF",21,2000,1,22
Bundesliga,Karim Adeyemi,Dortmund,GER,"MF,FW",20,2002,24,1386
Bundesliga,Mahmoud Dahoud,Dortmund,GER,MF,26,1996,9,337
Bundesliga,Marco Pašalić,Dortmund,CRO,MF,21,2000,1,11
Bundesliga,Marco Reus,Dortmund,GER,MF,33,1989,25,1353
Bundesliga,Marius Wolf,Dortmund,GER,DF,27,1995,25,1570
Bundesliga,Mats Hummels,Dortmund,GER,DF,33,1988,30,2018
Bundesliga,Nico Schlotterbeck,Dortmund,GER,DF,22,1999,28,2252
Bundesliga,Niklas Süle,Dortmund,GER,DF,26,1995,29,2118
Bundesliga,Raphaël Guerreiro,Dortmund,POR,"DF,MF",28,1993,27,2290
Bundesliga,Salih Özcan,Dortmund,TUR,MF,24,1998,26,1576
Bundesliga,Soumaïla Coulibaly,Dortmund,FRA,DF,18,2003,1,45
Bundesliga,Sébastien Haller,Dortmund,CIV,FW,28,1994,19,1225
Bundesliga,Thomas Meunier,Dortmund,BEL,"DF,MF",30,1991,10,585
Bundesliga,Thorgan Hazard,Dortmund,BEL,"MF,DF",29,1993,14,464
Bundesliga,Tom Rothe,Dortmund,GER,"DF,MF",17,2004,2,26
Bundesliga,Youssoufa Moukoko,Dortmund,GER,FW,17,2004,26,1141
Bundesliga,Almamy Touré,Frankfurt,MLI,DF,26,1996,7,398
Bundesliga,Ansgar Knauff,Frankfurt,GER,MF,20,2002,24,1286
Bundesliga,Aurélio Buta,Frankfurt,POR,MF,25,1997,18,1318
Bundesliga,Christopher Lenz,Frankfurt,GER,"MF,DF",27,1994,24,1290
Bundesliga,Daichi Kamada,Frankfurt,JPN,MF,25,1996,32,2265
Bundesliga,Dario Gebuhr,Frankfurt,GER,DF,19,2003,1,21
Bundesliga,Diant Ramaj,Frankfurt,GER,GK,20,2001,1,90
Bundesliga,Djibril Sow,Frankfurt,SUI,MF,25,1997,32,2646
Bundesliga,Faride Alidou,Frankfurt,GER,FW,21,2001,15,182
Bundesliga,Filip Kostić,Frankfurt,SRB,MF,29,1992,1,74
Bundesliga,Hrvoje Smolčić,Frankfurt,CRO,DF,21,2000,9,471
Bundesliga,Jesper Lindstrøm,Frankfurt,DEN,MF,22,2000,27,1679
Bundesliga,Junior Dina Ebimbe,Frankfurt,CMR,MF,21,2000,19,1063
Bundesliga,Kevin Trapp,Frankfurt,GER,GK,32,1990,33,2970
Bundesliga,Kristijan Jakić,Frankfurt,CRO,"DF,MF",25,1997,24,1460
Bundesliga,Luca Pellegrini,Frankfurt,ITA,"DF,MF",23,1999,9,557
Bundesliga,Lucas Alario,Frankfurt,ARG,FW,29,1992,20,331
Bundesliga,Makoto Hasebe,Frankfurt,JPN,DF,38,1984,18,1306
Bundesliga,Marcel Wenig,Frankfurt,GER,MF,18,2004,1,4
Bundesliga,Mario Götze,Frankfurt,GER,MF,30,1992,32,2740
Bundesliga,Obite N'Dicka,Frankfurt,CIV,DF,22,1999,30,2692
Bundesliga,Paxten Aaronson,Frankfurt,USA,MF,18,2003,7,173
Bundesliga,Philipp Max,Frankfurt,GER,MF,28,1993,10,694
Bundesliga,Rafael Borré,Frankfurt,COL,"MF,FW",26,1995,32,1078
Bundesliga,Randal Kolo Muani,Frankfurt,FRA,FW,23,1998,32,2631
Bundesliga,Sebastian Rode,Frankfurt,GER,MF,31,1990,27,1414
Bundesliga,Timothy Chandler,Frankfurt,USA,"DF,MF",32,1990,6,86
Bundesliga,Tuta,Frankfurt,BRA,DF,23,1999,31,2718
Bundesliga,Christian Günter,Freiburg,GER,"DF,MF",29,1993,33,2748
Bundesliga,Daniel Kyereh,Freiburg,GHA,"MF,FW",26,1996,12,559
Bundesliga,Hugo Siquet,Freiburg,BEL,"DF,MF",20,2002,2,17
Bundesliga,Jeong Woo-yeong,Freiburg,KOR,"MF,FW",22,1999,26,653
Bundesliga,Jonathan Schmid,Freiburg,FRA,"DF,MF",32,1990,3,41
Bundesliga,Kenneth Schmidt,Freiburg,GER,DF,20,2002,5,251
Bundesliga,Keven Schlotterbeck,Freiburg,GER,DF,25,1997,2,14
Bundesliga,Kevin Schade,Freiburg,GER,MF,20,2001,8,182
Bundesliga,Kiliann Sildillia,Freiburg,FRA,"DF,MF",20,2002,27,1977
Bundesliga,Kimberly Ezekwem,Freiburg,GER,DF,21,2001,1,8
Bundesliga,Lucas Höler,Freiburg,GER,"FW,MF",28,1994,26,1503
Bundesliga,Lukas Kübler,Freiburg,GER,"DF,MF",29,1992,22,1639
Bundesliga,Manuel Gulde,Freiburg,GER,DF,31,1991,15,643
Bundesliga,Mark Flekken,Freiburg,NED,GK,29,1993,34,3060
Bundesliga,Matthias Ginter,Freiburg,GER,DF,28,1994,34,3060
Bundesliga,Maximilian Eggestein,Freiburg,GER,MF,25,1996,31,2451
Bundesliga,Merlin Röhl,Freiburg,GER,MF,20,2002,3,57
Bundesliga,Michael Gregoritsch,Freiburg,AUT,FW,28,1994,30,2150
Bundesliga,Nicolas Höfler,Freiburg,GER,MF,32,1990,32,2816
Bundesliga,Nils Petersen,Freiburg,GER,FW,33,1988,27,277
Bundesliga,Noah Weißhaupt,Freiburg,GER,MF,20,2001,18,427
Bundesliga,Philipp Lienhart,Freiburg,AUT,DF,26,1996,29,2498
Bundesliga,Ritsu Doan,Freiburg,JPN,"MF,FW",24,1998,33,2424
Bundesliga,Robert Wagner,Freiburg,GER,MF,19,2003,4,38
Bundesliga,Roland Sallai,Freiburg,HUN,"MF,FW",25,1997,19,1002
Bundesliga,Vincenzo Grifo,Freiburg,ITA,"MF,FW",29,1993,33,2408
Bundesliga,Yannik Keitel,Freiburg,GER,MF,22,2000,22,682
Bundesliga,Alassane Pléa,Gladbach,FRA,"MF,FW",29,1993,29,1774
Bundesliga,Christoph Kramer,Gladbach,GER,MF,31,1991,29,2222
Bundesliga,Florian Neuhaus,Gladbach,GER,MF,25,1997,23,1405
Bundesliga,Hannes Wolf,Gladbach,AUT,MF,23,1999,18,449
Bundesliga,Jan Olschowsky,Gladbach,GER,GK,20,2001,4,360
Bundesliga,Joe Scally,Gladbach,USA,DF,19,2002,28,2208
Bundesliga,Jonas Hofmann,Gladbach,GER,MF,30,1992,31,2680
Bundesliga,Jonas Omlin,Gladbach,SUI,GK,28,1994,15,1290
Bundesliga,Julian Weigl,Gladbach,GER,MF,26,1995,23,1894
Bundesliga,Ko Itakura,Gladbach,JPN,DF,25,1997,24,1981
Bundesliga,Lars Stindl,Gladbach,GER,MF,33,1988,29,1734
Bundesliga,Luca Netz,Gladbach,GER,"DF,MF",19,2003,20,702
Bundesliga,Manu Koné,Gladbach,FRA,MF,21,2001,30,2608
Bundesliga,Marcus Thuram,Gladbach,FRA,FW,24,1997,30,2513
Bundesliga,Marvin Friedrich,Gladbach,GER,DF,26,1995,23,1248
Bundesliga,Nathan N'Goumou,Gladbach,CMR,"MF,FW",22,2000,20,695
Bundesliga,Nico Elvedi,Gladbach,SUI,DF,25,1996,32,2826
Bundesliga,Oscar Fraulo,Gladbach,DEN,MF,18,2003,2,8
Bundesliga,Patrick Herrmann,Gladbach,GER,"FW,MF",31,1991,21,164
Bundesliga,Ramy Bensebaini,Gladbach,ALG,DF,27,1995,28,2481
Bundesliga,Rocco Reitz,Gladbach,GER,MF,20,2002,1,3
Bundesliga,Semir Telalovic,Gladbach,GER,FW,22,1999,3,10
Bundesliga,Stefan Lainer,Gladbach,AUT,"DF,MF",29,1992,17,817
Bundesliga,Tobias Sippel,Gladbach,GER,GK,34,1988,6,510
Bundesliga,Tony Jantschke,Gladbach,GER,DF,32,1990,8,99
Bundesliga,Yann Sommer,Gladbach,SUI,GK,33,1988,10,900
Bundesliga,Yvandro Borges Sanches,Gladbach,LUX,MF,18,2004,3,28
Bundesliga,Agustín Rogel,Hertha BSC,URU,DF,24,1997,20,1426
Bundesliga,Chidera Ejuke,Hertha BSC,NGA,"FW,MF",24,1998,20,890
Bundesliga,Davie Selke,Hertha BSC,GER,FW,27,1995,13,282
Bundesliga,Derry Scherhant,Hertha BSC,GER,MF,19,2002,10,285
Bundesliga,Dodi Lukebakio,Hertha BSC,BEL,"FW,MF",24,1997,32,2397
Bundesliga,Filip Uremović,Hertha BSC,CRO,DF,25,1997,22,1726
Bundesliga,Florian Niederlechner,Hertha BSC,GER,FW,31,1990,16,781
Bundesliga,Ibrahim Maza,Hertha BSC,ALG,MF,16,2005,2,71
Bundesliga,Ivan Šunjić,Hertha BSC,BIH,MF,25,1996,18,993
Bundesliga,Jean-Paul Boëtius,Hertha BSC,SUR,MF,28,1994,21,1050
Bundesliga,Jessic Ngankam,Hertha BSC,GER,"FW,MF",22,2000,18,826
Bundesliga,Jonjoe Kenny,Hertha BSC,ENG,DF,25,1997,29,2244
Bundesliga,Julian Eitschberger,Hertha BSC,GER,"DF,MF",18,2004,1,1
Bundesliga,Kevin-Prince Boateng,Hertha BSC,GHA,MF,35,1987,16,467
Bundesliga,Lucas Tousart,Hertha BSC,FRA,MF,25,1997,33,2944
Bundesliga,Marc-Oliver Kempf,Hertha BSC,GER,DF,27,1995,31,2709
Bundesliga,Marco Richter,Hertha BSC,GER,"MF,FW",24,1997,29,1836
Bundesliga,Marvin Plattenhardt,Hertha BSC,GER,"DF,MF",30,1992,31,2402
Bundesliga,Maximilian Mittelstädt,Hertha BSC,GER,"DF,MF",25,1997,17,849
Bundesliga,Myziane Maolida,Hertha BSC,COM,FW,23,1999,3,95
Bundesliga,Márton Dárdai,Hertha BSC,HUN,"DF,MF",20,2002,17,947
Bundesliga,Oliver Christensen,Hertha BSC,DEN,GK,23,1999,33,2970
Bundesliga,Pascal Klemens,Hertha BSC,GER,DF,17,2005,1,90
Bundesliga,Peter Pekarík,Hertha BSC,SVK,DF,35,1986,5,206
Bundesliga,Stevan Jovetić,Hertha BSC,MNE,FW,32,1989,17,892
Bundesliga,Suat Serdar,Hertha BSC,GER,MF,25,1997,32,2021
Bundesliga,Tjark Ernst,Hertha BSC,GER,GK,19,2003,1,90
Bundesliga,Tolga Ciğerci,Hertha BSC,TUR,MF,30,1992,11,672
Bundesliga,Tony Rölke,Hertha BSC,GER,FW,19,2003,1,20
Bundesliga,Veit Stange,Hertha BSC,GER,MF,18,2004,1,8
Bundesliga,Vladimír Darida,Hertha BSC,CZE,MF,31,1990,3,31
Bundesliga,Wilfried Kanga,Hertha BSC,CIV,FW,24,1998,23,1417
Bundesliga,Andrej Kramarić,Hoffenheim,CRO,"MF,FW",31,1991,32,2386
Bundesliga,Angeliño,Hoffenheim,ESP,MF,25,1997,33,2617
Bundesliga,Angelo Stiller,Hoffenheim,GER,MF,21,2001,20,704
Bundesliga,Christoph Baumgartner,Hoffenheim,AUT,"MF,FW",22,1999,33,2567
Bundesliga,Dennis Geiger,Hoffenheim,GER,MF,24,1998,27,1952
Bundesliga,Diadie Samassékou,Hoffenheim,MLI,MF,26,1996,2,34
Bundesliga,Eduardo Quaresma,Hoffenheim,POR,DF,20,2002,4,88
Bundesliga,Ermin Bičakčić,Hoffenheim,BIH,DF,32,1990,9,265
Bundesliga,Finn Ole Becker,Hoffenheim,GER,MF,22,2000,13,513
Bundesliga,Fisnik Asllani,Hoffenheim,KVX,FW,19,2002,8,167
Bundesliga,Georginio Rutter,Hoffenheim,FRA,FW,20,2002,15,1009
Bundesliga,Grischa Prömel,Hoffenheim,GER,MF,27,1995,18,1454
Bundesliga,Ihlas Bebou,Hoffenheim,TOG,"FW,MF",28,1994,19,1416
Bundesliga,Jacob Bruun Larsen,Hoffenheim,DEN,FW,23,1998,12,328
Bundesliga,John Brooks,Hoffenheim,USA,DF,29,1993,15,1350
Bundesliga,Joshua Quarshie,Hoffenheim,GER,DF,18,2004,1,1
Bundesliga,Kasper Dolberg,Hoffenheim,DEN,FW,24,1997,13,402
Bundesliga,Kevin Akpoguma,Hoffenheim,NGA,DF,27,1995,28,1950
Bundesliga,Kevin Vogt,Hoffenheim,GER,DF,30,1991,22,1775
Bundesliga,Moanes Dabbur,Hoffenheim,ISR,FW,30,1992,21,933
Bundesliga,Muhammed Damar,Hoffenheim,GER,MF,18,2004,6,159
Bundesliga,Oliver Baumann,Hoffenheim,GER,GK,32,1990,34,3060
Bundesliga,Ozan Kabak,Hoffenheim,TUR,DF,22,2000,30,2388
Bundesliga,Pavel Kadeřábek,Hoffenheim,CZE,MF,30,1992,26,1665
Bundesliga,Robert Skov,Hoffenheim,DEN,MF,26,1996,23,1349
Bundesliga,Sebastian Rudy,Hoffenheim,GER,MF,32,1990,22,794
Bundesliga,Stanley N'Soki,Hoffenheim,FRA,DF,23,1999,19,1286
Bundesliga,Stefan Posch,Hoffenheim,AUT,DF,25,1997,1,18
Bundesliga,Thomas Delaney,Hoffenheim,DEN,MF,30,1991,6,298
Bundesliga,Tom Bischof,Hoffenheim,GER,MF,17,2005,11,315
Bundesliga,Umut Tohumcu,Hoffenheim,GER,MF,17,2004,8,271
Bundesliga,Benno Schmitz,Köln,GER,DF,27,1994,31,2420
Bundesliga,Davie Selke,Köln,GER,FW,27,1995,17,869
Bundesliga,Dejan Ljubičić,Köln,AUT,MF,24,1997,27,1710
Bundesliga,Denis Huseinbasic,Köln,BIH,"MF,FW",21,2001,24,791
Bundesliga,Dimitris Limnios,Köln,GRE,"FW,MF",24,1998,2,39
Bundesliga,Ellyes Skhiri,Köln,TUN,MF,27,1995,32,2856
Bundesliga,Eric Martel,Köln,GER,MF,20,2002,29,2019
Bundesliga,Florian Dietz,Köln,GER,FW,23,1998,11,395
Bundesliga,Florian Kainz,Köln,AUT,MF,29,1992,32,2344
Bundesliga,Jan Thielmann,Köln,GER,"MF,FW",20,2002,23,869
Bundesliga,Jonas Hector,Köln,GER,DF,32,1990,32,2824
Bundesliga,Julian Chabot,Köln,GER,DF,24,1998,21,1803
Bundesliga,Justin Diehl,Köln,GER,MF,17,2004,2,17
Bundesliga,Kingsley Ehizibue,Köln,NED,DF,27,1995,1,61
Bundesliga,Kingsley Schindler,Köln,GHA,"MF,DF",29,1993,29,1088
Bundesliga,Kristian Pedersen,Köln,DEN,DF,27,1994,6,276
Bundesliga,Linton Maina,Köln,GER,"MF,FW",23,1999,33,2239
Bundesliga,Luca Kilian,Köln,GER,DF,22,1999,16,1123
Bundesliga,Mark Uth,Köln,GER,"FW,MF",30,1991,3,46
Bundesliga,Marvin Schwäbe,Köln,GER,GK,27,1995,34,3060
Bundesliga,Mathias Olesen,Köln,LUX,"MF,FW",21,2001,14,478
Bundesliga,Nikola Soldo,Köln,CRO,DF,21,2001,7,593
Bundesliga,Ondrej Duda,Köln,SVK,MF,27,1994,13,689
Bundesliga,Sargis Adamyan,Köln,ARM,FW,29,1993,24,644
Bundesliga,Steffen Tigges,Köln,GER,FW,24,1998,30,1596
Bundesliga,Tim Lemperle,Köln,GER,FW,20,2002,12,132
Bundesliga,Timo Hübers,Köln,GER,DF,26,1996,29,2559
Bundesliga,Adam Hložek,Leverkusen,CZE,"FW,MF",20,2002,29,1286
Bundesliga,Amine Adli,Leverkusen,MAR,"FW,MF",22,2000,26,1435
Bundesliga,Andrey Lunyov,Leverkusen,RUS,GK,30,1991,1,90
Bundesliga,Ayman Azhil,Leverkusen,MAR,MF,21,2001,1,1
Bundesliga,Callum Hudson-Odoi,Leverkusen,ENG,"MF,FW",21,2000,14,605
Bundesliga,Charles Aránguiz,Leverkusen,CHI,MF,33,1989,10,493
Bundesliga,Daley Sinkgraven,Leverkusen,NED,"MF,DF",27,1995,12,344
Bundesliga,Edmond Tapsoba,Leverkusen,BFA,DF,23,1999,33,2871
Bundesliga,Exequiel Palacios,Leverkusen,ARG,MF,23,1998,25,1654
Bundesliga,Florian Wirtz,Leverkusen,GER,"FW,MF",19,2003,17,1090
Bundesliga,Jeremie Frimpong,Leverkusen,NED,"MF,DF",21,2000,34,2708
Bundesliga,Joel Pohjanpalo,Leverkusen,FIN,FW,27,1994,1,4
Bundesliga,Jonathan Tah,Leverkusen,GER,DF,26,1996,33,2487
Bundesliga,Karim Bellarabi,Leverkusen,GER,MF,32,1990,8,85
Bundesliga,Kerem Demirbay,Leverkusen,GER,MF,29,1993,25,1544
Bundesliga,Lukáš Hrádecký,Leverkusen,FIN,GK,32,1989,33,2969
Bundesliga,Mitchel Bakker,Leverkusen,NED,"MF,DF",22,2000,28,1659
Bundesliga,Moussa Diaby,Leverkusen,FRA,"FW,MF",23,1999,33,2699
Bundesliga,Nadiem Amiri,Leverkusen,GER,"MF,FW",25,1996,25,977
Bundesliga,Noah Mbamba,Leverkusen,BEL,MF,17,2005,1,1
Bundesliga,Odilon Kossounou,Leverkusen,CIV,DF,21,2001,24,1523
Bundesliga,Patrik Schick,Leverkusen,CZE,FW,26,1996,14,941
Bundesliga,Paulinho,Leverkusen,BRA,FW,22,2000,4,82
Bundesliga,Piero Hincapié,Leverkusen,ECU,"DF,MF",20,2002,30,2457
Bundesliga,Robert Andrich,Leverkusen,GER,MF,27,1994,29,2406
Bundesliga,Sardar Azmoun,Leverkusen,IRN,"FW,MF",27,1995,23,927
Bundesliga,Timothy Fosu-Mensah,Leverkusen,NED,MF,24,1998,11,191
Bundesliga,Aarón Martín,Mainz 05,ESP,"MF,DF",25,1997,28,1847
Bundesliga,Alexander Hack,Mainz 05,GER,DF,28,1993,19,1132
Bundesliga,Andreas Hanche-Olsen,Mainz 05,NOR,DF,25,1997,17,1497
Bundesliga,Angelo Fulgini,Mainz 05,NCL,MF,25,1996,16,525
Bundesliga,Anthony Caci,Mainz 05,FRA,"MF,DF",25,1997,31,2033
Bundesliga,Anton Stach,Mainz 05,GER,MF,23,1998,30,2070
Bundesliga,Aymen Barkok,Mainz 05,MAR,MF,24,1998,23,584
Bundesliga,Brajan Gruda,Mainz 05,GER,MF,18,2004,2,4
Bundesliga,Danny da Costa,Mainz 05,GER,MF,29,1993,23,1236
Bundesliga,Delano Burgzorg,Mainz 05,SUR,"FW,MF",23,1998,13,244
Bundesliga,Dominik Kohr,Mainz 05,GER,MF,28,1994,30,2292
Bundesliga,Edimilson Fernandes,Mainz 05,SUI,DF,26,1996,32,2437
Bundesliga,Eniss Shabani,Mainz 05,ALB,MF,19,2003,1,10
Bundesliga,Finn Dahmen,Mainz 05,GER,GK,24,1998,8,720
Bundesliga,Jonathan Burkardt,Mainz 05,GER,"MF,FW",22,2000,11,533
Bundesliga,Karim Onisiwo,Mainz 05,AUT,"FW,MF",30,1992,31,2539
Bundesliga,Leandro Barreiro Martins,Mainz 05,LUX,MF,22,2000,31,2141
Bundesliga,Lee Jae-sung,Mainz 05,KOR,MF,29,1992,34,1894
Bundesliga,Ludovic Ajorque,Mainz 05,FRA,"FW,MF",28,1994,17,1211
Bundesliga,Marcus Ingvartsen,Mainz 05,DEN,"MF,FW",26,1996,28,1314
Bundesliga,Marlon Mustapha,Mainz 05,AUT,FW,21,2001,6,69
Bundesliga,Maxim Leitsch,Mainz 05,GER,DF,24,1998,9,663
Bundesliga,Nelson Weiper,Mainz 05,GER,FW,17,2005,9,99
Bundesliga,Niklas Tauer,Mainz 05,GER,FW,21,2001,3,93
Bundesliga,Robin Zentner,Mainz 05,GER,GK,27,1994,26,2340
Bundesliga,Silvan Widmer,Mainz 05,SUI,"MF,DF",29,1993,26,1688
Bundesliga,Stefan Bell,Mainz 05,GER,DF,30,1991,30,2395
Bundesliga,Abdou Diallo,RB Leipzig,SEN,"DF,MF",26,1996,8,478
Bundesliga,Alexander Sørloth,RB Leipzig,NOR,FW,26,1995,1,6
Bundesliga,Amadou Haidara,RB Leipzig,MLI,MF,24,1998,31,1430
Bundesliga,André Silva,RB Leipzig,POR,FW,26,1995,31,1738
Bundesliga,Benjamin Henrichs,RB Leipzig,GER,"DF,MF",25,1997,30,2188
Bundesliga,Christopher Nkunku,RB Leipzig,FRA,"FW,MF",24,1997,25,1897
Bundesliga,Dani Olmo,RB Leipzig,ESP,MF,24,1998,23,1282
Bundesliga,David Raum,RB Leipzig,GER,"MF,DF",24,1998,28,1685
Bundesliga,Dominik Szoboszlai,RB Leipzig,HUN,"MF,FW",21,2000,31,2444
Bundesliga,Emil Forsberg,RB Leipzig,SWE,"MF,FW",30,1991,30,1482
Bundesliga,Hugo Novoa,RB Leipzig,ESP,MF,19,2003,7,184
Bundesliga,Janis Blaswich,RB Leipzig,GER,GK,31,1991,26,2340
Bundesliga,Joško Gvardiol,RB Leipzig,CRO,DF,20,2002,30,2170
Bundesliga,Kevin Kampl,RB Leipzig,SVN,MF,31,1990,30,1372
Bundesliga,Konrad Laimer,RB Leipzig,AUT,MF,25,1997,21,1468
Bundesliga,Lukas Klostermann,RB Leipzig,GER,DF,26,1996,15,907
Bundesliga,Marcel Halstenberg,RB Leipzig,GER,"DF,MF",30,1991,31,1557
Bundesliga,Mohamed Simakan,RB Leipzig,FRA,DF,22,2000,24,1454
Bundesliga,Péter Gulácsi,RB Leipzig,HUN,GK,32,1990,6,540
Bundesliga,Sanoussy Ba,RB Leipzig,GER,FW,18,2004,1,1
Bundesliga,Timo Werner,RB Leipzig,GER,"FW,MF",26,1996,27,1937
Bundesliga,Willi Orban,RB Leipzig,HUN,DF,29,1992,33,2951
Bundesliga,Xaver Schlager,RB Leipzig,AUT,MF,24,1997,22,1506
Bundesliga,Yussuf Poulsen,RB Leipzig,DEN,FW,28,1994,19,411
Bundesliga,Ørjan Nyland,RB Leipzig,NOR,GK,31,1990,2,180
Bundesliga,Alex Král,Schalke 04,CZE,MF,24,1998,29,2357
Bundesliga,Alexander Schwolow,Schalke 04,GER,GK,30,1992,23,2035
Bundesliga,Andreas Ivan,Schalke 04,ROU,MF,27,1995,1,46
Bundesliga,Cédric Brunner,Schalke 04,SUI,DF,28,1994,28,2315
Bundesliga,Danny Latza,Schalke 04,GER,MF,32,1989,20,853
Bundesliga,Dominick Drexler,Schalke 04,GER,MF,32,1990,27,1366
Bundesliga,Florent Mollet,Schalke 04,FRA,MF,30,1991,9,410
Bundesliga,Florian Flick,Schalke 04,GER,MF,22,2000,8,512
Bundesliga,Henning Matriciani,Schalke 04,GER,DF,22,2000,22,1863
Bundesliga,Jere Uronen,Schalke 04,FIN,DF,28,1994,11,676
Bundesliga,Jordan Larsson,Schalke 04,SWE,MF,25,1997,11,463
Bundesliga,Keke Topp,Schalke 04,GER,FW,18,2004,1,20
Bundesliga,Kenan Karaman,Schalke 04,TUR,"MF,FW",28,1994,21,976
Bundesliga,Kerim Calhanoglu,Schalke 04,GER,DF,19,2002,3,63
Bundesliga,Leo Greiml,Schalke 04,AUT,DF,21,2001,7,358
Bundesliga,Malick Thiaw,Schalke 04,GER,DF,20,2001,3,270
Bundesliga,Marcin Kamiński,Schalke 04,POL,DF,30,1992,8,632
Bundesliga,Marius Bülter,Schalke 04,GER,"MF,FW",29,1993,33,2598
Bundesliga,Maya Yoshida,Schalke 04,JPN,DF,33,1988,29,2553
Bundesliga,Mehmet Aydin,Schalke 04,GER,"MF,DF",20,2002,16,567
Bundesliga,Michael Frey,Schalke 04,SUI,FW,28,1994,15,868
Bundesliga,Moritz Jenz,Schalke 04,GER,DF,23,1999,11,945
Bundesliga,Ralf Fährmann,Schalke 04,GER,GK,33,1988,12,1025
Bundesliga,Rodrigo Zalazar,Schalke 04,URU,"MF,FW",22,1999,22,1321
Bundesliga,Sebastian Polter,Schalke 04,GER,FW,31,1991,19,630
Bundesliga,Sepp van den Berg,Schalke 04,NED,DF,20,2001,9,696
Bundesliga,Sidi Sané,Schalke 04,GER,MF,19,2003,1,25
Bundesliga,Simon Terodde,Schalke 04,GER,FW,34,1988,32,1823
Bundesliga,Soichiro Kozuki,Schalke 04,JPN,MF,21,2000,5,379
Bundesliga,Thomas Ouwejan,Schalke 04,NED,"DF,MF",25,1996,17,903
Bundesliga,Tim Skarke,Schalke 04,GER,MF,25,1996,9,440
Bundesliga,Timothée Kolodziejczak,Schalke 04,FRA,DF,30,1991,1,25
Bundesliga,Tobias Mohr,Schalke 04,GER,"DF,MF",26,1995,18,839
Bundesliga,Tom Krauß,Schalke 04,GER,MF,21,2001,32,2514
Bundesliga,Éder Álvarez Balanta,Schalke 04,COL,MF,29,1993,6,238
Bundesliga,Alou Kuol,Stuttgart,AUS,FW,21,2000,1,5
Bundesliga,Atakan Karazor,Stuttgart,TUR,MF,25,1996,29,1962
Bundesliga,Borna Sosa,Stuttgart,CRO,"MF,DF",24,1998,25,1955
Bundesliga,Chris Führich,Stuttgart,GER,"MF,FW",24,1998,33,1884
Bundesliga,Clinton Mola,Stuttgart,ENG,"DF,MF",21,2001,1,15
Bundesliga,Dan-Axel Zagadou,Stuttgart,FRA,DF,23,1999,17,1271
Bundesliga,Darko Churlinov,Stuttgart,MKD,"FW,MF",22,2000,1,27
Bundesliga,Enzo Millot,Stuttgart,FRA,MF,20,2002,23,890
Bundesliga,Fabian Bredlow,Stuttgart,GER,GK,27,1995,15,1350
Bundesliga,Florian Müller,Stuttgart,GER,GK,24,1997,19,1710
Bundesliga,Genki Haraguchi,Stuttgart,JPN,MF,31,1991,11,748
Bundesliga,Gil Bastião Dias,Stuttgart,POR,FW,25,1996,7,398
Bundesliga,Hiroki Ito,Stuttgart,JPN,DF,23,1999,30,2561
Bundesliga,Josha Vagnoman,Stuttgart,GER,"MF,DF",21,2000,23,1479
Bundesliga,Juan Perea,Stuttgart,COL,FW,22,2000,16,418
Bundesliga,Konstantinos Mavropanos,Stuttgart,GRE,DF,24,1997,28,2286
Bundesliga,Lauren Ulrich,Stuttgart,GER,MF,17,2005,1,6
Bundesliga,Lilian Egloff,Stuttgart,GER,"MF,FW",19,2002,10,241
Bundesliga,Luca Pfeiffer,Stuttgart,GER,FW,25,1996,19,701
Bundesliga,Naouirou Ahamada,Stuttgart,FRA,MF,20,2002,17,1398
Bundesliga,Nikolas Nartey,Stuttgart,DEN,"DF,MF",22,2000,9,473
Bundesliga,Pascal Stenzel,Stuttgart,GER,DF,26,1996,12,333
Bundesliga,Saša Kalajdžić,Stuttgart,AUT,FW,25,1997,3,233
Bundesliga,Serhou Guirassy,Stuttgart,GUI,FW,26,1996,22,1646
Bundesliga,Silas Katompa,Stuttgart,COD,"FW,MF",23,1998,30,1992
Bundesliga,Tanguy Coulibaly,Stuttgart,FRA,MF,21,2001,14,326
Bundesliga,Thomas Kastanaras,Stuttgart,GRE,MF,19,2003,4,72
Bundesliga,Tiago Tomás,Stuttgart,POR,"FW,MF",20,2002,27,1291
Bundesliga,Waldemar Anton,Stuttgart,GER,DF,26,1996,34,2934
Bundesliga,Wataru Endo,Stuttgart,JPN,MF,29,1993,33,2922
Bundesliga,András Schäfer,Union Berlin,HUN,MF,23,1999,16,860
Bundesliga,Aïssa Laïdouni,Union Berlin,TUN,MF,25,1996,14,871
Bundesliga,Christopher Trimmel,Union Berlin,AUT,MF,35,1987,25,1811
Bundesliga,Danilho Doekhi,Union Berlin,NED,DF,24,1998,25,2216
Bundesliga,Diogo Leite,Union Berlin,POR,DF,23,1999,28,2254
Bundesliga,Frederik Rønnow,Union Berlin,DEN,GK,29,1992,29,2610
Bundesliga,Genki Haraguchi,Union Berlin,JPN,MF,31,1991,11,498
Bundesliga,Jamie Leweling,Union Berlin,GER,"FW,MF",21,2001,16,265
Bundesliga,Janik Haberer,Union Berlin,GER,MF,28,1994,32,2187
Bundesliga,Jordan Pefok,Union Berlin,USA,FW,26,1996,31,1358
Bundesliga,Josip Juranović,Union Berlin,CRO,MF,26,1995,12,935
Bundesliga,Julian Ryerson,Union Berlin,NOR,MF,24,1997,13,1037
Bundesliga,Jérôme Roussillon,Union Berlin,GLP,MF,29,1993,16,957
Bundesliga,Kevin Behrens,Union Berlin,GER,FW,31,1991,33,1535
Bundesliga,Lennart Grill,Union Berlin,GER,GK,23,1999,5,450
Bundesliga,Levin Öztunalı,Union Berlin,GER,"FW,MF",26,1996,2,9
Bundesliga,Miloš Pantović,Union Berlin,SRB,"FW,MF",26,1996,13,206
Bundesliga,Morten Thorsby,Union Berlin,NOR,MF,26,1996,24,833
Bundesliga,Niko Gießelmann,Union Berlin,GER,MF,30,1991,26,1302
Bundesliga,Paul Jaeckel,Union Berlin,GER,DF,24,1998,16,1196
Bundesliga,Paul Seguin,Union Berlin,GER,MF,27,1995,20,691
Bundesliga,Rani Khedira,Union Berlin,TUN,MF,28,1994,33,2882
Bundesliga,Robin Knoche,Union Berlin,GER,DF,30,1992,32,2873
Bundesliga,Sheraldo Becker,Union Berlin,SUR,FW,27,1995,34,2554
Bundesliga,Sven Michel,Union Berlin,GER,FW,32,1990,21,495
Bundesliga,Tim Skarke,Union Berlin,GER,"FW,MF",25,1996,3,53
Bundesliga,Timo Baumgartl,Union Berlin,GER,DF,26,1996,8,562
Bundesliga,Tymoteusz Puchacz,Union Berlin,POL,MF,23,1999,1,58
Bundesliga,Amos Pieper,Werder Bremen,GER,DF,24,1998,29,1957
Bundesliga,Anthony Jung,Werder Bremen,GER,MF,30,1991,34,2617
Bundesliga,Christian Groß,Werder Bremen,GER,MF,33,1989,26,1886
Bundesliga,Dikeni-Rafid Salifou,Werder Bremen,TOG,MF,19,2003,1,1
Bundesliga,Eren Dinkçi,Werder Bremen,GER,MF,20,2001,17,231
Bundesliga,Fabio Chiarodia,Werder Bremen,ITA,DF,17,2005,3,66
Bundesliga,Felix Agu,Werder Bremen,NGA,"DF,MF",22,1999,3,49
Bundesliga,Ilia Gruev,Werder Bremen,BUL,MF,22,2000,31,1584
Bundesliga,Jean-Manuel Mbom,Werder Bremen,GER,"DF,MF",22,2000,2,6
Bundesliga,Jens Stage,Werder Bremen,DEN,MF,25,1996,32,1855
Bundesliga,Jiří Pavlenka,Werder Bremen,CZE,GK,30,1992,33,2908
Bundesliga,Lee Buchanan,Werder Bremen,ENG,MF,21,2001,21,472
Bundesliga,Leonardo Bittencourt,Werder Bremen,GER,MF,28,1993,25,1629
Bundesliga,Marco Friedl,Werder Bremen,AUT,DF,24,1998,30,2594
Bundesliga,Marvin Ducksch,Werder Bremen,GER,FW,28,1994,34,2852
Bundesliga,Maximilian Philipp,Werder Bremen,GER,FW,28,1994,15,442
Bundesliga,Michael Zetterer,Werder Bremen,GER,GK,27,1995,2,152
Bundesliga,Miloš Veljković,Werder Bremen,SRB,DF,26,1995,29,2266
Bundesliga,Mitchell Weiser,Werder Bremen,GER,MF,28,1994,30,2516
Bundesliga,Niclas Füllkrug,Werder Bremen,GER,FW,29,1993,28,2477
Bundesliga,Nicolai Rapp,Werder Bremen,GER,"DF,MF",25,1996,7,71
Bundesliga,Niklas Schmidt,Werder Bremen,GER,MF,24,1998,24,1087
Bundesliga,Niklas Stark,Werder Bremen,GER,DF,27,1995,27,2077
Bundesliga,Oliver Burke,Werder Bremen,SCO,FW,25,1997,15,268
Bundesliga,Romano Schmid,Werder Bremen,AUT,"MF,FW",22,2000,27,1520
Bundesliga,Aster Vranckx,Wolfsburg,BEL,MF,19,2002,1,8
Bundesliga,Bartol Franjić,Wolfsburg,CRO,MF,22,2000,5,227
Bundesliga,Dženan Pejčinović,Wolfsburg,GER,FW,17,2005,1,11
Bundesliga,Felix Nmecha,Wolfsburg,GER,MF,21,2000,30,1836
Bundesliga,Jakub Kamiński,Wolfsburg,POL,"MF,FW",20,2002,31,2058
Bundesliga,Jonas Wind,Wolfsburg,DEN,FW,23,1999,24,1291
Bundesliga,Josip Brekalo,Wolfsburg,CRO,"MF,FW",24,1998,6,271
Bundesliga,Josuha Guilavogui,Wolfsburg,FRA,"DF,MF",31,1990,23,1180
Bundesliga,Jérôme Roussillon,Wolfsburg,GLP,"DF,MF",29,1993,4,22
Bundesliga,Kevin Paredes,Wolfsburg,USA,MF,19,2003,22,529
Bundesliga,Kilian Fischer,Wolfsburg,GER,DF,21,2000,10,502
Bundesliga,Koen Casteels,Wolfsburg,BEL,GK,30,1992,34,3060
Bundesliga,Luca Waldschmidt,Wolfsburg,GER,"FW,MF",26,1996,18,523
Bundesliga,Lukas Nmecha,Wolfsburg,GER,FW,23,1998,16,899
Bundesliga,Lukáš Ambros,Wolfsburg,CZE,MF,18,2004,1,17
Bundesliga,Mattias Svanberg,Wolfsburg,SWE,MF,23,1999,32,1835
Bundesliga,Max Kruse,Wolfsburg,GER,MF,34,1988,5,272
Bundesliga,Maxence Lacroix,Wolfsburg,FRA,DF,22,2000,24,1627
Bundesliga,Maximilian Arnold,Wolfsburg,GER,MF,28,1994,32,2767
Bundesliga,Maximilian Philipp,Wolfsburg,GER,MF,28,1994,3,116
Bundesliga,Micky van de Ven,Wolfsburg,NED,DF,21,2001,33,2970
Bundesliga,Nicolas Cozza,Wolfsburg,FRA,DF,23,1999,5,100
Bundesliga,Omar Marmoush,Wolfsburg,EGY,"FW,MF",23,1999,33,1476
Bundesliga,Patrick Wimmer,Wolfsburg,AUT,"MF,FW",21,2001,26,1648
Bundesliga,Paulo Otávio,Wolfsburg,BRA,DF,27,1994,25,2041
Bundesliga,Ridle Baku,Wolfsburg,GER,"DF,MF",24,1998,33,2580
Bundesliga,Sebastiaan Bornauw,Wolfsburg,BEL,DF,23,1999,26,1928
Bundesliga,Yannick Gerhardt,Wolfsburg,GER,MF,28,1994,29,1866
La Liga,Adri Embarba,Almería,ESP,"FW,MF",30,1992,29,1472
La Liga,Alejandro Pozo Pozo,Almería,ESP,"DF,MF",23,1999,30,1880
La Liga,Arnau Puigmal,Almería,ESP,MF,21,2001,22,763
La Liga,Chumi,Almería,ESP,DF,23,1999,21,1489
La Liga,Curro,Almería,ESP,"FW,MF",26,1996,2,43
La Liga,César de la Hoz,Almería,ESP,MF,30,1992,25,1673
La Liga,Diego Mariño,Almería,ESP,GK,32,1990,1,45
La Liga,Dyego Sousa,Almería,POR,FW,32,1989,20,527
La Liga,El Bilal Touré,Almería,MLI,FW,20,2001,21,1264
La Liga,Fernando,Almería,ESP,GK,32,1990,37,3285
La Liga,Fernando Pacheco,Almería,ESP,GK,30,1992,1,90
La Liga,Francisco Portillo,Almería,ESP,MF,32,1990,27,722
La Liga,Gonzalo Melero,Almería,ESP,MF,28,1994,27,1855
La Liga,Houboulang Mendes,Almería,GNB,DF,24,1998,14,886
La Liga,José Carlos Lazo,Almería,ESP,MF,26,1996,1,20
La Liga,Kaiky,Almería,BRA,DF,18,2004,13,581
La Liga,Largie Ramazani,Almería,BEL,"FW,MF",21,2001,33,1403
La Liga,Lucas Robertone,Almería,ARG,MF,25,1997,37,2843
La Liga,Luis Suárez,Almería,COL,FW,24,1997,21,1490
La Liga,Lázaro,Almería,BRA,"FW,MF",20,2002,19,716
La Liga,Léo Baptistão,Almería,BRA,"FW,MF",29,1992,28,1726
La Liga,Marko Milovanović,Almería,SRB,FW,18,2003,2,15
La Liga,Rodrigo Ely,Almería,BRA,DF,28,1993,36,3155
La Liga,Samu Costa,Almería,POR,MF,21,2000,32,1989
La Liga,Sergio Akieme,Almería,ESP,DF,24,1997,29,2297
La Liga,Srđan Babić,Almería,SRB,DF,26,1996,34,2998
La Liga,Umar Sadiq,Almería,NGA,FW,25,1997,3,240
La Liga,Álex Centelles,Almería,ESP,"DF,MF",24,1997,15,1123
La Liga,Íñigo Eguaras,Almería,ESP,MF,30,1992,25,967
La Liga,Adu Ares,Athletic Club,ESP,MF,20,2001,8,84
La Liga,Aitor Paredes,Athletic Club,ESP,DF,22,2000,16,859
La Liga,Ander Capa,Athletic Club,ESP,DF,30,1992,7,109
La Liga,Ander Herrera,Athletic Club,ESP,MF,32,1989,17,697
La Liga,Asier Villalibre,Athletic Club,ESP,FW,24,1997,5,97
La Liga,Dani García,Athletic Club,ESP,MF,32,1990,25,1485
La Liga,Daniel Vivian,Athletic Club,ESP,DF,23,1999,29,2376
La Liga,Gorka Guruzeta,Athletic Club,ESP,FW,25,1996,30,1421
La Liga,Iker Muniain,Athletic Club,ESP,MF,29,1992,30,1689
La Liga,Iñaki Williams,Athletic Club,GHA,"FW,MF",28,1994,36,2836
La Liga,Iñigo Lekue,Athletic Club,ESP,DF,29,1993,20,1321
La Liga,Iñigo Martínez,Athletic Club,ESP,DF,31,1991,15,1338
La Liga,Jon Morcillo,Athletic Club,ESP,MF,23,1998,10,76
La Liga,Julen Agirrezabala,Athletic Club,ESP,GK,21,2000,8,675
La Liga,Mikel Balenziaga,Athletic Club,ESP,DF,34,1988,3,115
La Liga,Mikel Vesga,Athletic Club,ESP,MF,29,1993,36,2575
La Liga,Nico Williams,Athletic Club,ESP,MF,20,2002,36,2656
La Liga,Oier Zarraga,Athletic Club,ESP,MF,23,1999,26,852
La Liga,Oihan Sancet,Athletic Club,ESP,MF,22,2000,36,2532
La Liga,Raúl García,Athletic Club,ESP,"MF,FW",36,1986,35,967
La Liga,Unai Simón,Athletic Club,ESP,GK,25,1997,31,2745
La Liga,Unai Vencedor Paris,Athletic Club,ESP,MF,21,2000,10,193
La Liga,Yeray Álvarez,Athletic Club,ESP,DF,27,1995,28,2332
La Liga,Yuri Berchiche,Athletic Club,ESP,DF,32,1990,29,2406
La Liga,Álex Berenguer,Athletic Club,ESP,MF,27,1995,37,2297
La Liga,Óscar de Marcos,Athletic Club,ESP,DF,33,1989,37,2819
La Liga,Antoine Griezmann,Atlético Madrid,FRA,"FW,MF",31,1991,38,2859
La Liga,Antonio Gomis,Atlético Madrid,ESP,GK,19,2003,1,6
La Liga,Axel Witsel,Atlético Madrid,BEL,"DF,MF",33,1989,33,2258
La Liga,Carlos Martín,Atlético Madrid,ESP,"FW,MF",20,2002,4,28
La Liga,Felipe,Atlético Madrid,BRA,DF,33,1989,3,194
La Liga,Geoffrey Kondogbia,Atlético Madrid,CTA,MF,29,1993,20,1006
La Liga,Ivo Grbić,Atlético Madrid,CRO,GK,26,1996,12,922
La Liga,Jan Oblak,Atlético Madrid,SVN,GK,29,1993,28,2492
La Liga,José María Giménez,Atlético Madrid,URU,DF,27,1995,28,2423
La Liga,João Félix,Atlético Madrid,POR,"FW,MF",22,1999,14,650
La Liga,Koke,Atlético Madrid,ESP,MF,30,1992,33,2545
La Liga,Marcos Llorente,Atlético Madrid,ESP,MF,27,1995,22,1703
La Liga,Mario Hermoso,Atlético Madrid,ESP,DF,27,1995,26,2110
La Liga,Matheus Cunha,Atlético Madrid,BRA,"MF,FW",23,1999,11,377
La Liga,Matt Doherty,Atlético Madrid,IRL,"DF,MF",30,1992,2,18
La Liga,Memphis,Atlético Madrid,NED,FW,28,1994,8,270
La Liga,Nahuel Molina,Atlético Madrid,ARG,DF,24,1998,33,2867
La Liga,Pablo Barrios,Atlético Madrid,ESP,MF,19,2003,21,724
La Liga,Reinildo Mandava,Atlético Madrid,MOZ,DF,28,1994,22,1857
La Liga,Rodrigo De Paul,Atlético Madrid,ARG,MF,28,1994,30,1923
La Liga,Saúl Ñíguez,Atlético Madrid,ESP,"MF,DF",27,1994,31,1100
La Liga,Sergio Reguilón,Atlético Madrid,ESP,DF,25,1996,11,309
La Liga,Stefan Savić,Atlético Madrid,MNE,DF,31,1991,22,1943
La Liga,Thomas Lemar,Atlético Madrid,FRA,MF,26,1995,27,1252
La Liga,Yannick Carrasco,Atlético Madrid,BEL,"DF,MF",28,1993,35,2317
La Liga,Álvaro Morata,Atlético Madrid,ESP,FW,29,1992,36,1900
La Liga,Ángel Correa,Atlético Madrid,ARG,"FW,MF",27,1995,35,1455
La Liga,Aleix Garrido,Barcelona,ESP,MF,18,2004,1,7
La Liga,Alejandro Balde,Barcelona,ESP,DF,18,2003,33,2471
La Liga,Andreas Christensen,Barcelona,DEN,DF,26,1996,23,1760
La Liga,Ansu Fati,Barcelona,ESP,FW,19,2002,36,1393
La Liga,Chadi Riad,Barcelona,MAR,DF,19,2003,1,2
La Liga,Eric García,Barcelona,ESP,"DF,MF",21,2001,24,1417
La Liga,Ferran Torres,Barcelona,ESP,FW,22,2000,33,1392
La Liga,Franck Kessié,Barcelona,CIV,MF,25,1996,28,990
La Liga,Frenkie de Jong,Barcelona,NED,MF,25,1997,33,2534
La Liga,Gavi,Barcelona,ESP,"MF,FW",17,2004,36,2531
La Liga,Gerard Piqué,Barcelona,ESP,DF,35,1987,6,384
La Liga,Héctor Bellerín,Barcelona,ESP,DF,27,1995,3,143
La Liga,Iñaki Peña,Barcelona,ESP,GK,23,1999,2,73
La Liga,Jordi Alba,Barcelona,ESP,DF,33,1989,24,1419
La Liga,Jules Koundé,Barcelona,FRA,DF,23,1998,29,2426
La Liga,Lamine Yamal,Barcelona,ESP,"FW,MF",15,2007,1,8
La Liga,Marc-André ter Stegen,Barcelona,GER,GK,30,1992,38,3347
La Liga,Marcos Alonso,Barcelona,ESP,DF,31,1990,24,1172
La Liga,Memphis,Barcelona,NED,FW,28,1994,2,114
La Liga,Ousmane Dembélé,Barcelona,FRA,FW,25,1997,25,1410
La Liga,Pablo Torre,Barcelona,ESP,FW,19,2003,8,144
La Liga,Pedri,Barcelona,ESP,MF,19,2002,26,1976
La Liga,Pierre-Emerick Aubameyang,Barcelona,GAB,"FW,MF",33,1989,1,9
La Liga,Raphinha,Barcelona,BRA,FW,25,1996,36,2072
La Liga,Robert Lewandowski,Barcelona,POL,FW,33,1988,34,2847
La Liga,Ronald Araújo,Barcelona,URU,DF,23,1999,22,1800
La Liga,Sergi Roberto,Barcelona,ESP,"DF,MF",30,1992,23,1308
La Liga,Sergio Busquets,Barcelona,ESP,MF,34,1988,30,2339
La Liga,Ángel Alarcón,Barcelona,ESP,FW,18,2004,4,25
La Liga,Agustín Marchesín,Celta Vigo,ARG,GK,34,1988,19,1710
La Liga,Augusto Solari,Celta Vigo,ARG,MF,30,1992,12,262
La Liga,Carles Pérez,Celta Vigo,ESP,"MF,FW",24,1998,35,2144
La Liga,Carlos Dominguez,Celta Vigo,ESP,DF,21,2001,3,108
La Liga,Fernando Medrano,Celta Vigo,ESP,DF,22,2000,1,13
La Liga,Fran Beltrán,Celta Vigo,ESP,MF,23,1999,36,2855
La Liga,Franco Cervi,Celta Vigo,ARG,MF,28,1994,36,1894
La Liga,Gabriel Veiga,Celta Vigo,ESP,MF,20,2002,36,2294
La Liga,Gonçalo Paciência,Celta Vigo,POR,FW,27,1994,25,662
La Liga,Haris Seferović,Celta Vigo,SUI,FW,30,1992,18,887
La Liga,Hugo Mallo,Celta Vigo,ESP,DF,31,1991,26,2163
La Liga,Hugo Sotelo,Celta Vigo,ESP,MF,18,2003,1,17
La Liga,Iago Aspas,Celta Vigo,ESP,FW,34,1987,37,2868
La Liga,Iván Villar,Celta Vigo,ESP,GK,25,1997,19,1710
La Liga,Javi Galán,Celta Vigo,ESP,DF,27,1994,37,3160
La Liga,Joseph Aidoo,Celta Vigo,GHA,DF,26,1995,35,3119
La Liga,Jørgen Strand Larsen,Celta Vigo,NOR,FW,22,2000,32,1705
La Liga,Kevin Vázquez,Celta Vigo,ESP,"DF,MF",29,1993,10,441
La Liga,Luca de la Torre,Celta Vigo,USA,MF,24,1998,28,1481
La Liga,Miguel Rodríguez,Celta Vigo,ESP,"FW,MF",19,2003,7,252
La Liga,Pablo Durán,Celta Vigo,ESP,FW,21,2001,4,36
La Liga,Renato Tapia,Celta Vigo,PER,"MF,DF",27,1995,28,1451
La Liga,Unai Núñez,Celta Vigo,ESP,DF,25,1997,36,3151
La Liga,Williot Swedberg,Celta Vigo,SWE,"FW,MF",18,2004,4,55
La Liga,Óscar Mingueza,Celta Vigo,ESP,DF,23,1999,21,1284
La Liga,Óscar Rodríguez Arnaiz,Celta Vigo,ESP,MF,24,1998,33,1775
La Liga,Alberto Perea,Cádiz,ESP,MF,31,1990,1,45
La Liga,Alfonso Espino,Cádiz,URU,DF,30,1992,36,3122
La Liga,Anthony Lozano,Cádiz,HON,FW,29,1993,28,1443
La Liga,Antonio Blanco,Cádiz,ESP,MF,22,2000,3,158
La Liga,Awer Mabil,Cádiz,AUS,MF,26,1995,5,165
La Liga,Brian Ocampo,Cádiz,URU,MF,23,1999,18,1119
La Liga,Cala,Cádiz,ESP,DF,32,1989,3,137
La Liga,Carlos García,Cádiz,ESP,DF,22,2000,1,25
La Liga,Chris Ramos,Cádiz,ESP,FW,25,1997,15,710
La Liga,David Gil,Cádiz,ESP,GK,28,1994,4,360
La Liga,Fali,Cádiz,ESP,"DF,MF",28,1993,25,1714
La Liga,Fede San Emeterio,Cádiz,ESP,MF,25,1997,33,1844
La Liga,Francisco Mwepu,Cádiz,ZAM,FW,22,2000,1,21
La Liga,Gonzalo Escalante,Cádiz,ARG,MF,29,1993,14,1121
La Liga,Isaac Carcelen,Cádiz,ESP,DF,29,1993,27,2199
La Liga,Iván Alejo,Cádiz,ESP,MF,27,1995,31,1311
La Liga,Jeremías Ledesma,Cádiz,ARG,GK,29,1993,34,3060
La Liga,Jorge Meré,Cádiz,ESP,DF,25,1997,10,601
La Liga,Joseba Zaldúa,Cádiz,ESP,DF,30,1992,10,639
La Liga,José Antonio,Cádiz,ESP,MF,18,2004,2,46
La Liga,José Mari,Cádiz,ESP,MF,34,1987,18,397
La Liga,Lucas Pérez,Cádiz,ESP,FW,33,1988,14,628
La Liga,Luis Hernández,Cádiz,ESP,DF,33,1989,35,3149
La Liga,Mamadou Mbaye,Cádiz,SEN,DF,24,1998,14,760
La Liga,Mamady Diarra,Cádiz,MLI,MF,22,2000,2,66
La Liga,Raúl Parra,Cádiz,ESP,DF,22,1999,6,310
La Liga,Roger Martí,Cádiz,ESP,FW,31,1991,14,639
La Liga,Rubén Alcaraz,Cádiz,ESP,MF,31,1991,31,2043
La Liga,Rubén Sobrino,Cádiz,ESP,"MF,FW",30,1992,33,2465
La Liga,Santiago Arzamendia,Cádiz,PAR,"DF,MF",24,1998,12,483
La Liga,Sergi Guardiola,Cádiz,ESP,FW,31,1991,17,1165
La Liga,Theo Bongonda,Cádiz,COD,MF,26,1995,31,1938
La Liga,Tomás Alarcón,Cádiz,CHI,MF,23,1999,4,223
La Liga,Víctor Chust,Cádiz,ESP,DF,22,2000,14,965
La Liga,Youba Diarra,Cádiz,MLI,MF,24,1998,5,98
La Liga,Álex Fernández,Cádiz,ESP,"MF,FW",29,1992,28,1576
La Liga,Álvaro Giménez,Cádiz,ESP,"FW,MF",31,1991,1,17
La Liga,Álvaro Negredo,Cádiz,ESP,FW,36,1985,21,757
La Liga,Alejandro Alfaro,Elche,ESP,MF,20,2002,1,15
La Liga,Axel Werner,Elche,ARG,GK,26,1996,2,180
La Liga,Carlos Clerc,Elche,ESP,"DF,MF",30,1992,32,2639
La Liga,Carmona,Elche,ESP,"MF,DF",20,2002,9,589
La Liga,Diego González,Elche,ESP,DF,27,1995,16,958
La Liga,Domingos Quina,Elche,POR,MF,22,1999,10,275
La Liga,Enzo Roco,Elche,CHI,DF,29,1992,22,1652
La Liga,Ezequiel Ponce,Elche,ARG,"FW,MF",25,1997,34,1129
La Liga,Federico Fernández,Elche,ARG,DF,33,1989,1,90
La Liga,Fidel,Elche,ESP,"MF,FW",32,1989,27,1714
La Liga,Gerard Gumbau,Elche,ESP,MF,27,1994,35,2737
La Liga,Gonzalo Verdú,Elche,ESP,DF,33,1988,16,703
La Liga,Helibelton Palacios,Elche,COL,"DF,MF",29,1993,24,1915
La Liga,Javier Pastore,Elche,ARG,MF,33,1989,1,5
La Liga,Johan Mojica,Elche,COL,"DF,MF",29,1992,3,270
La Liga,John Donald,Elche,ESP,"MF,DF",21,2000,14,1092
La Liga,Josan,Elche,ESP,"DF,MF",32,1989,26,1078
La Liga,Lautaro Blanco,Elche,ARG,"DF,MF",23,1999,17,872
La Liga,Lisandro Magallán,Elche,ARG,DF,28,1993,14,902
La Liga,Lucas Boyé,Elche,ARG,FW,26,1996,35,2462
La Liga,Nicolás Fernández,Elche,ARG,"MF,DF",22,2000,18,514
La Liga,Omar Mascarell,Elche,EQG,"MF,DF",29,1993,28,2447
La Liga,Pape Cheikh Diop,Elche,SEN,MF,24,1997,2,37
La Liga,Pedro Bigas,Elche,ESP,DF,31,1990,28,2020
La Liga,Pere Milla,Elche,ESP,"FW,MF",29,1992,31,1843
La Liga,Pol Lirola,Elche,ESP,DF,24,1997,12,628
La Liga,Randy Nteka,Elche,ANG,"FW,MF",24,1997,14,726
La Liga,Raúl Guti,Elche,ESP,MF,25,1996,28,1117
La Liga,Roger Martí,Elche,ESP,"FW,MF",31,1991,12,655
La Liga,Tete Morente,Elche,ESP,"MF,FW",25,1996,32,2068
La Liga,Álex Collado,Elche,ESP,MF,23,1999,15,722
La Liga,Édgar Badía,Elche,ESP,GK,30,1992,36,3240
La Liga,Adri Embarba,Espanyol,ESP,"FW,MF",30,1992,1,35
La Liga,Adrià Pedrosa,Espanyol,ESP,DF,24,1998,7,229
La Liga,Aleix Vidal,Espanyol,ESP,"MF,FW",32,1989,25,1025
La Liga,Benjamin Lecomte,Espanyol,FRA,GK,31,1991,10,899
La Liga,Brian Oliván,Espanyol,ESP,DF,28,1994,30,2403
La Liga,César Montes,Espanyol,MEX,DF,25,1997,20,1590
La Liga,Dani Gómez,Espanyol,ESP,FW,24,1998,8,88
La Liga,Denis Suárez,Espanyol,ESP,MF,28,1994,18,945
La Liga,Edu Expósito,Espanyol,ESP,MF,25,1996,28,1160
La Liga,Fernando Calero,Espanyol,ESP,"DF,MF",26,1995,27,1611
La Liga,Fernando Pacheco,Espanyol,ESP,GK,30,1992,16,1440
La Liga,Javi Puado,Espanyol,ESP,"MF,FW",24,1998,37,2340
La Liga,Joan García,Espanyol,ESP,GK,21,2001,1,90
La Liga,Joselu,Espanyol,ESP,FW,32,1990,34,2990
La Liga,José Carlos Lazo,Espanyol,ESP,MF,26,1996,10,159
La Liga,José Gragera,Espanyol,ESP,"MF,DF",21,2000,9,460
La Liga,Keidi Bare,Espanyol,ALB,MF,24,1997,18,503
La Liga,Leandro Cabrera,Espanyol,URU,DF,31,1991,32,2669
La Liga,Luca Koleosho,Espanyol,ITA,MF,17,2004,4,59
La Liga,Martin Braithwaite,Espanyol,DEN,"FW,MF",31,1991,31,2456
La Liga,Nabil Touaizi,Espanyol,MAR,MF,21,2001,1,3
La Liga,Nico Ribaudo,Espanyol,ESP,"MF,FW",21,2001,32,1248
La Liga,Omar El Hilali,Espanyol,MAR,DF,18,2003,5,92
La Liga,Pol Lozano,Espanyol,ESP,MF,22,1999,4,17
La Liga,Roger Martínez,Espanyol,ESP,MF,18,2004,1,7
La Liga,Ronaël Pierre-Gabriel,Espanyol,FRA,DF,24,1998,8,236
La Liga,Rubén,Espanyol,ESP,"MF,DF",21,2001,18,888
La Liga,Sergi Darder,Espanyol,ESP,MF,28,1993,38,3320
La Liga,Sergi Gómez,Espanyol,ESP,DF,30,1992,29,2339
La Liga,Simo,Espanyol,ESP,DF,17,2005,7,148
La Liga,Vinicius Souza,Espanyol,BRA,MF,23,1999,34,2428
La Liga,Álvaro Fernández,Espanyol,ESP,GK,24,1998,11,990
La Liga,Óscar Gil,Espanyol,ESP,DF,25,1997,33,2559
La Liga,Alejandro Revuelta Montero,Getafe,ESP,DF,22,2000,1,1
La Liga,Borja Mayoral,Getafe,ESP,FW,25,1997,35,2759
La Liga,Carles Aleñá,Getafe,ESP,"MF,FW",24,1998,35,2119
La Liga,Damián Suárez,Getafe,URU,"DF,MF",34,1988,28,1946
La Liga,David Soria,Getafe,ESP,GK,29,1993,38,3420
La Liga,Djené,Getafe,TOG,DF,30,1991,33,2840
La Liga,Domingos Duarte,Getafe,POR,DF,27,1995,31,2657
La Liga,Enes Ünal,Getafe,TUR,FW,25,1997,35,2970
La Liga,Fabrizio Angileri,Getafe,ARG,DF,28,1994,15,585
La Liga,Gastón Álvarez,Getafe,URU,DF,22,2000,22,1501
La Liga,Gonzalo Villar,Getafe,ESP,MF,24,1998,16,457
La Liga,Iglesias,Getafe,ESP,DF,24,1998,32,2146
La Liga,Jaime Mata,Getafe,ESP,"FW,MF",33,1988,18,437
La Liga,Jaime Seoane,Getafe,ESP,MF,25,1997,16,326
La Liga,Jordan Amavi,Getafe,FRA,DF,28,1994,5,200
La Liga,Juanmi Latasa,Getafe,ESP,FW,21,2001,18,448
La Liga,Luis Milla,Getafe,ESP,MF,27,1994,27,1856
La Liga,Mauro Arambarri,Getafe,URU,MF,26,1995,13,992
La Liga,Moises Parra Gutierrez,Getafe,ESP,MF,20,2002,1,10
La Liga,Munir El Haddadi,Getafe,MAR,"MF,FW",26,1995,28,1150
La Liga,Nemanja Maksimović,Getafe,SRB,MF,27,1995,29,2053
La Liga,Omar Alderete,Getafe,PAR,DF,25,1996,25,2047
La Liga,Portu,Getafe,ESP,"MF,DF",30,1992,34,1770
La Liga,Stefan Mitrović,Getafe,SRB,DF,32,1990,22,1680
La Liga,Ángel Algobia,Getafe,ESP,MF,23,1999,26,1138
La Liga,Aleix García,Girona,ESP,MF,25,1997,30,2337
La Liga,Alexander Callens,Girona,PER,DF,30,1992,6,120
La Liga,Arnau Martinez,Girona,ESP,DF,19,2003,33,2732
La Liga,Bernardo Espinosa,Girona,COL,DF,33,1989,20,1225
La Liga,Borja García,Girona,ESP,"MF,FW",31,1990,11,679
La Liga,Cristhian Stuani,Girona,URU,FW,35,1986,32,1090
La Liga,David López,Girona,ESP,"DF,MF",32,1989,20,1652
La Liga,Iván Martín,Girona,ESP,MF,23,1999,24,1586
La Liga,Javi Hernández,Girona,ESP,DF,24,1998,25,1116
La Liga,Joel Roca,Girona,ESP,FW,17,2005,5,84
La Liga,Juan Carlos,Girona,ESP,GK,34,1988,10,900
La Liga,Juanpe,Girona,ESP,DF,31,1991,19,1426
La Liga,Manu Vallejo,Girona,ESP,"MF,FW",25,1997,7,206
La Liga,Miguel Gutiérrez,Girona,ESP,"DF,MF",21,2001,34,2390
La Liga,Oriol Romeu,Girona,ESP,MF,30,1991,33,2950
La Liga,Oscar Ureña,Girona,DOM,MF,19,2003,3,100
La Liga,Paulo Gazzaniga,Girona,ARG,GK,30,1992,28,2520
La Liga,Ramón Terrats,Girona,ESP,MF,21,2000,8,212
La Liga,Reinier,Girona,BRA,"MF,FW",20,2002,18,647
La Liga,Ricard Artero,Girona,ESP,MF,19,2003,7,133
La Liga,Rodrigo Riquelme,Girona,ESP,"MF,FW",22,2000,34,2179
La Liga,Samuel Sáiz,Girona,ESP,MF,31,1991,8,240
La Liga,Santiago Bueno,Girona,URU,DF,23,1998,34,3010
La Liga,Toni Villa,Girona,ESP,MF,27,1995,24,895
La Liga,Valentín Castellanos,Girona,ARG,FW,23,1998,35,2597
La Liga,Valery Fernández,Girona,ESP,"MF,DF",22,1999,25,967
La Liga,Viktor Tsyhankov,Girona,UKR,MF,24,1997,19,1489
La Liga,Yan Couto,Girona,BRA,"MF,DF",20,2002,25,1158
La Liga,Yangel Herrera,Girona,VEN,MF,24,1998,20,963
La Liga,Abdón Prats,Mallorca,ESP,FW,29,1992,26,416
La Liga,Amath,Mallorca,SEN,"MF,FW",26,1996,28,1227
La Liga,Antonio Raillo,Mallorca,ESP,DF,30,1991,31,2766
La Liga,Antonio Sánchez,Mallorca,ESP,"MF,DF",25,1997,32,1076
La Liga,Braian Cufré,Mallorca,ARG,"MF,DF",25,1996,5,220
La Liga,Clément Grenier,Mallorca,FRA,MF,31,1991,21,718
La Liga,Copete,Mallorca,ESP,DF,22,1999,28,2206
La Liga,Dani Rodríguez,Mallorca,ESP,MF,34,1988,35,2100
La Liga,Dennis Hadžikadunić,Mallorca,BIH,DF,24,1998,8,614
La Liga,Dominik Greif,Mallorca,SVK,GK,25,1997,1,90
La Liga,Franco Russo,Mallorca,ARG,DF,27,1994,3,145
La Liga,Giovanni González,Mallorca,URU,"DF,MF",27,1994,15,926
La Liga,Iddrisu Baba,Mallorca,GHA,MF,26,1996,29,1705
La Liga,Iñigo Ruiz de Galarreta,Mallorca,ESP,MF,28,1993,30,2449
La Liga,Jaume Costa,Mallorca,ESP,DF,34,1988,32,2599
La Liga,Javier Llabrés,Mallorca,ESP,MF,19,2002,1,17
La Liga,Josep Antoni Gayá,Mallorca,ESP,DF,22,2000,2,98
La Liga,Lago Junior,Mallorca,CIV,"FW,MF",31,1990,5,52
La Liga,Lee Kang-in,Mallorca,KOR,"MF,FW",21,2001,36,2823
La Liga,Leo Román,Mallorca,ESP,GK,22,2000,1,90
La Liga,Ludwig Augustinsson,Mallorca,SWE,DF,28,1994,4,132
La Liga,Manu Morlanes,Mallorca,ESP,MF,23,1999,12,706
La Liga,Martin Valjent,Mallorca,SVK,DF,26,1995,30,2656
La Liga,Matija Nastasić,Mallorca,SRB,DF,29,1993,14,906
La Liga,Pablo Maffeo,Mallorca,ESP,DF,25,1997,35,2975
La Liga,Predrag Rajković,Mallorca,SRB,GK,26,1995,36,3240
La Liga,Rodrigo Battaglia,Mallorca,ARG,MF,31,1991,15,686
La Liga,Rubén Quintanilla,Mallorca,ESP,MF,20,2002,1,4
La Liga,Tino Kadewere,Mallorca,ZIM,"FW,MF",26,1996,15,542
La Liga,Vedat Muriqi,Mallorca,KVX,FW,28,1994,35,2937
La Liga,Ángel Rodríguez,Mallorca,ESP,FW,35,1987,17,394
La Liga,Abde Ezzalzouli,Osasuna,MAR,"FW,MF",20,2001,28,1504
La Liga,Aimar Oroz,Osasuna,ESP,"MF,FW",20,2001,31,2013
La Liga,Aitor Fernández,Osasuna,ESP,GK,31,1991,21,1890
La Liga,Ante Budimir,Osasuna,CRO,FW,31,1991,31,1798
La Liga,Aridane Hernández,Osasuna,ESP,DF,33,1989,23,1793
La Liga,Darko Brašanac,Osasuna,SRB,MF,30,1992,25,1041
La Liga,David García,Osasuna,ESP,DF,28,1994,32,2680
La Liga,Diego Moreno,Osasuna,ESP,DF,21,2001,11,638
La Liga,Ezequiel Ávila,Osasuna,ARG,"FW,MF",28,1994,29,1709
La Liga,Iker Benito,Osasuna,ESP,MF,19,2002,4,176
La Liga,Iker Muñoz,Osasuna,ESP,MF,19,2002,8,254
La Liga,Jon Moncayola,Osasuna,ESP,"MF,DF",24,1998,37,2448
La Liga,Jorge Herrando,Osasuna,ESP,DF,21,2001,1,25
La Liga,Juan Cruz Armada,Osasuna,ESP,DF,30,1992,27,2062
La Liga,Kike Barja,Osasuna,ESP,"FW,MF",25,1997,27,1312
La Liga,Kiké,Osasuna,ESP,FW,32,1989,35,1021
La Liga,Lucas Torró,Osasuna,ESP,MF,28,1994,33,2477
La Liga,Manu Sánchez,Osasuna,ESP,DF,21,2000,31,2124
La Liga,Moi Gómez,Osasuna,ESP,MF,28,1994,33,2453
La Liga,Nacho Vidal,Osasuna,ESP,DF,27,1995,20,1247
La Liga,Pablo Ibáñez,Osasuna,ESP,MF,23,1998,25,1064
La Liga,Roberto Torres,Osasuna,ESP,MF,33,1989,2,11
La Liga,Rubén García,Osasuna,ESP,"MF,FW",29,1993,29,1159
La Liga,Rubén Peña,Osasuna,ESP,"DF,MF",31,1991,20,1277
La Liga,Sergio Herrera,Osasuna,ESP,GK,29,1993,17,1530
La Liga,Unai García,Osasuna,ESP,DF,30,1992,21,1713
La Liga,Abdul Mumin,Rayo Vallecano,GHA,DF,24,1998,16,922
La Liga,Andrés Martín,Rayo Vallecano,ESP,MF,23,1999,9,205
La Liga,Bebé,Rayo Vallecano,CPV,"FW,MF",32,1990,4,60
La Liga,Catena,Rayo Vallecano,ESP,DF,27,1994,35,3103
La Liga,Diego López,Rayo Vallecano,ESP,GK,40,1981,2,96
La Liga,Diego Méndez,Rayo Vallecano,ESP,MF,18,2003,1,1
La Liga,Esteban Saveljich,Rayo Vallecano,MNE,DF,31,1991,1,1
La Liga,Florian Lejeune,Rayo Vallecano,FRA,DF,31,1991,31,2565
La Liga,Fran Garcia,Rayo Vallecano,ESP,DF,22,1999,38,3407
La Liga,Isaac Palazón Camacho,Rayo Vallecano,ESP,MF,27,1994,37,2965
La Liga,Iván Balliu,Rayo Vallecano,ALB,DF,30,1992,37,3232
La Liga,José Pozo,Rayo Vallecano,ESP,MF,26,1996,8,88
La Liga,Mario Hernández,Rayo Vallecano,ESP,DF,23,1999,3,103
La Liga,Mario Suárez,Rayo Vallecano,ESP,MF,35,1987,2,12
La Liga,Pablo Muñoz,Rayo Vallecano,ESP,MF,18,2003,2,12
La Liga,Pathé Ciss,Rayo Vallecano,SEN,MF,28,1994,32,1282
La Liga,Pep Chavarría,Rayo Vallecano,ESP,MF,24,1998,16,366
La Liga,Radamel Falcao,Rayo Vallecano,COL,FW,36,1986,27,616
La Liga,Randy Nteka,Rayo Vallecano,ANG,"FW,MF",24,1997,10,116
La Liga,Raúl de Tomás,Rayo Vallecano,ESP,FW,27,1994,19,805
La Liga,Salvi,Rayo Vallecano,ESP,MF,31,1991,24,490
La Liga,Santi Comesaña,Rayo Vallecano,ESP,MF,25,1996,35,2451
La Liga,Sergio Camello,Rayo Vallecano,ESP,FW,21,2001,38,2401
La Liga,Stole Dimitrievski,Rayo Vallecano,MKD,GK,28,1993,37,3324
La Liga,Unai López,Rayo Vallecano,ESP,MF,26,1995,34,1254
La Liga,Álvaro García,Rayo Vallecano,ESP,MF,29,1992,35,2870
La Liga,Óscar Trejo,Rayo Vallecano,ARG,"MF,FW",34,1988,34,2145
La Liga,Óscar Valentín,Rayo Vallecano,ESP,MF,27,1994,34,2555
La Liga,Abner,Real Betis,BRA,DF,22,2000,13,607
La Liga,Aitor Ruibal,Real Betis,ESP,"DF,MF",26,1996,26,1454
La Liga,Andrés Guardado,Real Betis,MEX,MF,35,1986,26,1373
La Liga,Ayoze Pérez,Real Betis,ESP,"MF,FW",29,1993,19,1386
La Liga,Borja Iglesias,Real Betis,ESP,FW,29,1993,35,2365
La Liga,Claudio Bravo,Real Betis,CHI,GK,39,1983,12,1080
La Liga,Felix Garreta,Real Betis,ESP,DF,18,2004,1,90
La Liga,Fran Delgado,Real Betis,ESP,DF,21,2001,1,12
La Liga,Germán Pezzella,Real Betis,ARG,DF,31,1991,31,2511
La Liga,Guido Rodríguez,Real Betis,ARG,MF,28,1994,34,2872
La Liga,Joaquín,Real Betis,ESP,MF,41,1981,22,496
La Liga,Juan Cruz,Real Betis,ESP,MF,22,2000,6,178
La Liga,Juan Miranda,Real Betis,ESP,DF,22,2000,21,1472
La Liga,Juanmi,Real Betis,ESP,MF,29,1993,22,925
La Liga,Loren Morón,Real Betis,ESP,FW,28,1993,2,15
La Liga,Luiz Felipe,Real Betis,ITA,DF,25,1997,23,1763
La Liga,Luiz Henrique,Real Betis,BRA,MF,21,2001,33,1807
La Liga,Martín Montoya,Real Betis,ESP,DF,31,1991,6,453
La Liga,Nabil Fekir,Real Betis,FRA,MF,29,1993,15,961
La Liga,Paul Akouokou,Real Betis,CIV,"MF,DF",24,1997,12,447
La Liga,Roberto González,Real Betis,ESP,MF,21,2001,2,54
La Liga,Rodri,Real Betis,ESP,MF,22,2000,30,1601
La Liga,Rui Silva,Real Betis,POR,GK,28,1994,26,2340
La Liga,Sergio Canales,Real Betis,ESP,MF,31,1991,31,2402
La Liga,Víctor Ruiz,Real Betis,ESP,DF,33,1989,10,560
La Liga,William Carvalho,Real Betis,POR,MF,30,1992,33,2438
La Liga,Willian José,Real Betis,BRA,FW,30,1991,28,731
La Liga,Youssouf Sabaly,Real Betis,SEN,DF,29,1993,23,1680
La Liga,Álex Moreno,Real Betis,ESP,DF,29,1993,15,1350
La Liga,Édgar González,Real Betis,ESP,DF,25,1997,25,1772
La Liga,Andriy Lunin,Real Madrid,UKR,GK,23,1999,7,630
La Liga,Antonio Rüdiger,Real Madrid,GER,DF,29,1993,33,2415
La Liga,Aurélien Tchouaméni,Real Madrid,FRA,MF,22,2000,33,2119
La Liga,Casemiro,Real Madrid,BRA,MF,30,1992,1,8
La Liga,Dani Carvajal,Real Madrid,ESP,DF,30,1992,27,1784
La Liga,Dani Ceballos,Real Madrid,ESP,MF,25,1996,30,1564
La Liga,David Alaba,Real Madrid,AUT,DF,30,1992,23,1838
La Liga,Eden Hazard,Real Madrid,BEL,FW,31,1991,6,196
La Liga,Eduardo Camavinga,Real Madrid,FRA,"MF,DF",19,2002,37,2010
La Liga,Federico Valverde,Real Madrid,URU,"MF,FW",24,1998,34,2502
La Liga,Ferland Mendy,Real Madrid,FRA,DF,27,1995,18,1351
La Liga,Jesús Vallejo,Real Madrid,ESP,DF,25,1997,1,22
La Liga,Karim Benzema,Real Madrid,FRA,FW,34,1987,24,2038
La Liga,Lucas Vázquez,Real Madrid,ESP,DF,31,1991,23,1144
La Liga,Luka Modrić,Real Madrid,CRO,MF,36,1985,33,1744
La Liga,Marco Asensio,Real Madrid,ESP,"FW,MF",26,1996,31,1442
La Liga,Mariano,Real Madrid,DOM,FW,28,1993,9,157
La Liga,Nacho,Real Madrid,ESP,DF,32,1990,27,1637
La Liga,Rodrygo,Real Madrid,BRA,FW,21,2001,34,2379
La Liga,Sergio Arribas,Real Madrid,ESP,MF,20,2001,2,19
La Liga,Thibaut Courtois,Real Madrid,BEL,GK,30,1992,31,2790
La Liga,Toni Kroos,Real Madrid,GER,MF,32,1990,30,2155
La Liga,Vinicius Júnior,Real Madrid,BRA,FW,22,2000,33,2823
La Liga,Álvaro Odriozola,Real Madrid,ESP,DF,26,1995,3,39
La Liga,Álvaro Rodríguez,Real Madrid,URU,FW,18,2004,6,79
La Liga,Éder Militão,Real Madrid,BRA,DF,24,1998,33,2703
La Liga,Aihen Muñoz,Real Sociedad,ESP,DF,24,1997,23,1756
La Liga,Alex Sola,Real Sociedad,ESP,DF,23,1999,10,349
La Liga,Alexander Isak,Real Sociedad,SWE,FW,22,1999,2,152
La Liga,Alexander Sørloth,Real Sociedad,NOR,FW,26,1995,34,2386
La Liga,Ander Barrenetxea,Real Sociedad,ESP,"DF,MF",20,2001,23,878
La Liga,Ander Guevara,Real Sociedad,ESP,MF,25,1997,8,221
La Liga,Ander Martin,Real Sociedad,ESP,MF,21,2000,3,41
La Liga,Andoni Gorosabel,Real Sociedad,ESP,DF,25,1996,27,1708
La Liga,Aritz Elustondo,Real Sociedad,ESP,DF,28,1994,25,1449
La Liga,Asier Illarramendi,Real Sociedad,ESP,MF,32,1990,24,1076
La Liga,Beñat Turrientes,Real Sociedad,ESP,MF,20,2002,6,106
La Liga,Brais Méndez,Real Sociedad,ESP,MF,25,1997,34,2407
La Liga,Carlos Fernández,Real Sociedad,ESP,FW,26,1996,24,631
La Liga,David Silva,Real Sociedad,ESP,"MF,FW",36,1986,28,1937
La Liga,Diego Rico,Real Sociedad,ESP,DF,29,1993,20,1646
La Liga,Igor Zubeldia,Real Sociedad,ESP,DF,25,1997,31,2542
La Liga,Jon Karrikaburu,Real Sociedad,ESP,FW,19,2002,6,93
La Liga,Jon Magunazelaia,Real Sociedad,ESP,MF,21,2001,2,65
La Liga,Jon Pacheco,Real Sociedad,ESP,DF,21,2001,17,1193
La Liga,Martín Zubimendi,Real Sociedad,ESP,MF,23,1999,36,3101
La Liga,Mikel Merino,Real Sociedad,ESP,MF,26,1996,33,2494
La Liga,Mikel Oyarzabal,Real Sociedad,ESP,"FW,MF",25,1997,23,1214
La Liga,Mohamed Ali Cho,Real Sociedad,FRA,"FW,MF",18,2004,19,587
La Liga,Olasagasti,Real Sociedad,ESP,MF,21,2000,3,65
La Liga,Pablo Marín,Real Sociedad,ESP,MF,19,2003,10,360
La Liga,Roberto Navarro,Real Sociedad,ESP,MF,20,2002,17,351
La Liga,Robin Le Normand,Real Sociedad,ESP,DF,25,1996,33,2796
La Liga,Takefusa Kubo,Real Sociedad,JPN,"FW,MF",21,2001,35,2439
La Liga,Umar Sadiq,Real Sociedad,NGA,FW,25,1997,2,82
La Liga,Álex Remiro,Real Sociedad,ESP,GK,27,1995,38,3420
La Liga,Adnan Januzaj,Sevilla,BEL,MF,27,1995,2,47
La Liga,Alex Telles,Sevilla,BRA,"DF,MF",29,1992,27,1427
La Liga,Bryan Gil,Sevilla,ESP,MF,21,2001,17,918
La Liga,Carlos Álvarez,Sevilla,ESP,MF,18,2003,1,10
La Liga,Carmona,Sevilla,ESP,DF,20,2002,10,527
La Liga,Diego Iturralde,Sevilla,ESP,DF,19,2003,1,45
La Liga,Fernando,Sevilla,BRA,"MF,DF",35,1987,22,1577
La Liga,Gonzalo Montiel,Sevilla,ARG,DF,25,1997,28,1524
La Liga,Isco,Sevilla,ESP,"MF,FW",30,1992,12,799
La Liga,Ivan Rakitić,Sevilla,CRO,MF,34,1988,31,1788
La Liga,Iván Romero,Sevilla,ESP,"FW,MF",21,2001,1,11
La Liga,Jesús Corona,Sevilla,MEX,MF,29,1993,4,111
La Liga,Jesús Navas,Sevilla,ESP,"DF,MF",36,1985,32,1981
La Liga,Joan Jordán,Sevilla,ESP,MF,28,1994,23,1592
La Liga,Karim Rekik,Sevilla,NED,DF,27,1994,16,1181
La Liga,Kasper Dolberg,Sevilla,DEN,FW,24,1997,4,197
La Liga,Kike Salas,Sevilla,ESP,DF,20,2002,6,368
La Liga,Loïc Bade,Sevilla,FRA,DF,22,2000,19,1449
La Liga,Lucas Ocampos,Sevilla,ARG,"MF,FW",28,1994,19,1165
La Liga,Manu Bueno,Sevilla,ESP,MF,18,2004,2,149
La Liga,Marcos Acuña,Sevilla,ARG,DF,30,1991,30,1912
La Liga,Marcão,Sevilla,BRA,DF,26,1996,5,375
La Liga,Marko Dmitrović,Sevilla,SRB,GK,30,1992,15,1269
La Liga,Nemanja Gudelj,Sevilla,SRB,"DF,MF",30,1991,34,2779
La Liga,Pape Gueye,Sevilla,SEN,MF,23,1999,16,1171
La Liga,Papu Gómez,Sevilla,ARG,MF,34,1988,19,1065
La Liga,Pedro Ortiz,Sevilla,ESP,MF,21,2000,1,1
La Liga,Rafa Mir,Sevilla,ESP,FW,25,1997,26,1298
La Liga,Suso,Sevilla,ESP,"MF,FW",28,1993,25,1065
La Liga,Tanguy Nianzou,Sevilla,FRA,DF,20,2002,19,1366
La Liga,Thomas Delaney,Sevilla,DEN,MF,30,1991,8,309
La Liga,Yassine Bounou,Sevilla,MAR,GK,31,1991,25,2151
La Liga,Youssef En-Nesyri,Sevilla,MAR,FW,25,1997,31,1661
La Liga,Érik Lamela,Sevilla,ARG,"MF,FW",30,1992,32,1844
La Liga,Óliver Torres,Sevilla,ESP,MF,27,1994,32,2137
La Liga,Alberto Marí,Valencia,ESP,FW,21,2001,5,86
La Liga,André Almeida,Valencia,POR,MF,22,2000,34,2539
La Liga,Carlos Soler,Valencia,ESP,MF,25,1997,3,242
La Liga,Cenk Özkacar,Valencia,TUR,DF,21,2000,17,1365
La Liga,Cristhian Mosquera,Valencia,ESP,DF,18,2004,3,145
La Liga,Diego López,Valencia,ESP,MF,20,2002,10,447
La Liga,Dimitri Foulquier,Valencia,FRA,DF,29,1993,30,1738
La Liga,Edinson Cavani,Valencia,URU,FW,35,1987,25,1449
La Liga,Eray Cömert,Valencia,SUI,DF,24,1998,23,1672
La Liga,Francisco Perez,Valencia,ESP,MF,19,2002,7,141
La Liga,Gabriel Paulista,Valencia,BRA,DF,31,1990,21,1504
La Liga,Giorgi Mamardashvili,Valencia,GEO,GK,21,2000,38,3420
La Liga,Hugo Duro,Valencia,ESP,FW,22,1999,30,1385
La Liga,Hugo Guillamón,Valencia,ESP,MF,22,2000,25,1632
La Liga,Ilaix Moriba,Valencia,GUI,MF,19,2003,24,1011
La Liga,Javier Guerra,Valencia,ESP,MF,19,2003,10,605
La Liga,Jesus Vazquez,Valencia,ESP,DF,19,2003,10,310
La Liga,José Luis Gayà,Valencia,ESP,DF,27,1995,31,2709
La Liga,Justin Kluivert,Valencia,NED,"FW,MF",23,1999,26,1447
La Liga,Marcos André,Valencia,BRA,FW,25,1996,17,447
La Liga,Maxi Gómez,Valencia,URU,FW,25,1996,3,108
La Liga,Mouctar Diakhaby,Valencia,GUI,DF,25,1996,29,2446
La Liga,Nicolás González,Valencia,ESP,MF,20,2002,26,1405
La Liga,Samu Castillejo,Valencia,ESP,"FW,MF",27,1995,25,1362
La Liga,Samuel Lino,Valencia,BRA,"FW,MF",22,1999,38,2887
La Liga,Thierry Correia,Valencia,POR,DF,23,1999,27,2009
La Liga,Toni Lato,Valencia,ESP,"DF,MF",24,1997,24,914
La Liga,Yunus Musah,Valencia,USA,MF,19,2002,33,2110
La Liga,Anuar,Valladolid,MAR,"MF,FW",27,1995,3,210
La Liga,Babatunde Akinsola,Valladolid,NGA,MF,19,2003,1,11
La Liga,Cyle Larin,Valladolid,CAN,FW,27,1995,19,1469
La Liga,Darwin Machís,Valladolid,VEN,"MF,FW",29,1993,11,599
La Liga,David Torres,Valladolid,ESP,DF,19,2003,7,385
La Liga,Gonzalo Plata,Valladolid,ECU,"FW,MF",21,2000,34,2302
La Liga,Iván Fresneda,Valladolid,ESP,"DF,MF",17,2004,22,1743
La Liga,Iván Sánchez,Valladolid,ESP,"MF,FW",29,1992,25,1154
La Liga,Javi Sánchez,Valladolid,ESP,DF,25,1997,32,2392
La Liga,Jawad El Yamiq,Valladolid,MAR,DF,30,1992,25,1608
La Liga,Joaquín Fernández,Valladolid,ESP,DF,26,1996,27,2156
La Liga,Jordi Masip,Valladolid,ESP,GK,33,1989,28,2507
La Liga,Juanjo Narváez,Valladolid,COL,MF,27,1995,5,148
La Liga,Kenedy,Valladolid,BRA,FW,26,1996,12,275
La Liga,Kike Pérez,Valladolid,ESP,MF,25,1997,36,2307
La Liga,Lucas Olaza,Valladolid,URU,DF,28,1994,23,1494
La Liga,Lucas Oliveira Rosa,Valladolid,BRA,"DF,MF",22,2000,17,931
La Liga,Luis Pérez,Valladolid,ESP,"DF,MF",27,1995,18,1213
La Liga,Manuel Pozo,Valladolid,ESP,FW,20,2001,1,19
La Liga,Martin Hongla,Valladolid,CMR,"DF,MF",24,1998,16,1306
La Liga,Mickael Malsa,Valladolid,MTQ,MF,26,1995,5,69
La Liga,Monchu,Valladolid,ESP,MF,22,1999,33,2031
La Liga,Roberto Arroyo,Valladolid,ESP,FW,18,2003,1,15
La Liga,Roque Mesa,Valladolid,ESP,MF,33,1989,29,1617
La Liga,Selim Amallah,Valladolid,MAR,"MF,FW",25,1996,7,267
La Liga,Sergi Guardiola,Valladolid,ESP,FW,31,1991,14,502
La Liga,Sergio Asenjo,Valladolid,ESP,GK,33,1989,10,900
La Liga,Sergio Escudero,Valladolid,ESP,"DF,MF",32,1989,23,1439
La Liga,Sergio León,Valladolid,ESP,FW,33,1989,29,1334
La Liga,Shon Weissman,Valladolid,ISR,FW,26,1996,15,747
La Liga,Sékou Gassama,Valladolid,SEN,FW,27,1995,1,36
La Liga,Toni Villa,Valladolid,ESP,MF,27,1995,2,91
La Liga,Zouhair Feddal,Valladolid,MAR,DF,33,1989,8,375
La Liga,Álvaro Aceves,Valladolid,ESP,GK,19,2003,1,13
La Liga,Álvaro Aguado,Valladolid,ESP,MF,26,1996,34,1888
La Liga,Óscar Plano,Valladolid,ESP,"MF,FW",31,1991,33,2038
La Liga,Alberto Del Moral,Villarreal,ESP,MF,22,2000,1,5
La Liga,Alberto Moreno,Villarreal,ESP,DF,30,1992,24,1296
La Liga,Alfonso Pedraza,Villarreal,ESP,DF,26,1996,26,1633
La Liga,Arnaut Danjuma,Villarreal,NED,FW,25,1997,10,479
La Liga,Aïssa Mandi,Villarreal,ALG,DF,30,1991,21,1461
La Liga,Daniel Parejo,Villarreal,ESP,MF,33,1989,37,3285
La Liga,Diego Collado,Villarreal,ESP,"FW,MF",21,2001,2,6
La Liga,Fernando Niño,Villarreal,ESP,FW,21,2000,3,22
La Liga,Filip Jørgensen,Villarreal,DEN,GK,20,2002,2,180
La Liga,Francis Coquelin,Villarreal,FRA,MF,31,1991,16,748
La Liga,Gerard Moreno,Villarreal,ESP,FW,30,1992,21,1230
La Liga,Gerónimo Rulli,Villarreal,ARG,GK,30,1992,14,1260
La Liga,Giovani Lo Celso,Villarreal,ARG,"MF,FW",26,1996,22,1126
La Liga,Haissem Hassan,Villarreal,EGY,MF,20,2002,2,52
La Liga,Johan Mojica,Villarreal,COL,DF,29,1992,17,642
La Liga,Jorge Cuenca,Villarreal,ESP,DF,22,1999,10,506
La Liga,José Luis Morales,Villarreal,ESP,FW,35,1987,29,1211
La Liga,Juan Foyth,Villarreal,ARG,DF,24,1998,24,1958
La Liga,Kiko Femenía,Villarreal,ESP,DF,31,1991,20,1133
La Liga,Mamadou Fall,Villarreal,SEN,DF,19,2002,1,30
La Liga,Manu Morlanes,Villarreal,ESP,MF,23,1999,4,158
La Liga,Manu Trigueros,Villarreal,ESP,MF,30,1991,23,828
La Liga,Nicolas Jackson,Villarreal,SEN,FW,21,2001,26,1598
La Liga,Pascu,Villarreal,ESP,FW,19,2003,2,10
La Liga,Pau Torres,Villarreal,ESP,DF,25,1997,34,3054
La Liga,Pepe Reina,Villarreal,ESP,GK,39,1982,22,1980
La Liga,Ramón Terrats,Villarreal,ESP,MF,21,2000,16,816
La Liga,Raúl Albiol,Villarreal,ESP,DF,36,1985,25,2119
La Liga,Samuel Chukwueze,Villarreal,NGA,"FW,MF",23,1999,37,2339
La Liga,Yéremy Pino,Villarreal,ESP,"MF,FW",19,2002,36,2447
La Liga,Álex Baena,Villarreal,ESP,"MF,FW",21,2001,35,1947
La Liga,Étienne Capoue,Villarreal,FRA,MF,34,1988,28,1955
Ligue 1,Anthony Khelifa,Ajaccio,ALG,DF,16,2005,2,10
Ligue 1,Ben Hamed Touré,Ajaccio,CIV,FW,18,2003,4,209
Ligue 1,Benjamin Leroy,Ajaccio,FRA,GK,33,1989,32,2798
Ligue 1,Bevic Moussiti-Oko,Ajaccio,CGO,FW,27,1995,17,698
Ligue 1,Clément Vidal,Ajaccio,FRA,DF,22,2000,26,1901
Ligue 1,Cyrille Bayala,Ajaccio,BFA,MF,26,1996,33,2009
Ligue 1,Cédric Avinel,Ajaccio,GLP,DF,35,1986,24,1794
Ligue 1,Fernand Mayembo,Ajaccio,CGO,DF,26,1996,11,707
Ligue 1,Florian Chabrolle,Ajaccio,FRA,MF,24,1998,7,329
Ligue 1,François-Joseph Sollacaro,Ajaccio,FRA,GK,28,1994,6,540
Ligue 1,Ghjuvanni Quilichini,Ajaccio,FRA,GK,19,2002,1,82
Ligue 1,Ismael Diallo,Ajaccio,CIV,DF,25,1997,28,2176
Ligue 1,Ivane Chegra,Ajaccio,FRA,MF,18,2004,6,193
Ligue 1,Kevin Spadanuda,Ajaccio,SUI,MF,25,1997,22,1063
Ligue 1,Kouamé Botué,Ajaccio,BFA,FW,19,2002,8,229
Ligue 1,Mathieu Coutadeur,Ajaccio,FRA,MF,36,1986,27,1947
Ligue 1,Mehdi Puch-Herrantz,Ajaccio,FRA,MF,18,2004,4,47
Ligue 1,Mickaël Alphonse,Ajaccio,GLP,DF,33,1989,26,1361
Ligue 1,Mickaël Barreto,Ajaccio,FRA,MF,31,1991,20,1325
Ligue 1,Mohamed Youssouf,Ajaccio,COM,DF,34,1988,30,2459
Ligue 1,Mounaim El Idrissy,Ajaccio,FRA,FW,23,1999,32,2497
Ligue 1,Moussa Djitte,Ajaccio,SEN,FW,22,1999,6,136
Ligue 1,Moussa Soumano,Ajaccio,FRA,FW,17,2005,14,495
Ligue 1,Oumar Gonzalez,Ajaccio,CMR,DF,24,1998,30,2578
Ligue 1,Paolo Lebas,Ajaccio,FRA,MF,19,2003,1,55
Ligue 1,Qazim Laçi,Ajaccio,ALB,MF,26,1996,9,212
Ligue 1,Riad Nouri,Ajaccio,FRA,MF,37,1985,33,1693
Ligue 1,Romain Hamouma,Ajaccio,FRA,FW,35,1987,19,1079
Ligue 1,Ruan Levine,Ajaccio,BRA,FW,23,1999,3,24
Ligue 1,Thomas Mangani,Ajaccio,FRA,MF,35,1987,26,1332
Ligue 1,Tony Strata,Ajaccio,ROU,MF,17,2004,3,138
Ligue 1,Vincent Marchetti,Ajaccio,FRA,MF,25,1997,31,2452
Ligue 1,Yanis Cimignani,Ajaccio,FRA,MF,20,2002,8,279
Ligue 1,Yoann Touzghar,Ajaccio,TUN,FW,35,1986,11,447
Ligue 1,Youcef Belaïli,Ajaccio,ALG,"MF,FW",30,1992,17,1150
Ligue 1,Youssouf Koné,Ajaccio,MLI,DF,27,1995,13,916
Ligue 1,Abdallah Sima,Angers,SEN,FW,21,2001,34,1836
Ligue 1,Abdoulaye Bamba,Angers,CIV,DF,32,1990,21,1364
Ligue 1,Adrien Hunou,Angers,FRA,"MF,FW",28,1994,34,2234
Ligue 1,Amine Salama,Angers,FRA,"FW,MF",22,2000,25,1249
Ligue 1,Antonin Bobichon,Angers,FRA,"FW,MF",26,1995,3,18
Ligue 1,Azzedine Ounahi,Angers,MAR,MF,22,2000,15,1129
Ligue 1,Batista Mendy,Angers,FRA,"MF,DF",22,2000,35,2859
Ligue 1,Cédric Hountondji,Angers,BEN,DF,28,1994,36,3095
Ligue 1,Faouzi Ghoulam,Angers,ALG,DF,31,1991,7,479
Ligue 1,Farid El Melali,Angers,ALG,"DF,MF",25,1997,17,806
Ligue 1,Halid Šabanović,Angers,BIH,"DF,MF",22,1999,15,638
Ligue 1,Himad Abdelli,Angers,ALG,"MF,FW",22,1999,30,2137
Ligue 1,Ibrahim Amadou,Angers,FRA,DF,29,1993,7,424
Ligue 1,Ibrahima Niane,Angers,SEN,FW,23,1999,16,1136
Ligue 1,Ilyes Cheti,Angers,ALG,DF,27,1995,6,207
Ligue 1,Jason Mbock,Angers,FRA,FW,22,1999,2,25
Ligue 1,Jean Mattéo Bahoya,Angers,FRA,FW,17,2005,10,270
Ligue 1,Justin-Noël Kalumba,Angers,FRA,DF,17,2004,7,546
Ligue 1,Lilian Raolisoa,Angers,FRA,"DF,MF",22,2000,7,173
Ligue 1,Lois Diony,Angers,FRA,FW,29,1992,11,506
Ligue 1,Marin Jakoliš,Angers,CRO,"FW,MF",25,1996,1,28
Ligue 1,Miha Blažič,Angers,SVN,DF,29,1993,24,1979
Ligue 1,Nabil Bentaleb,Angers,ALG,MF,27,1994,30,2489
Ligue 1,Ousmane Camara,Angers,MLI,DF,19,2003,9,521
Ligue 1,Paul Bernardoni,Angers,FRA,GK,25,1997,27,2430
Ligue 1,Pierrick Capelle,Angers,FRA,"MF,DF",35,1987,26,1428
Ligue 1,Sada Thioub,Angers,SEN,"DF,MF",27,1995,27,1060
Ligue 1,Sofiane Boufal,Angers,MAR,"MF,FW",28,1993,13,834
Ligue 1,Souleyman Doumbia,Angers,CIV,"DF,MF",25,1996,24,1790
Ligue 1,Waniss Taibi,Angers,FRA,MF,20,2002,11,189
Ligue 1,Yahia Fofana,Angers,CIV,GK,21,2000,11,990
Ligue 1,Yan Valery,Angers,TUN,DF,23,1999,30,2497
Ligue 1,Zinédine Ould Khaled,Angers,FRA,MF,22,2000,4,51
Ligue 1,Akim Zedadka,Auxerre,ALG,"MF,DF",27,1995,20,1599
Ligue 1,Alexandre Coeff,Auxerre,FRA,DF,30,1992,7,586
Ligue 1,Benoît Costil,Auxerre,FRA,GK,35,1987,19,1710
Ligue 1,Birama Touré,Auxerre,MLI,MF,30,1992,38,3400
Ligue 1,Brayann Pereira,Auxerre,FRA,DF,19,2003,2,180
Ligue 1,Donovan Léon,Auxerre,GUF,GK,29,1992,2,180
Ligue 1,Dénys Bain,Auxerre,FRA,DF,29,1993,2,126
Ligue 1,Gauthier Hein,Auxerre,FRA,MF,25,1996,35,1874
Ligue 1,Gaëtan Charbonnier,Auxerre,FRA,FW,33,1988,6,254
Ligue 1,Gaëtan Perrin,Auxerre,FRA,"MF,FW",26,1996,37,1391
Ligue 1,Gideon Mensah,Auxerre,GHA,"DF,MF",24,1998,26,2262
Ligue 1,Hamza Sakhi,Auxerre,FRA,MF,26,1996,27,1658
Ligue 1,Han-Noah Massengo,Auxerre,FRA,MF,21,2001,14,1116
Ligue 1,Ionuț Radu,Auxerre,ROU,GK,25,1997,17,1530
Ligue 1,Jubal,Auxerre,BRA,DF,28,1993,37,3217
Ligue 1,Julian Jeanvier,Auxerre,GUI,DF,30,1992,22,1760
Ligue 1,Kays Ruiz,Auxerre,FRA,MF,19,2002,1,62
Ligue 1,Kenji-Van Boto,Auxerre,MAD,"MF,DF",26,1996,2,180
Ligue 1,Kévin Danois,Auxerre,FRA,MF,18,2004,1,2
Ligue 1,Lassine Sinayoko,Auxerre,MLI,"MF,FW",22,1999,33,1570
Ligue 1,M'Baye Niang,Auxerre,SEN,FW,27,1994,30,1482
Ligue 1,Mathias Autret,Auxerre,FRA,MF,31,1991,23,1290
Ligue 1,Matthis Abline,Auxerre,FRA,FW,19,2003,19,806
Ligue 1,Nuno da Costa,Auxerre,CPV,"FW,MF",31,1991,33,2003
Ligue 1,Ousmane Camara,Auxerre,GUI,FW,20,2001,3,24
Ligue 1,Paul Joly,Auxerre,FRA,DF,22,2000,10,867
Ligue 1,Quentin Bernard,Auxerre,FRA,DF,33,1989,7,630
Ligue 1,Rayan Raveloson,Auxerre,MAD,"DF,MF",25,1997,34,2431
Ligue 1,Rémy Dugimont,Auxerre,FRA,"FW,MF",36,1986,11,113
Ligue 1,Siriki Dembélé,Auxerre,CIV,MF,25,1996,12,372
Ligue 1,Souleymane Touré,Auxerre,FRA,DF,19,2003,19,1588
Ligue 1,Théo Pellenard,Auxerre,FRA,DF,28,1994,2,99
Ligue 1,Youssouf M'Changama,Auxerre,COM,MF,31,1990,26,1081
Ligue 1,Achraf Dari,Brest,MAR,DF,23,1999,18,1317
Ligue 1,Alberth Elis,Brest,HON,MF,26,1996,10,257
Ligue 1,Axel Camblan,Brest,FRA,FW,18,2003,7,68
Ligue 1,Bradley Locko,Brest,FRA,DF,20,2002,7,270
Ligue 1,Brendan Chardonnet,Brest,FRA,DF,27,1994,30,2491
Ligue 1,Christophe Hérelle,Brest,MTQ,DF,29,1992,16,1060
Ligue 1,Franck Honorat,Brest,FRA,"MF,FW",25,1996,33,2535
Ligue 1,Félix Lemaréchal,Brest,FRA,MF,18,2003,13,288
Ligue 1,Haris Belkebla,Brest,ALG,MF,28,1994,38,2656
Ligue 1,Hianga'a Mbock,Brest,FRA,MF,22,1999,2,15
Ligue 1,Hugo Magnetti,Brest,FRA,MF,24,1998,32,1688
Ligue 1,Irvin Cardona,Brest,MLT,FW,24,1997,10,233
Ligue 1,Islam Slimani,Brest,ALG,FW,34,1988,16,986
Ligue 1,Jean-Kevin Duverne,Brest,HAI,DF,25,1997,34,2515
Ligue 1,Jere Uronen,Brest,FIN,DF,28,1994,6,300
Ligue 1,Joaquín Blázquez,Brest,ARG,GK,21,2001,1,90
Ligue 1,Jérémy Le Douaron,Brest,FRA,"MF,FW",24,1998,32,2071
Ligue 1,Karamoko Dembélé,Brest,ENG,"FW,MF",19,2003,15,179
Ligue 1,Kenny Lala,Brest,MAD,DF,30,1991,17,1417
Ligue 1,Lilian Brassier,Brest,FRA,DF,22,1999,36,3093
Ligue 1,Mahdi Camara,Brest,FRA,MF,24,1998,31,1820
Ligue 1,Marco Bizot,Brest,NED,GK,31,1991,37,3330
Ligue 1,Mathias Pereira Lage,Brest,POR,"MF,FW",25,1996,24,1264
Ligue 1,Noah Fadiga,Brest,SEN,DF,22,1999,21,1308
Ligue 1,Pierre Lees-Melou,Brest,FRA,MF,29,1993,32,2767
Ligue 1,Romain Del Castillo,Brest,FRA,"MF,FW",26,1996,27,1422
Ligue 1,Steve Mounié,Brest,BEN,FW,27,1994,23,1655
Ligue 1,Taïryk Arconte,Brest,FRA,FW,18,2003,4,128
Ligue 1,Youcef Belaïli,Brest,ALG,"MF,FW",30,1992,6,356
Ligue 1,Alidu Seidu,Clermont Foot,GHA,DF,22,2000,28,2458
Ligue 1,Arial Mendy,Clermont Foot,SEN,MF,27,1994,5,223
Ligue 1,Aïman Maurer,Clermont Foot,MAR,MF,17,2004,10,501
Ligue 1,Baila Diallo,Clermont Foot,FRA,DF,21,2001,6,89
Ligue 1,Brandon Baiye,Clermont Foot,BEL,MF,21,2000,7,51
Ligue 1,Cheick Konaté,Clermont Foot,MLI,DF,18,2004,9,572
Ligue 1,Elba Rashani,Clermont Foot,KVX,MF,29,1993,32,2162
Ligue 1,Florent Ogier,Clermont Foot,FRA,DF,33,1989,26,1701
Ligue 1,Grejohn Kyei,Clermont Foot,FRA,FW,26,1995,37,2232
Ligue 1,Jason Berthomier,Clermont Foot,FRA,MF,32,1990,2,23
Ligue 1,Jean-Claude Billong,Clermont Foot,CMR,DF,28,1993,1,23
Ligue 1,Jim Allevinah,Clermont Foot,GAB,MF,27,1995,36,2244
Ligue 1,Jodel Dossou,Clermont Foot,BEN,MF,30,1992,9,258
Ligue 1,Johan Gastien,Clermont Foot,FRA,MF,34,1988,31,2603
Ligue 1,Jérémie Bela,Clermont Foot,ANG,MF,29,1993,19,743
Ligue 1,Komnen Andrić,Clermont Foot,SRB,FW,27,1995,34,1446
Ligue 1,Mateusz Wieteska,Clermont Foot,POL,DF,25,1997,35,3117
Ligue 1,Maxime Gonalons,Clermont Foot,FRA,MF,33,1989,25,1449
Ligue 1,Maximiliano Caufriez,Clermont Foot,BEL,DF,25,1997,26,2222
Ligue 1,Mehdi Zeffane,Clermont Foot,ALG,"MF,DF",30,1992,18,658
Ligue 1,Mory Diaw,Clermont Foot,SEN,GK,29,1993,37,3330
Ligue 1,Muhammed Cham,Clermont Foot,AUT,MF,21,2000,38,1968
Ligue 1,Neto Borges,Clermont Foot,BRA,"MF,DF",25,1996,33,2833
Ligue 1,Ouparine Djoco,Clermont Foot,GNB,GK,24,1998,1,90
Ligue 1,Saîf-Eddine Khaoui,Clermont Foot,TUN,MF,27,1995,34,2027
Ligue 1,Souleymane Cissé,Clermont Foot,FRA,DF,19,2002,2,36
Ligue 1,Yanis Massolin,Clermont Foot,FRA,MF,19,2002,6,60
Ligue 1,Yohann Magnin,Clermont Foot,FRA,MF,25,1997,38,2399
Ligue 1,Adam Buksa,Lens,POL,FW,26,1996,8,101
Ligue 1,Adrien Thomasson,Lens,FRA,"MF,FW",28,1993,20,1278
Ligue 1,Alexis Claude-Maurice,Lens,FRA,"MF,FW",24,1998,20,604
Ligue 1,Angelo Fulgini,Lens,NCL,"MF,FW",25,1996,17,858
Ligue 1,Brice Samba,Lens,FRA,GK,28,1994,37,3330
Ligue 1,Christopher Wooh,Lens,CMR,DF,20,2001,1,4
Ligue 1,David Costa,Lens,POR,"MF,FW",21,2001,31,1407
Ligue 1,Deiver Machado,Lens,COL,MF,28,1993,33,2184
Ligue 1,Facundo Medina,Lens,ARG,DF,23,1999,32,2779
Ligue 1,Florian Sotoca,Lens,FRA,"MF,FW",31,1990,38,3054
Ligue 1,Gaël Kakuta,Lens,COD,"FW,MF",31,1991,2,22
Ligue 1,Ignatius Ganago,Lens,CMR,"FW,MF",23,1999,4,59
Ligue 1,Ismaël Boura,Lens,COM,DF,21,2000,9,93
Ligue 1,Jean Onana,Lens,CMR,"MF,DF",22,2000,21,810
Ligue 1,Jean-Louis Leca,Lens,FRA,GK,36,1985,1,90
Ligue 1,Jimmy Cabot,Lens,FRA,MF,28,1994,11,511
Ligue 1,Jonathan Gradit,Lens,FRA,DF,29,1992,33,2823
Ligue 1,Julien Le Cardinal,Lens,FRA,"MF,DF",24,1997,8,165
Ligue 1,Kevin Danso,Lens,AUT,DF,23,1998,37,3232
Ligue 1,Loïs Openda,Lens,BEL,FW,22,2000,38,2517
Ligue 1,Massadio Haïdara,Lens,MLI,"DF,MF",29,1992,36,1671
Ligue 1,Patrick Berg,Lens,NOR,"DF,MF",24,1997,3,25
Ligue 1,Przemysław Frankowski,Lens,POL,MF,27,1995,37,2833
Ligue 1,Rémy Labeau Lascary,Lens,GLP,"FW,MF",19,2003,10,123
Ligue 1,Salis Abdul Samed,Lens,GHA,MF,22,2000,33,2894
Ligue 1,Seko Fofana,Lens,CIV,MF,27,1995,35,3073
Ligue 1,Steven Fortes,Lens,CPV,DF,30,1992,1,7
Ligue 1,Wesley Saïd,Lens,FRA,FW,27,1995,21,644
Ligue 1,Łukasz Poręba,Lens,POL,MF,22,2000,10,260
Ligue 1,Adam Ounas,Lille,ALG,MF,25,1996,21,1064
Ligue 1,Akim Zedadka,Lille,ALG,"DF,MF",27,1995,8,354
Ligue 1,Alan Virginius,Lille,FRA,FW,19,2003,15,258
Ligue 1,Alexsandro Ribeiro,Lille,BRA,DF,22,1999,21,1612
Ligue 1,Amine Messoussa,Lille,ALG,FW,17,2004,1,1
Ligue 1,André Gomes,Lille,POR,MF,29,1993,26,1629
Ligue 1,Angel Gomes,Lille,ENG,MF,21,2000,36,2816
Ligue 1,Bafodé Diakité,Lille,FRA,DF,21,2001,33,2653
Ligue 1,Benjamin André,Lille,FRA,MF,31,1990,34,2916
Ligue 1,Carlos Baleba,Lille,CMR,"MF,FW",18,2004,19,478
Ligue 1,Edon Zhegrova,Lille,KVX,MF,23,1999,22,1056
Ligue 1,Gabriel Gudmundsson,Lille,SWE,"DF,MF",23,1999,18,838
Ligue 1,Ismaily,Lille,BRA,"DF,MF",32,1990,23,1779
Ligue 1,Jonas Martin,Lille,FRA,MF,32,1990,12,277
Ligue 1,Jonathan Bamba,Lille,CIV,MF,26,1996,34,2783
Ligue 1,Jonathan David,Lille,CAN,"FW,MF",22,2000,37,3166
Ligue 1,José Fonte,Lille,POR,DF,38,1983,31,2592
Ligue 1,Leny Yoro,Lille,FRA,"DF,MF",16,2005,13,769
Ligue 1,Lucas Chevalier,Lille,FRA,GK,20,2001,32,2880
Ligue 1,Léo Jardim,Lille,BRA,GK,27,1995,6,540
Ligue 1,Mohamed Lamine Bayo,Lille,GUI,FW,24,1998,27,651
Ligue 1,Rémy Cabella,Lille,FRA,MF,32,1990,32,2525
Ligue 1,Simon Ramet,Lille,FRA,MF,19,2003,1,1
Ligue 1,Tiago Djaló,Lille,POR,DF,22,2000,25,2017
Ligue 1,Timothy Weah,Lille,USA,"DF,MF",22,2000,29,1748
Ligue 1,Yusuf Yazıcı,Lille,TUR,MF,25,1997,4,200
Ligue 1,Adil Aouchiche,Lorient,ALG,MF,20,2002,11,250
Ligue 1,Adrian Grbić,Lorient,AUT,"FW,MF",25,1996,2,25
Ligue 1,Armand Lauriente,Lorient,FRA,"MF,FW",23,1998,3,266
Ligue 1,Ayman Kari,Lorient,FRA,MF,17,2004,5,96
Ligue 1,Bamba Dieng,Lorient,SEN,"FW,MF",22,2000,15,747
Ligue 1,Bamo Meïté,Lorient,CIV,DF,20,2001,17,1503
Ligue 1,Bonke Innocent,Lorient,NGA,MF,26,1996,25,1182
Ligue 1,Chrislain Matsima,Lorient,FRA,DF,20,2002,6,227
Ligue 1,Dango Ouattara,Lorient,BFA,"MF,FW",20,2002,18,1548
Ligue 1,Darlin Yongwa,Lorient,CMR,"MF,DF",21,2000,14,781
Ligue 1,Eli Junior Kroupi,Lorient,FRA,"FW,MF",16,2006,1,8
Ligue 1,Enzo Le Fée,Lorient,FRA,MF,22,2000,35,3028
Ligue 1,Gédéon Kalulu,Lorient,COD,"DF,MF",24,1997,29,2438
Ligue 1,Ibrahima Koné,Lorient,MLI,FW,23,1999,37,1577
Ligue 1,Igor Carioca,Lorient,BRA,"DF,MF",25,1996,7,456
Ligue 1,Jean-Victor Makengo,Lorient,FRA,MF,24,1998,15,1064
Ligue 1,Julien Laporte,Lorient,FRA,DF,28,1993,20,1654
Ligue 1,Julien Ponceau,Lorient,FRA,MF,21,2000,31,1655
Ligue 1,Laurent Abergel,Lorient,FRA,MF,29,1993,29,2342
Ligue 1,Montassar Talbi,Lorient,TUN,DF,24,1998,38,3420
Ligue 1,Quentin Boisgard,Lorient,FRA,MF,25,1997,5,184
Ligue 1,Romain Faivre,Lorient,FRA,MF,24,1998,16,1246
Ligue 1,Siriné Doucouré,Lorient,MLI,FW,20,2002,12,136
Ligue 1,Stéphane Diarra,Lorient,FRA,"MF,FW",23,1998,28,1066
Ligue 1,Terem Moffi,Lorient,NGA,FW,23,1999,18,1386
Ligue 1,Théo Le Bris,Lorient,FRA,"MF,DF",19,2002,27,1452
Ligue 1,Vincent Le Goff,Lorient,FRA,DF,32,1989,37,3330
Ligue 1,Vito Mannone,Lorient,ITA,GK,34,1988,18,1608
Ligue 1,Yoann Cathline,Lorient,FRA,MF,20,2002,23,1090
Ligue 1,Yvon Mvogo,Lorient,SUI,GK,28,1994,21,1812
Ligue 1,Alexandre Lacazette,Lyon,FRA,FW,31,1991,35,2929
Ligue 1,Amin Sarr,Lyon,SWE,FW,21,2001,13,537
Ligue 1,Anthony Lopes,Lyon,POR,GK,31,1990,32,2816
Ligue 1,Bradley Barcola,Lyon,FRA,"FW,MF",19,2002,26,1440
Ligue 1,Castello Lukeba,Lyon,FRA,DF,19,2002,34,2986
Ligue 1,Corentin Tolisso,Lyon,FRA,MF,27,1994,30,2036
Ligue 1,Damien Da Silva,Lyon,FRA,DF,34,1988,7,338
Ligue 1,Dejan Lovren,Lyon,CRO,DF,33,1989,17,1459
Ligue 1,Henrique,Lyon,BRA,"DF,MF",28,1994,7,356
Ligue 1,Houssem Aouar,Lyon,ALG,"MF,FW",24,1998,16,526
Ligue 1,Jeff Reine-Adélaïde,Lyon,FRA,MF,24,1998,14,336
Ligue 1,Jeffinho,Lyon,BRA,"MF,FW",22,1999,9,446
Ligue 1,Johann Lepenant,Lyon,FRA,MF,19,2002,31,1933
Ligue 1,Jérôme Boateng,Lyon,GER,DF,33,1988,8,428
Ligue 1,Karl Toko Ekambi,Lyon,CMR,"FW,MF",29,1992,19,1353
Ligue 1,Lucas Paquetá,Lyon,BRA,MF,24,1997,2,159
Ligue 1,Malo Gusto,Lyon,FRA,"DF,MF",19,2003,21,1595
Ligue 1,Mamadou Sarr,Lyon,SEN,DF,16,2005,1,8
Ligue 1,Maxence Caqueret,Lyon,FRA,MF,22,2000,36,2767
Ligue 1,Mohamed El Arouch,Lyon,FRA,MF,18,2004,1,2
Ligue 1,Moussa Dembélé,Lyon,FRA,FW,26,1996,23,877
Ligue 1,Nicolás Tagliafico,Lyon,ARG,"DF,MF",29,1992,34,2991
Ligue 1,Rayan Cherki,Lyon,FRA,"MF,FW",18,2003,34,1872
Ligue 1,Romain Faivre,Lyon,FRA,MF,24,1998,10,300
Ligue 1,Rémy Riou,Lyon,FRA,GK,34,1987,7,601
Ligue 1,Sael Kumbedi,Lyon,FRA,"DF,MF",17,2005,20,1320
Ligue 1,Sinaly Diomande,Lyon,CIV,DF,21,2001,24,1957
Ligue 1,Tetê,Lyon,BRA,"FW,MF",22,2000,17,1107
Ligue 1,Thiago Mendes,Lyon,BRA,"MF,DF",30,1992,31,2063
Ligue 1,Alexis Sánchez,Marseille,CHI,"FW,MF",33,1988,35,2679
Ligue 1,Amine Harit,Marseille,MAR,"MF,FW",25,1997,10,515
Ligue 1,Arkadiusz Milik,Marseille,POL,FW,28,1994,2,129
Ligue 1,Azzedine Ounahi,Marseille,MAR,MF,22,2000,7,121
Ligue 1,Bamba Dieng,Marseille,SEN,FW,22,2000,10,194
Ligue 1,Cengiz Ünder,Marseille,TUR,MF,25,1997,37,2490
Ligue 1,Chancel Mbemba,Marseille,COD,DF,27,1994,36,2849
Ligue 1,Cédric Bakambu,Marseille,COD,FW,31,1991,3,59
Ligue 1,Dimitri Payet,Marseille,FRA,MF,35,1987,24,835
Ligue 1,Duje Ćaleta-Car,Marseille,CRO,DF,25,1996,1,8
Ligue 1,Eric Bailly,Marseille,CIV,DF,28,1994,17,543
Ligue 1,François Mughe,Marseille,CMR,FW,18,2004,1,11
Ligue 1,Gerson,Marseille,BRA,MF,25,1997,10,417
Ligue 1,Issa Kaboré,Marseille,BFA,MF,21,2001,22,1028
Ligue 1,Jonathan Clauss,Marseille,FRA,MF,29,1992,34,2590
Ligue 1,Jordan Veretout,Marseille,FRA,MF,29,1993,38,2863
Ligue 1,Leonardo Balerdi,Marseille,ARG,DF,23,1999,35,2639
Ligue 1,Luis Suárez,Marseille,COL,FW,24,1997,7,293
Ligue 1,Mattéo Guendouzi,Marseille,FRA,MF,23,1999,33,2108
Ligue 1,Nuno Tavares,Marseille,POR,MF,22,2000,31,2349
Ligue 1,Pape Gueye,Marseille,SEN,MF,23,1999,14,492
Ligue 1,Pau López,Marseille,ESP,GK,27,1994,33,2925
Ligue 1,Rubén Blanco,Marseille,ESP,GK,27,1995,6,495
Ligue 1,Ruslan Malinovskyi,Marseille,UKR,"MF,FW",29,1993,20,1227
Ligue 1,Salim Ben Seghir,Marseille,FRA,FW,19,2003,1,4
Ligue 1,Samuel Gigot,Marseille,FRA,DF,28,1993,26,1879
Ligue 1,Sead Kolašinac,Marseille,BIH,"DF,MF",29,1993,33,2214
Ligue 1,Souleymane Touré,Marseille,FRA,DF,19,2003,5,68
Ligue 1,Valentin Rongier,Marseille,FRA,MF,27,1994,36,3032
Ligue 1,Vitinha,Marseille,POR,FW,22,2000,14,464
Ligue 1,Aleksandr Golovin,Monaco,RUS,MF,26,1996,34,2464
Ligue 1,Alexander Nübel,Monaco,GER,GK,25,1996,38,3420
Ligue 1,Axel Disasi,Monaco,FRA,DF,24,1998,38,3330
Ligue 1,Benoît Badiashile,Monaco,FRA,DF,21,2001,11,839
Ligue 1,Breel Embolo,Monaco,SUI,FW,25,1997,32,1859
Ligue 1,Caio Henrique,Monaco,BRA,DF,25,1997,35,2896
Ligue 1,Chrislain Matsima,Monaco,FRA,DF,20,2002,8,446
Ligue 1,Edan Diop,Monaco,FRA,MF,17,2004,7,223
Ligue 1,Eliesse Ben Seghir,Monaco,MAR,"FW,MF",17,2005,19,1052
Ligue 1,Eliot Matazo,Monaco,BEL,MF,20,2002,23,1175
Ligue 1,Gelson Martins,Monaco,POR,MF,27,1995,11,345
Ligue 1,Guillermo Maripán,Monaco,CHI,DF,28,1994,26,2157
Ligue 1,Ismail Jakobs,Monaco,SEN,"MF,DF",22,1999,32,1119
Ligue 1,Jean Lucas,Monaco,BRA,MF,24,1998,6,291
Ligue 1,Kevin Volland,Monaco,GER,"FW,MF",30,1992,17,639
Ligue 1,Krépin Diatta,Monaco,SEN,MF,23,1999,31,2072
Ligue 1,Maghnes Akliouche,Monaco,FRA,"MF,FW",20,2002,11,402
Ligue 1,Malang Sarr,Monaco,FRA,DF,23,1999,13,716
Ligue 1,Mohamed Camara,Monaco,MLI,MF,22,2000,29,2194
Ligue 1,Myron Boadu,Monaco,NED,FW,21,2001,12,295
Ligue 1,Ruben Aguilar,Monaco,FRA,DF,29,1993,20,1172
Ligue 1,Sofiane Diop,Monaco,MAR,MF,22,2000,1,65
Ligue 1,Soungoutou Magassa,Monaco,FRA,MF,18,2003,2,82
Ligue 1,Takumi Minamino,Monaco,JPN,"MF,FW",27,1995,18,724
Ligue 1,Vanderson,Monaco,BRA,"DF,MF",21,2001,31,2214
Ligue 1,Wissam Ben Yedder,Monaco,FRA,FW,31,1990,32,2114
Ligue 1,Youssouf Fofana,Monaco,FRA,MF,23,1999,36,3086
Ligue 1,Arnaud Nordin,Montpellier,FRA,"MF,FW",24,1998,36,2401
Ligue 1,Arnaud Souquet,Montpellier,FRA,DF,30,1992,12,361
Ligue 1,Axel Gueguin,Montpellier,FRA,FW,17,2005,5,24
Ligue 1,Benjamin Lecomte,Montpellier,FRA,GK,31,1991,19,1710
Ligue 1,Bingourou Kamara,Montpellier,SEN,GK,25,1996,5,408
Ligue 1,Boubakar Kouyaté,Montpellier,MLI,DF,25,1997,15,1256
Ligue 1,Béni Makouana,Montpellier,CGO,MF,19,2002,8,198
Ligue 1,Cheikh Faye,Montpellier,SEN,DF,23,1999,2,37
Ligue 1,Christopher Jullien,Montpellier,FRA,DF,29,1993,30,2695
Ligue 1,Elye Wahi,Montpellier,CIV,FW,19,2003,33,2513
Ligue 1,Enzo Tchato,Montpellier,CMR,DF,19,2002,21,1096
Ligue 1,Faitout Maouassa,Montpellier,FRA,"MF,DF",24,1998,33,1923
Ligue 1,Falaye Sacko,Montpellier,MLI,DF,27,1995,35,2580
Ligue 1,Issiaga Sylla,Montpellier,GUI,DF,28,1994,15,1305
Ligue 1,Jonas Omlin,Montpellier,SUI,GK,28,1994,14,1166
Ligue 1,Jordan Ferri,Montpellier,FRA,MF,30,1992,34,2738
Ligue 1,Joris Chotard,Montpellier,FRA,MF,20,2001,35,2461
Ligue 1,Khalil Fayad,Montpellier,FRA,MF,18,2004,24,718
Ligue 1,Léo Leroy,Montpellier,FRA,MF,22,2000,27,1192
Ligue 1,Mamadou Sakho,Montpellier,FRA,DF,32,1990,15,763
Ligue 1,Matis Carvalho,Montpellier,POR,GK,23,1999,2,136
Ligue 1,Maxime Estève,Montpellier,FRA,DF,20,2002,23,1646
Ligue 1,Nicolas Cozza,Montpellier,FRA,DF,23,1999,17,1277
Ligue 1,Pedro Mendes,Montpellier,POR,DF,31,1990,1,13
Ligue 1,Sacha Delaye,Montpellier,FRA,MF,20,2002,3,20
Ligue 1,Stephy Mavididi,Montpellier,ENG,"MF,FW",24,1998,26,1288
Ligue 1,Thibault Tamas,Montpellier,FRA,DF,21,2001,1,10
Ligue 1,Théo Sainte-Luce,Montpellier,FRA,DF,23,1998,9,534
Ligue 1,Téji Savanier,Montpellier,FRA,MF,30,1991,30,2546
Ligue 1,Valère Germain,Montpellier,FRA,"FW,MF",32,1990,31,688
Ligue 1,Wahbi Khazri,Montpellier,TUN,"MF,FW",31,1991,27,1635
Ligue 1,Abdoul Kader Bamba,Nantes,FRA,MF,28,1994,4,78
Ligue 1,Alban Lafont,Nantes,CIV,GK,23,1999,37,3329
Ligue 1,Andrei Girotto,Nantes,BRA,"DF,MF",30,1992,36,3149
Ligue 1,Andy Delort,Nantes,ALG,FW,30,1991,12,469
Ligue 1,Charles Traore,Nantes,MLI,DF,30,1992,12,482
Ligue 1,Dennis Appiah,Nantes,FRA,"DF,MF",30,1992,15,795
Ligue 1,Evann Guessand,Nantes,CIV,"MF,FW",21,2001,30,1260
Ligue 1,Fabien Centonze,Nantes,FRA,"DF,MF",26,1996,23,1689
Ligue 1,Florent Mollet,Nantes,FRA,MF,30,1991,19,1089
Ligue 1,Fábio,Nantes,BRA,"DF,MF",32,1990,6,224
Ligue 1,Ignatius Ganago,Nantes,CMR,"FW,MF",23,1999,28,1520
Ligue 1,Jaouen Hadjam,Nantes,ALG,"DF,MF",19,2003,13,805
Ligue 1,Jean-Charles Castelletto,Nantes,CMR,DF,27,1995,32,2568
Ligue 1,João Victor,Nantes,BRA,DF,24,1998,13,842
Ligue 1,Lohann Doucet,Nantes,BFA,MF,19,2002,9,91
Ligue 1,Ludovic Blas,Nantes,FRA,"MF,FW",24,1997,37,2813
Ligue 1,Marcus Coco,Nantes,FRA,"MF,FW",26,1996,26,641
Ligue 1,Mohamed Achi,Nantes,FRA,MF,20,2002,2,36
Ligue 1,Moses Simon,Nantes,NGA,"MF,FW",27,1995,34,2346
Ligue 1,Mostafa Mohamed,Nantes,EGY,FW,24,1997,36,1939
Ligue 1,Moussa Sissoko,Nantes,FRA,MF,32,1989,30,1918
Ligue 1,Nathan Zeze,Nantes,FRA,DF,17,2005,1,59
Ligue 1,Nicolas Pallois,Nantes,FRA,DF,34,1987,26,2213
Ligue 1,Pedro Chirivella,Nantes,ESP,MF,25,1997,26,2028
Ligue 1,Quentin Merlin,Nantes,FRA,"DF,MF",20,2002,24,1791
Ligue 1,Rémy Descamps,Nantes,FRA,GK,26,1996,1,90
Ligue 1,Samuel Moutoussamy,Nantes,COD,MF,25,1996,35,2399
Ligue 1,Stredair Appuah,Nantes,FRA,FW,18,2004,5,66
Ligue 1,Sébastien Corchia,Nantes,FRA,"DF,MF",31,1990,22,786
Ligue 1,Aaron Ramsey,Nice,WAL,MF,31,1990,27,1584
Ligue 1,Alexis Beka Beka,Nice,FRA,MF,21,2001,14,545
Ligue 1,Alexis Claude-Maurice,Nice,FRA,MF,24,1998,2,64
Ligue 1,Amine Gouiri,Nice,ALG,"MF,FW",22,2000,3,226
Ligue 1,Andréa Dacourt,Nice,FRA,MF,17,2005,1,1
Ligue 1,Andy Delort,Nice,ALG,FW,30,1991,14,781
Ligue 1,Antoine Mendy,Nice,SEN,"DF,MF",18,2004,11,518
Ligue 1,Ayoub Amraoui,Nice,MAR,DF,18,2004,7,294
Ligue 1,Badredine Bouanani,Nice,ALG,"FW,MF",17,2004,19,863
Ligue 1,Bilal Brahimi,Nice,ALG,"FW,MF",22,2000,26,800
Ligue 1,Calvin Stengs,Nice,NED,"MF,FW",23,1998,4,212
Ligue 1,Dante,Nice,BRA,DF,38,1983,37,3299
Ligue 1,Flavius Daniliuc,Nice,AUT,DF,21,2001,2,91
Ligue 1,Gaëtan Laborde,Nice,FRA,FW,28,1994,33,2506
Ligue 1,Hicham Boudaoui,Nice,ALG,MF,22,1999,27,1875
Ligue 1,Jean-Clair Todibo,Nice,FRA,DF,22,1999,34,2870
Ligue 1,Joe Bryan,Nice,ENG,MF,28,1993,6,177
Ligue 1,Jordan Lotomba,Nice,SUI,"DF,MF",23,1998,33,2453
Ligue 1,Kasper Schmeichel,Nice,DEN,GK,35,1986,36,3240
Ligue 1,Khéphren Thuram,Nice,FRA,MF,21,2001,35,2547
Ligue 1,Marcin Bułka,Nice,POL,GK,22,1999,2,180
Ligue 1,Mario Lemina,Nice,GAB,MF,28,1993,14,838
Ligue 1,Mattia Viti,Nice,ITA,DF,20,2002,9,634
Ligue 1,Melvin Bard,Nice,FRA,"DF,MF",21,2000,33,2456
Ligue 1,Nicolas Pépé,Nice,CIV,"FW,MF",27,1995,18,1495
Ligue 1,Pablo Rosario,Nice,DOM,"MF,DF",25,1997,31,1767
Ligue 1,Rareş Ilie,Nice,ROU,MF,19,2003,4,148
Ligue 1,Reda Belahyane,Nice,MAR,MF,18,2004,4,182
Ligue 1,Ross Barkley,Nice,ENG,"MF,FW",28,1993,27,960
Ligue 1,Sofiane Diop,Nice,MAR,"MF,FW",22,2000,22,1228
Ligue 1,Terem Moffi,Nice,NGA,FW,23,1999,16,1328
Ligue 1,Théo Trinker,Nice,FRA,MF,21,2001,1,1
Ligue 1,Youcef Atal,Nice,ALG,"DF,MF",26,1996,18,779
Ligue 1,Youssouf Ndayishimiye,Nice,BDI,"DF,MF",23,1998,10,568
Ligue 1,Achraf Hakimi,PSG,MAR,"MF,DF",23,1998,28,2053
Ligue 1,Alexandre Letellier,PSG,FRA,GK,31,1990,1,11
Ligue 1,Carlos Soler,PSG,ESP,MF,25,1997,26,1187
Ligue 1,Danilo Pereira,PSG,POR,"DF,MF",30,1991,33,2410
Ligue 1,El Chadaille Bitshiabu,PSG,FRA,DF,17,2005,13,583
Ligue 1,Fabián Ruiz Peña,PSG,ESP,MF,26,1996,27,1892
Ligue 1,Gianluigi Donnarumma,PSG,ITA,GK,23,1999,38,3409
Ligue 1,Hugo Ekitike,PSG,FRA,FW,20,2002,25,1155
Ligue 1,Ilyes Housni,PSG,FRA,FW,17,2005,1,11
Ligue 1,Ismaël Gharbi,PSG,TUN,MF,18,2004,6,58
Ligue 1,Juan Bernat,PSG,ESP,"MF,DF",29,1993,28,1648
Ligue 1,Kylian Mbappé,PSG,FRA,FW,23,1998,34,2818
Ligue 1,Leandro Paredes,PSG,ARG,MF,28,1994,3,52
Ligue 1,Lionel Messi,PSG,ARG,"FW,MF",35,1987,32,2837
Ligue 1,Marco Verratti,PSG,ITA,MF,29,1992,29,2194
Ligue 1,Marquinhos,PSG,BRA,DF,28,1994,33,2717
Ligue 1,Neymar,PSG,BRA,"MF,FW",30,1992,20,1545
Ligue 1,Nordi Mukiele,PSG,FRA,"MF,DF",24,1997,19,1137
Ligue 1,Nuno Mendes,PSG,POR,"MF,DF",20,2002,23,1548
Ligue 1,Pablo Sarabia,PSG,ESP,"FW,MF",30,1992,14,370
Ligue 1,Presnel Kimpembe,PSG,FRA,DF,26,1995,11,730
Ligue 1,Renato Sanches,PSG,POR,MF,24,1997,23,717
Ligue 1,Sergio Ramos,PSG,ESP,DF,36,1986,33,2704
Ligue 1,Timothee Pembele,PSG,FRA,"MF,DF",19,2002,5,263
Ligue 1,Vitinha,PSG,POR,MF,22,2000,36,2446
Ligue 1,Warren Zaïre-Emery,PSG,FRA,MF,16,2006,26,929
Ligue 1,Alexis Flips,Reims,FRA,"MF,DF",22,2000,33,1978
Ligue 1,Andrew Gravillon,Reims,GLP,DF,24,1998,13,1038
Ligue 1,Arber Zeneli,Reims,KVX,"MF,FW",27,1995,23,1000
Ligue 1,Azor Matusiwa,Reims,NED,MF,24,1998,30,2484
Ligue 1,Bradley Locko,Reims,FRA,"MF,DF",20,2002,15,1059
Ligue 1,Check Keita,Reims,FRA,DF,19,2003,9,682
Ligue 1,Dion Lopy,Reims,SEN,MF,20,2002,29,1379
Ligue 1,El Bilal Touré,Reims,MLI,FW,20,2001,3,91
Ligue 1,Emmanuel Agbadou,Reims,CIV,DF,25,1997,29,2388
Ligue 1,Fallou Fall,Reims,SEN,DF,18,2004,1,32
Ligue 1,Folarin Balogun,Reims,USA,FW,21,2001,37,2999
Ligue 1,Ibrahim Diakité,Reims,GUI,DF,18,2003,3,131
Ligue 1,Jens Cajuste,Reims,SWE,MF,22,1999,31,1530
Ligue 1,Junya Itō,Reims,JPN,"MF,FW",29,1993,35,2916
Ligue 1,Kaj Sierhuis,Reims,NED,FW,24,1998,14,218
Ligue 1,Kamory Doumbia,Reims,MLI,MF,19,2003,26,1155
Ligue 1,Mamadou Diakhon,Reims,SEN,FW,16,2005,2,21
Ligue 1,Marshall Munetsi,Reims,ZIM,MF,26,1996,34,2700
Ligue 1,Martin Adeline,Reims,FRA,MF,18,2003,5,107
Ligue 1,Maxime Busi,Reims,BEL,"MF,DF",22,1999,21,1043
Ligue 1,Mitchell van Bergen,Reims,NED,"MF,FW",22,1999,28,905
Ligue 1,Mo Touré,Reims,AUS,FW,18,2004,3,23
Ligue 1,Myziane Maolida,Reims,COM,MF,23,1999,9,232
Ligue 1,Nathanaël Mbuku,Reims,COD,"FW,MF",20,2002,6,66
Ligue 1,Noah Holm,Reims,NOR,FW,21,2001,8,194
Ligue 1,Patrick Pentz,Reims,AUT,GK,25,1997,7,630
Ligue 1,Rafik Guitane,Reims,FRA,"FW,MF",23,1999,1,3
Ligue 1,Samuel Koeberlé,Reims,FRA,MF,17,2004,1,3
Ligue 1,Thibault De Smet,Reims,BEL,DF,24,1998,22,1758
Ligue 1,Thomas Foket,Reims,BEL,DF,27,1994,24,1976
Ligue 1,Valentin Atangana Edoa,Reims,FRA,MF,16,2005,7,174
Ligue 1,Wout Faes,Reims,BEL,DF,24,1998,3,270
Ligue 1,Yehvann Diouf,Reims,SEN,GK,22,1999,31,2790
Ligue 1,Yunis Abdelhamid,Reims,MAR,DF,34,1987,37,3330
Ligue 1,Adrien Truffert,Rennes,FRA,DF,20,2001,28,1954
Ligue 1,Alan Do Marcolino,Rennes,GAB,FW,20,2002,3,19
Ligue 1,Amine Gouiri,Rennes,ALG,"FW,MF",22,2000,33,2523
Ligue 1,Arnaud Kalimuendo,Rennes,FRA,FW,20,2002,30,1849
Ligue 1,Arthur Theate,Rennes,BEL,DF,22,2000,35,3127
Ligue 1,Baptiste Santamaria,Rennes,FRA,MF,27,1995,25,1813
Ligue 1,Benjamin Bourigeaud,Rennes,FRA,"MF,FW",28,1994,37,3065
Ligue 1,Birger Meling,Rennes,NOR,DF,27,1994,27,1209
Ligue 1,Christopher Wooh,Rennes,CMR,DF,20,2001,13,1006
Ligue 1,Djed Spence,Rennes,ENG,DF,21,2000,8,573
Ligue 1,Doğan Alemdar,Rennes,TUR,GK,19,2002,6,406
Ligue 1,Désiré Doué,Rennes,FRA,"MF,FW",17,2005,26,1115
Ligue 1,Flavien Tait,Rennes,FRA,MF,29,1993,30,1680
Ligue 1,Gaëtan Laborde,Rennes,FRA,FW,28,1994,4,249
Ligue 1,Guéla Doué,Rennes,CIV,DF,19,2002,2,12
Ligue 1,Hamari Traoré,Rennes,MLI,DF,30,1992,31,2528
Ligue 1,Ibrahim Salah,Rennes,MAR,FW,20,2001,13,227
Ligue 1,Jeanuël Belocian,Rennes,FRA,DF,17,2005,8,506
Ligue 1,Jeremy Doku,Rennes,BEL,"MF,FW",20,2002,29,1291
Ligue 1,Joe Rodon,Rennes,WAL,DF,24,1997,16,1417
Ligue 1,Kamaldeen Sulemana,Rennes,GHA,"MF,FW",20,2002,14,326
Ligue 1,Karl Toko Ekambi,Rennes,CMR,"MF,FW",29,1992,17,972
Ligue 1,Lesley Ugochukwu,Rennes,FRA,MF,18,2004,26,1330
Ligue 1,Lorenz Assignon,Rennes,TOG,DF,22,2000,12,261
Ligue 1,Lovro Majer,Rennes,CRO,MF,24,1998,32,1668
Ligue 1,Loïc Bade,Rennes,FRA,DF,22,2000,1,90
Ligue 1,Martin Terrier,Rennes,FRA,"MF,FW",25,1997,16,1319
Ligue 1,Matthis Abline,Rennes,FRA,"FW,MF",19,2003,11,107
Ligue 1,Serhou Guirassy,Rennes,GUI,FW,26,1996,1,23
Ligue 1,Steve Mandanda,Rennes,FRA,GK,37,1985,34,3014
Ligue 1,Warmed Omari,Rennes,COM,DF,22,2000,16,1363
Ligue 1,Xeka,Rennes,POR,MF,27,1994,8,552
Ligue 1,Adrien Thomasson,Strasbourg,FRA,"MF,FW",28,1993,15,937
Ligue 1,Alexander Djiku,Strasbourg,GHA,DF,27,1994,31,2677
Ligue 1,Colin Dagba,Strasbourg,FRA,"MF,DF",23,1998,21,958
Ligue 1,Dany Jean,Strasbourg,HAI,MF,19,2002,2,13
Ligue 1,Dimitri Liénard,Strasbourg,FRA,"MF,DF",34,1988,28,1543
Ligue 1,Eduard Sobol,Strasbourg,UKR,"MF,DF",27,1995,15,870
Ligue 1,Franci Bouebari,Strasbourg,FRA,MF,18,2003,2,76
Ligue 1,Frederic Guilbert,Strasbourg,FRA,"MF,DF",27,1994,18,1461
Ligue 1,Gerzino Nyamsi,Strasbourg,CMR,DF,25,1997,20,1578
Ligue 1,Habib Diallo,Strasbourg,SEN,FW,27,1995,37,2879
Ligue 1,Habib Diarra,Strasbourg,SEN,"MF,FW",18,2004,29,1626
Ligue 1,Ibrahima Sissoko,Strasbourg,MLI,MF,24,1997,26,1310
Ligue 1,Ismaël Doukouré,Strasbourg,FRA,"DF,MF",19,2003,28,2297
Ligue 1,Jean-Eudes Aholou,Strasbourg,CIV,MF,28,1994,30,1300
Ligue 1,Jean-Ricner Bellegarde,Strasbourg,HAI,"MF,FW",24,1998,30,2419
Ligue 1,Karol Fila,Strasbourg,POL,DF,24,1998,2,47
Ligue 1,Kévin Gameiro,Strasbourg,FRA,FW,35,1987,34,2098
Ligue 1,Lebo Mothiba,Strasbourg,RSA,FW,26,1996,19,435
Ligue 1,Lucas Perrin,Strasbourg,FRA,DF,23,1998,26,1765
Ligue 1,Ludovic Ajorque,Strasbourg,FRA,FW,28,1994,13,771
Ligue 1,Marvin Senaya,Strasbourg,GHA,"DF,MF",21,2001,1,9
Ligue 1,Matz Sels,Strasbourg,BEL,GK,30,1992,38,3420
Ligue 1,Maxime Le Marchand,Strasbourg,FRA,DF,32,1989,26,2015
Ligue 1,Morgan Sanson,Strasbourg,FRA,MF,27,1994,18,1419
Ligue 1,Nordine Kandil,Strasbourg,FRA,MF,20,2001,7,101
Ligue 1,Ronaël Pierre-Gabriel,Strasbourg,FRA,"MF,DF",24,1998,14,653
Ligue 1,Sanjin Prcić,Strasbourg,BIH,MF,28,1993,29,1633
Ligue 1,Thomas Delaine,Strasbourg,FRA,MF,30,1992,17,1069
Ligue 1,Yuito Suzuki,Strasbourg,JPN,"FW,MF",20,2001,3,36
Ligue 1,Ado Onaiwu,Toulouse,JPN,"FW,MF",26,1995,34,1082
Ligue 1,Anthony Rouault,Toulouse,FRA,DF,21,2001,37,3314
Ligue 1,Branco van den Boomen,Toulouse,NED,MF,27,1995,35,2888
Ligue 1,Brecht Dejaegere,Toulouse,BEL,MF,31,1991,30,1809
Ligue 1,Christian Mawissa,Toulouse,FRA,DF,17,2005,2,98
Ligue 1,Denis Genreau,Toulouse,AUS,MF,23,1999,20,657
Ligue 1,Fares Chaïbi,Toulouse,ALG,"MF,FW",19,2002,36,2340
Ligue 1,Gabriel Suazo,Toulouse,CHI,DF,24,1997,18,1259
Ligue 1,Issiaga Sylla,Toulouse,GUI,DF,28,1994,17,1372
Ligue 1,Kévin Keben,Toulouse,CMR,"DF,MF",18,2004,11,362
Ligue 1,Logan Costa,Toulouse,CPV,DF,21,2001,6,415
Ligue 1,Maxime Dupé,Toulouse,FRA,GK,29,1993,38,3420
Ligue 1,Mikkel Desler,Toulouse,DEN,DF,27,1995,27,2257
Ligue 1,Moussa Diarra,Toulouse,MLI,DF,21,2000,23,1225
Ligue 1,Naatan Skyttä,Toulouse,FIN,MF,20,2002,2,23
Ligue 1,Nathan N'Goumou,Toulouse,CMR,MF,22,2000,1,90
Ligue 1,Oliver Zandén,Toulouse,SWE,MF,20,2001,5,146
Ligue 1,Rafael Ratão,Toulouse,BRA,"FW,MF",26,1995,30,1851
Ligue 1,Rasmus Nicolaisen,Toulouse,DEN,DF,25,1997,34,2995
Ligue 1,Rhys Healey,Toulouse,WAL,FW,27,1994,4,64
Ligue 1,Saïd Hamulic,Toulouse,BIH,FW,21,2000,6,104
Ligue 1,Stijn Spierings,Toulouse,NED,MF,26,1996,36,3120
Ligue 1,Theocharis Tsingaras,Toulouse,GRE,MF,21,2000,1,7
Ligue 1,Thijs Dallinga,Toulouse,NED,FW,21,2000,36,2353
Ligue 1,Veljko Birmančević,Toulouse,SRB,"MF,FW",24,1998,25,444
Ligue 1,Vincent Sierro,Toulouse,SUI,MF,26,1995,15,665
Ligue 1,Warren Kamanzi,Toulouse,NOR,"DF,MF",21,2000,11,665
Ligue 1,Yanis Begraoui,Toulouse,MAR,MF,21,2001,3,65
Ligue 1,Zakaria Aboukhlal,Toulouse,MAR,"MF,FW",22,2000,37,2473
Ligue 1,Abdu Conté,Troyes,POR,"DF,MF",24,1998,19,1315
Ligue 1,Adil Rami,Troyes,FRA,DF,36,1985,20,1596
Ligue 1,Alexis Tibidi,Troyes,FRA,MF,18,2003,3,74
Ligue 1,Amar Ahmed,Troyes,SWE,FW,18,2004,1,20
Ligue 1,Andreas Bruus,Troyes,DEN,"MF,DF",23,1999,27,1628
Ligue 1,Ante Palaversa,Troyes,CRO,MF,22,2000,2,31
Ligue 1,Derek Mazou-Sacko,Troyes,FRA,MF,17,2004,1,16
Ligue 1,Erik Palmer-Brown,Troyes,USA,DF,25,1997,38,3191
Ligue 1,Florian Tardieu,Troyes,FRA,MF,30,1992,15,1009
Ligue 1,Gauthier Gallon,Troyes,FRA,GK,29,1993,30,2667
Ligue 1,Ike Ugbo,Troyes,CAN,"FW,MF",23,1998,25,895
Ligue 1,Jackson Porozo,Troyes,ECU,DF,21,2000,22,1617
Ligue 1,Jeff Reine-Adélaïde,Troyes,FRA,MF,24,1998,6,233
Ligue 1,Jordan Dongmo,Troyes,CMR,MF,21,2001,2,20
Ligue 1,Kyliane Dong,Troyes,FRA,"MF,FW",17,2004,6,213
Ligue 1,Lucien Agoume,Troyes,FRA,MF,20,2002,15,1094
Ligue 1,Mama Samba Baldé,Troyes,GNB,"FW,MF",26,1995,34,2665
Ligue 1,Marlos Moreno,Troyes,COL,"FW,MF",25,1996,2,13
Ligue 1,Mateusz Lis,Troyes,POL,GK,25,1997,9,751
Ligue 1,Mathis Hamdi,Troyes,FRA,DF,18,2003,2,69
Ligue 1,Papa Ndiaga Yade,Troyes,MTN,"MF,DF",22,2000,14,568
Ligue 1,Renaud Ripart,Troyes,FRA,"FW,MF",29,1993,26,1320
Ligue 1,Rominigue Kouamé,Troyes,MLI,MF,25,1996,32,2661
Ligue 1,Rony Lopes,Troyes,POR,"MF,FW",26,1995,32,2346
Ligue 1,Rudy Kohon,Troyes,FRA,DF,18,2004,1,64
Ligue 1,Tanguy Zoukrou,Troyes,FRA,DF,19,2003,8,511
Ligue 1,Thierno Balde,Troyes,FRA,"MF,DF",20,2002,31,2153
Ligue 1,Tristan Dingomé,Troyes,CMR,"DF,MF",31,1991,8,99
Ligue 1,Wilson Odobert,Troyes,FRA,MF,17,2004,32,1764
Ligue 1,Xavier Chavalerin,Troyes,FRA,MF,31,1991,34,2426
Ligue 1,Yasser Larouci,Troyes,ALG,"MF,DF",21,2001,30,1797
Ligue 1,Yoann Salmier,Troyes,GUF,DF,29,1992,32,2646
Premier League,Aaron Ramsdale,Arsenal,ENG,GK,24,1998,38,3420
Premier League,Albert Sambi Lokonga,Arsenal,BEL,MF,22,1999,6,198
Premier League,Ben White,Arsenal,ENG,DF,24,1997,38,3055
Premier League,Bukayo Saka,Arsenal,ENG,"FW,MF",20,2001,38,3181
Premier League,Cédric Soares,Arsenal,POR,"DF,MF",30,1991,2,29
Premier League,Eddie Nketiah,Arsenal,ENG,FW,23,1999,30,1089
Premier League,Emile Smith Rowe,Arsenal,ENG,MF,22,2000,12,172
Premier League,Ethan Nwaneri,Arsenal,ENG,MF,15,2007,1,1
Premier League,Fabio Vieira,Arsenal,POR,MF,22,2000,22,514
Premier League,Gabriel Jesus,Arsenal,BRA,FW,25,1997,26,2064
Premier League,Gabriel Magalhães,Arsenal,BRA,DF,24,1997,38,3409
Premier League,Gabriel Martinelli,Arsenal,BRA,"FW,MF",21,2001,36,2789
Premier League,Granit Xhaka,Arsenal,SUI,MF,29,1992,37,2993
Premier League,Jakub Kiwior,Arsenal,POL,DF,22,2000,7,427
Premier League,Jorginho,Arsenal,ITA,MF,30,1991,14,855
Premier League,Kieran Tierney,Arsenal,SCO,DF,25,1997,27,795
Premier League,Leandro Trossard,Arsenal,BEL,FW,27,1994,20,931
Premier League,Marquinhos,Arsenal,BRA,MF,19,2003,1,1
Premier League,Martin Ødegaard,Arsenal,NOR,MF,23,1998,37,3127
Premier League,Mohamed Elneny,Arsenal,EGY,MF,30,1992,5,113
Premier League,Oleksandr Zinchenko,Arsenal,UKR,DF,25,1996,27,2118
Premier League,Reiss Nelson,Arsenal,ENG,"FW,MF",22,1999,11,212
Premier League,Rob Holding,Arsenal,ENG,DF,26,1995,14,566
Premier League,Takehiro Tomiyasu,Arsenal,JPN,DF,23,1998,21,663
Premier League,Thomas Partey,Arsenal,GHA,MF,29,1993,33,2483
Premier League,William Saliba,Arsenal,FRA,DF,21,2001,27,2415
Premier League,Ashley Young,Aston Villa,ENG,DF,37,1985,29,2036
Premier League,Bertrand Traoré,Aston Villa,BFA,MF,26,1995,8,233
Premier League,Boubacar Kamara,Aston Villa,FRA,MF,22,1999,24,1777
Premier League,Calum Chambers,Aston Villa,ENG,DF,27,1995,14,353
Premier League,Cameron Archer,Aston Villa,ENG,"FW,MF",21,2001,6,49
Premier League,Danny Ings,Aston Villa,ENG,FW,30,1992,18,824
Premier League,Diego Carlos,Aston Villa,BRA,DF,29,1993,3,205
Premier League,Douglas Luiz,Aston Villa,BRA,MF,24,1998,37,2927
Premier League,Emi Buendía,Aston Villa,ARG,"MF,FW",25,1996,38,2412
Premier League,Emiliano Martínez,Aston Villa,ARG,GK,29,1992,36,3139
Premier League,Ezri Konsa,Aston Villa,ENG,DF,24,1997,38,3322
Premier League,Jacob Ramsey,Aston Villa,ENG,MF,21,2001,35,2636
Premier League,Jan Bednarek,Aston Villa,POL,DF,26,1996,3,100
Premier League,John McGinn,Aston Villa,SCO,MF,27,1994,34,2693
Premier League,Jáder Durán,Aston Villa,COL,FW,18,2003,12,136
Premier League,Leander Dendoncker,Aston Villa,BEL,MF,27,1995,20,697
Premier League,Leon Bailey,Aston Villa,JAM,"FW,MF",24,1997,33,1967
Premier League,Lucas Digne,Aston Villa,FRA,DF,29,1993,28,1502
Premier League,Ludwig Augustinsson,Aston Villa,SWE,DF,28,1994,3,77
Premier League,Matty Cash,Aston Villa,POL,DF,24,1997,26,1820
Premier League,Morgan Sanson,Aston Villa,FRA,MF,27,1994,2,11
Premier League,Ollie Watkins,Aston Villa,ENG,FW,26,1995,37,3127
Premier League,Philippe Coutinho,Aston Villa,BRA,"FW,MF",30,1992,20,788
Premier League,Robin Olsen,Aston Villa,SWE,GK,32,1990,4,281
Premier League,Tyrone Mings,Aston Villa,ENG,DF,29,1993,35,3150
Premier League,Álex Moreno,Aston Villa,ESP,DF,29,1993,19,1329
Premier League,Adam Smith,Bournemouth,ENG,DF,31,1991,37,2943
Premier League,Antoine Semenyo,Bournemouth,GHA,"MF,FW",22,2000,11,258
Premier League,Ben Pearson,Bournemouth,ENG,MF,27,1995,7,286
Premier League,Chris Mepham,Bournemouth,WAL,DF,24,1997,26,2199
Premier League,Dango Ouattara,Bournemouth,BFA,MF,20,2002,19,1241
Premier League,David Brooks,Bournemouth,WAL,MF,25,1997,6,173
Premier League,Dominic Solanke,Bournemouth,ENG,FW,24,1997,33,2860
Premier League,Emiliano Marcondes,Bournemouth,DEN,"FW,MF",27,1995,1,9
Premier League,Hamed Junior Traorè,Bournemouth,CIV,MF,22,2000,7,427
Premier League,Illia Zabarnyi,Bournemouth,UKR,DF,19,2002,5,299
Premier League,Jack Stacey,Bournemouth,ENG,"DF,MF",26,1996,10,299
Premier League,Jack Stephens,Bournemouth,ENG,DF,28,1994,15,1173
Premier League,Jaidon Anthony,Bournemouth,ENG,MF,22,1999,30,1257
Premier League,Jamal Lowe,Bournemouth,JAM,"FW,MF",28,1994,2,12
Premier League,Jefferson Lerma,Bournemouth,COL,MF,27,1994,37,3252
Premier League,Joe Rothwell,Bournemouth,ENG,MF,27,1995,20,1016
Premier League,Jordan Zemura,Bournemouth,ZIM,"DF,MF",22,1999,19,1454
Premier League,Junior Stanislas,Bournemouth,ENG,MF,32,1989,4,61
Premier League,Kieffer Moore,Bournemouth,WAL,FW,29,1992,27,1279
Premier League,Lewis Cook,Bournemouth,ENG,MF,25,1997,28,1720
Premier League,Lloyd Kelly,Bournemouth,ENG,DF,23,1998,23,2040
Premier League,Marcos Senesi,Bournemouth,ARG,DF,25,1997,31,2491
Premier League,Marcus Tavernier,Bournemouth,ENG,MF,23,1999,23,1743
Premier League,Mark Travers,Bournemouth,IRL,GK,23,1999,12,1035
Premier League,Matías Viña,Bournemouth,URU,"DF,MF",24,1997,12,458
Premier League,Neto,Bournemouth,BRA,GK,33,1989,27,2385
Premier League,Owen Bevan,Bournemouth,WAL,DF,18,2003,1,9
Premier League,Philip Billing,Bournemouth,DEN,"MF,FW",26,1996,36,2764
Premier League,Ryan Christie,Bournemouth,SCO,MF,27,1995,32,1834
Premier League,Ryan Fredericks,Bournemouth,ENG,DF,29,1992,12,533
Premier League,Siriki Dembélé,Bournemouth,CIV,"FW,MF",25,1996,6,110
Premier League,Aaron Hickey,Brentford,SCO,DF,20,2002,26,1916
Premier League,Ben Mee,Brentford,ENG,DF,32,1989,37,3269
Premier League,Bryan Mbeumo,Brentford,CMR,FW,22,1999,38,2906
Premier League,Christian Nørgaard,Brentford,DEN,MF,28,1994,22,1763
Premier League,David Raya,Brentford,ESP,GK,26,1995,38,3420
Premier League,Ethan Pinnock,Brentford,JAM,DF,29,1993,30,2700
Premier League,Frank Onyeka,Brentford,NGA,MF,24,1998,21,848
Premier League,Halil Dervişoğlu,Brentford,TUR,FW,22,1999,1,8
Premier League,Ivan Toney,Brentford,ENG,FW,26,1996,33,2951
Premier League,Josh Dasilva,Brentford,ENG,MF,23,1998,36,1389
Premier League,Keane Lewis-Potter,Brentford,ENG,FW,21,2001,10,321
Premier League,Kevin Schade,Brentford,GER,FW,20,2001,18,732
Premier League,Kristoffer Ajer,Brentford,NOR,DF,24,1998,9,763
Premier League,Mads Bech Sørensen,Brentford,DEN,DF,23,1999,4,21
Premier League,Mads Roerslev,Brentford,DEN,"MF,DF",23,1999,20,1108
Premier League,Mathias Jensen,Brentford,DEN,MF,26,1996,37,2803
Premier League,Mathias Jørgensen,Brentford,DEN,DF,32,1990,18,1103
Premier League,Mikkel Damsgaard,Brentford,DEN,"MF,FW",22,2000,26,988
Premier League,Pontus Jansson,Brentford,SWE,DF,31,1991,12,724
Premier League,Rico Henry,Brentford,JAM,"DF,MF",25,1997,37,3238
Premier League,Saman Ghoddos,Brentford,IRN,"FW,MF",28,1993,15,139
Premier League,Sergi Canós,Brentford,ESP,"FW,MF",25,1997,5,77
Premier League,Shandon Baptiste,Brentford,GRN,MF,24,1998,23,618
Premier League,Vitaly Janelt,Brentford,GER,MF,24,1998,35,2208
Premier League,Yoane Wissa,Brentford,COD,FW,25,1996,38,1606
Premier League,Adam Lallana,Brighton,ENG,MF,34,1988,16,722
Premier League,Adam Webster,Brighton,ENG,DF,27,1995,27,1985
Premier League,Alexis Mac Allister,Brighton,ARG,MF,23,1998,35,2886
Premier League,Andrew Moran,Brighton,IRL,MF,18,2003,1,12
Premier League,Billy Gilmour,Brighton,SCO,MF,21,2001,14,507
Premier League,Cameron Peupion,Brighton,AUS,MF,19,2002,1,6
Premier League,Danny Welbeck,Brighton,ENG,FW,31,1990,31,1854
Premier League,Deniz Undav,Brighton,GER,"MF,FW",26,1996,22,628
Premier League,Enock Mwepu,Brighton,ZAM,"MF,FW",24,1998,6,213
Premier League,Evan Ferguson,Brighton,IRL,FW,17,2004,19,950
Premier League,Facundo Buonanotte,Brighton,ARG,MF,17,2004,13,565
Premier League,Jack Hinshelwood,Brighton,ENG,"DF,MF",17,2005,1,2
Premier League,Jan Paul van Hecke,Brighton,NED,DF,22,2000,8,295
Premier League,Jason Steele,Brighton,ENG,GK,31,1990,15,1350
Premier League,Jeremy Sarmiento,Brighton,ECU,MF,20,2002,9,176
Premier League,Joël Veltman,Brighton,NED,DF,30,1992,31,2188
Premier League,Julio Enciso,Brighton,PAR,"MF,FW",18,2004,20,806
Premier League,Kaoru Mitoma,Brighton,JPN,MF,25,1997,33,2318
Premier League,Leandro Trossard,Brighton,BEL,"MF,FW",27,1994,16,1315
Premier League,Levi Colwill,Brighton,ENG,DF,19,2003,17,1220
Premier League,Lewis Dunk,Brighton,ENG,DF,30,1991,36,3239
Premier League,Moisés Caicedo,Brighton,ECU,MF,20,2001,37,3139
Premier League,Odeluga Offiah,Brighton,ENG,DF,19,2002,2,25
Premier League,Pascal Groß,Brighton,GER,"MF,DF",31,1991,37,3239
Premier League,Pervis Estupiñán,Brighton,ECU,"DF,MF",24,1998,35,2675
Premier League,Robert Sánchez,Brighton,ESP,GK,24,1997,23,2070
Premier League,Solly March,Brighton,ENG,MF,28,1994,33,2715
Premier League,Tariq Lamptey,Brighton,GHA,"DF,MF",21,2000,20,453
Premier League,Yasin Ayari,Brighton,SWE,MF,18,2003,3,67
Premier League,Armando Broja,Chelsea,ALB,FW,20,2001,12,294
Premier League,Ben Chilwell,Chelsea,ENG,"MF,DF",25,1996,23,1408
Premier League,Benoît Badiashile,Chelsea,FRA,DF,21,2001,11,905
Premier League,Carney Chukwuemeka,Chelsea,AUT,MF,18,2003,14,354
Premier League,Christian Pulisic,Chelsea,USA,"MF,FW",23,1998,24,821
Premier League,Conor Gallagher,Chelsea,ENG,MF,22,2000,35,1621
Premier League,César Azpilicueta,Chelsea,ESP,"DF,MF",32,1989,25,1527
Premier League,David Datro Fofana,Chelsea,CIV,FW,19,2002,3,70
Premier League,Denis Zakaria,Chelsea,SUI,MF,25,1996,7,411
Premier League,Enzo Fernández,Chelsea,ARG,MF,21,2001,18,1547
Premier League,Hakim Ziyech,Chelsea,MAR,"MF,FW",29,1993,18,661
Premier League,Jorginho,Chelsea,ITA,MF,30,1991,18,1279
Premier League,João Félix,Chelsea,POR,"FW,MF",22,1999,16,941
Premier League,Kai Havertz,Chelsea,GER,"FW,MF",23,1999,35,2569
Premier League,Kalidou Koulibaly,Chelsea,SEN,DF,31,1991,23,1800
Premier League,Kepa Arrizabalaga,Chelsea,ESP,GK,27,1994,29,2565
Premier League,Lewis Hall,Chelsea,ENG,"MF,DF",17,2004,9,654
Premier League,Marc Cucurella,Chelsea,ESP,"DF,MF",24,1998,24,1671
Premier League,Mason Mount,Chelsea,ENG,MF,23,1999,24,1648
Premier League,Mateo Kovačić,Chelsea,CRO,MF,28,1994,27,1707
Premier League,Mykhailo Mudryk,Chelsea,UKR,"FW,MF",21,2001,15,657
Premier League,N'Golo Kanté,Chelsea,FRA,MF,31,1991,7,518
Premier League,Noni Madueke,Chelsea,ENG,"FW,MF",20,2002,12,643
Premier League,Omari Hutchinson,Chelsea,ENG,MF,18,2003,1,23
Premier League,Pierre-Emerick Aubameyang,Chelsea,GAB,FW,33,1989,15,554
Premier League,Raheem Sterling,Chelsea,ENG,"FW,MF",27,1994,28,1891
Premier League,Reece James,Chelsea,ENG,"DF,MF",22,1999,16,1244
Premier League,Ruben Loftus-Cheek,Chelsea,ENG,MF,26,1996,25,1536
Premier League,Thiago Silva,Chelsea,BRA,DF,37,1984,27,2352
Premier League,Trevoh Chalobah,Chelsea,ENG,DF,23,1999,25,1608
Premier League,Wesley Fofana,Chelsea,FRA,DF,21,2000,15,1183
Premier League,Édouard Mendy,Chelsea,SEN,GK,30,1992,10,855
Premier League,Albert Sambi Lokonga,Crystal Palace,BEL,MF,22,1999,9,536
Premier League,Cheick Doucouré,Crystal Palace,MLI,MF,22,2000,34,2769
Premier League,Chris Richards,Crystal Palace,USA,DF,22,2000,9,447
Premier League,David Ozoh,Crystal Palace,ENG,MF,17,2005,1,1
Premier League,Eberechi Eze,Crystal Palace,ENG,"MF,FW",24,1998,38,2636
Premier League,James McArthur,Crystal Palace,SCO,MF,34,1987,4,54
Premier League,James Tomkins,Crystal Palace,ENG,DF,33,1989,6,338
Premier League,Jaïro Riedewald,Crystal Palace,NED,"DF,MF",25,1996,6,64
Premier League,Jean-Philippe Mateta,Crystal Palace,FRA,FW,25,1997,29,770
Premier League,Jeffrey Schlupp,Crystal Palace,GHA,MF,29,1992,34,2531
Premier League,Joachim Andersen,Crystal Palace,DEN,DF,26,1996,32,2782
Premier League,Joel Ward,Crystal Palace,ENG,DF,32,1989,28,2256
Premier League,Jordan Ayew,Crystal Palace,GHA,"FW,MF",30,1991,38,2714
Premier League,Joseph Whitworth,Crystal Palace,ENG,GK,18,2004,2,180
Premier League,Luka Milivojević,Crystal Palace,SRB,MF,31,1991,18,512
Premier League,Malcolm Ebiowei,Crystal Palace,ENG,MF,18,2003,3,34
Premier League,Marc Guéhi,Crystal Palace,ENG,DF,22,2000,37,3329
Premier League,Michael Olise,Crystal Palace,FRA,"MF,FW",20,2001,37,2749
Premier League,Naouirou Ahamada,Crystal Palace,FRA,MF,20,2002,8,94
Premier League,Nathaniel Clyne,Crystal Palace,ENG,DF,31,1991,22,1640
Premier League,Odsonne Édouard,Crystal Palace,FRA,FW,24,1998,35,1803
Premier League,Sam Johnstone,Crystal Palace,ENG,GK,29,1993,9,810
Premier League,Tyrick Mitchell,Crystal Palace,ENG,DF,22,1999,36,2891
Premier League,Vicente Guaita,Crystal Palace,ESP,GK,35,1987,27,2430
Premier League,Wilfried Zaha,Crystal Palace,CIV,"FW,MF",29,1992,27,2288
Premier League,Will Hughes,Crystal Palace,ENG,MF,27,1995,27,842
Premier League,Abdoulaye Doucouré,Everton,MLI,MF,29,1993,25,1533
Premier League,Alex Iwobi,Everton,NGA,MF,26,1996,38,3378
Premier League,Amadou Onana,Everton,BEL,MF,20,2001,33,2488
Premier League,Anthony Gordon,Everton,ENG,"FW,MF",21,2001,16,1095
Premier League,Asmir Begović,Everton,BIH,GK,35,1987,1,90
Premier League,Ben Godfrey,Everton,ENG,DF,24,1998,13,802
Premier League,Conor Coady,Everton,ENG,DF,29,1993,24,2096
Premier League,Dele Alli,Everton,ENG,"FW,MF",26,1996,2,40
Premier League,Demarai Gray,Everton,JAM,"FW,MF",26,1996,33,2507
Premier League,Dominic Calvert-Lewin,Everton,ENG,FW,25,1997,17,1165
Premier League,Dwight McNeil,Everton,ENG,"MF,FW",22,1999,36,2498
Premier League,Ellis Simms,Everton,ENG,FW,21,2001,11,228
Premier League,Idrissa Gueye,Everton,SEN,MF,32,1989,33,2577
Premier League,Isaac Price,Everton,NIR,MF,18,2003,1,33
Premier League,James Garner,Everton,ENG,MF,21,2001,16,804
Premier League,James Tarkowski,Everton,ENG,DF,29,1992,38,3420
Premier League,Jordan Pickford,Everton,ENG,GK,28,1994,37,3330
Premier League,Mason Holgate,Everton,JAM,DF,25,1996,8,507
Premier League,Michael Keane,Everton,ENG,DF,29,1993,12,985
Premier League,Nathan Patterson,Everton,SCO,"DF,MF",20,2001,19,1279
Premier League,Neal Maupay,Everton,FRA,FW,25,1996,27,1118
Premier League,Rúben Vinagre,Everton,POR,"DF,MF",23,1999,2,26
Premier League,Salomón Rondón,Everton,VEN,FW,32,1989,7,109
Premier League,Séamus Coleman,Everton,IRL,"DF,MF",33,1988,23,1656
Premier League,Tom Cannon,Everton,IRL,FW,19,2002,2,25
Premier League,Tom Davies,Everton,ENG,MF,24,1998,19,538
Premier League,Vitaliy Mykolenko,Everton,UKR,"DF,MF",23,1999,34,2655
Premier League,Yerry Mina,Everton,COL,DF,27,1994,7,594
Premier League,Aleksandar Mitrović,Fulham,SRB,FW,27,1994,24,2008
Premier League,Andreas Pereira,Fulham,BRA,MF,26,1996,33,2692
Premier League,Antonee Robinson,Fulham,USA,DF,24,1997,35,3088
Premier League,Bernd Leno,Fulham,GER,GK,30,1992,36,3240
Premier League,Bobby De Cordova-Reid,Fulham,JAM,"MF,DF",29,1993,36,2475
Premier League,Carlos Vinícius,Fulham,BRA,FW,27,1995,28,1109
Premier League,Cédric Soares,Fulham,POR,DF,30,1991,6,198
Premier League,Daniel James,Fulham,WAL,"MF,FW",24,1997,20,621
Premier League,Harrison Reed,Fulham,ENG,MF,27,1995,37,2866
Premier League,Harry Wilson,Fulham,WAL,MF,25,1997,29,1100
Premier League,Issa Diop,Fulham,MAR,DF,25,1997,25,2012
Premier League,Jay Stansfield,Fulham,ENG,MF,19,2002,3,87
Premier League,Josh Onomah,Fulham,ENG,"FW,MF",25,1997,2,15
Premier League,João Palhinha,Fulham,POR,MF,27,1995,35,3108
Premier League,Kenny Tete,Fulham,NED,DF,26,1995,31,2569
Premier League,Kevin Mbabu,Fulham,SUI,DF,27,1995,6,144
Premier League,Layvin Kurzawa,Fulham,FRA,DF,29,1992,3,135
Premier League,Luke Harris,Fulham,WAL,MF,17,2005,3,13
Premier League,Manor Solomon,Fulham,ISR,MF,23,1999,19,572
Premier League,Marek Rodák,Fulham,SVK,GK,25,1996,2,180
Premier League,Nathaniel Chalobah,Fulham,ENG,MF,27,1994,4,12
Premier League,Neeskens Kebano,Fulham,COD,MF,30,1992,17,764
Premier League,Saša Lukić,Fulham,SRB,MF,25,1996,12,412
Premier League,Shane Duffy,Fulham,IRL,"DF,MF",30,1992,5,20
Premier League,Tim Ream,Fulham,USA,DF,34,1987,33,2897
Premier League,Tom Cairney,Fulham,SCO,MF,31,1991,33,988
Premier League,Tosin Adarabioyo,Fulham,ENG,DF,24,1997,25,2085
Premier League,Tyrese Francois,Fulham,AUS,MF,22,2000,1,1
Premier League,Willian,Fulham,BRA,MF,33,1988,27,2126
Premier League,Adam Forshaw,Leeds United,ENG,MF,30,1991,12,479
Premier League,Brenden Aaronson,Leeds United,USA,MF,21,2000,36,2372
Premier League,Cody Drameh,Leeds United,ENG,DF,20,2001,1,69
Premier League,Crysencio Summerville,Leeds United,NED,"MF,FW",20,2001,28,1426
Premier League,Daniel James,Leeds United,WAL,MF,24,1997,4,198
Premier League,Darko Gyabi,Leeds United,ENG,MF,18,2004,1,8
Premier League,Diego Llorente,Leeds United,ESP,DF,28,1993,8,649
Premier League,Georginio Rutter,Leeds United,FRA,FW,20,2002,11,273
Premier League,Illan Meslier,Leeds United,FRA,GK,22,2000,34,3060
Premier League,Jack Harrison,Leeds United,ENG,MF,25,1996,36,2708
Premier League,Joe Gelhardt,Leeds United,ENG,FW,20,2002,15,212
Premier League,Joel Robles,Leeds United,ESP,GK,32,1990,4,360
Premier League,Junior Firpo,Leeds United,DOM,DF,25,1996,19,1368
Premier League,Liam Cooper,Leeds United,SCO,DF,30,1991,18,1426
Premier League,Luis Sinisterra,Leeds United,COL,MF,23,1999,19,867
Premier League,Luke Ayling,Leeds United,ENG,DF,30,1991,29,2054
Premier League,Marc Roca,Leeds United,ESP,MF,25,1996,32,2315
Premier League,Mateo Joseph,Leeds United,ESP,FW,18,2003,3,26
Premier League,Mateusz Klich,Leeds United,POL,MF,32,1990,14,280
Premier League,Maximilian Wöber,Leeds United,AUT,DF,24,1998,16,1266
Premier League,Pascal Struijk,Leeds United,NED,DF,22,1999,29,2200
Premier League,Patrick Bamford,Leeds United,ENG,FW,28,1993,28,1515
Premier League,Rasmus Kristensen,Leeds United,DEN,DF,25,1997,26,1960
Premier League,Robin Koch,Leeds United,GER,DF,26,1996,36,3175
Premier League,Rodrigo,Leeds United,ESP,"FW,MF",31,1991,31,1935
Premier League,Sam Greenwood,Leeds United,ENG,MF,20,2002,18,424
Premier League,Tyler Adams,Leeds United,USA,MF,23,1999,24,2156
Premier League,Weston McKennie,Leeds United,USA,MF,23,1998,19,1437
Premier League,Wilfried Gnonto,Leeds United,ITA,"MF,FW",18,2003,24,1354
Premier League,Ayoze Pérez,Leicester City,ESP,MF,29,1993,8,382
Premier League,Boubakary Soumaré,Leicester City,FRA,MF,23,1999,26,1629
Premier League,Daniel Amartey,Leicester City,GHA,DF,27,1994,20,1610
Premier League,Daniel Iversen,Leicester City,DEN,GK,25,1997,12,1080
Premier League,Danny Ward,Leicester City,WAL,GK,29,1993,26,2340
Premier League,Dennis Praet,Leicester City,BEL,MF,28,1994,22,649
Premier League,Harry Souttar,Leicester City,AUS,DF,23,1998,12,992
Premier League,Harvey Barnes,Leicester City,ENG,"MF,FW",24,1997,34,2711
Premier League,James Justin,Leicester City,ENG,"DF,MF",24,1998,14,1252
Premier League,James Maddison,Leicester City,ENG,"MF,FW",25,1996,30,2480
Premier League,Jamie Vardy,Leicester City,ENG,FW,35,1987,37,1857
Premier League,Jonny Evans,Leicester City,NIR,DF,34,1988,13,1051
Premier League,Kelechi Iheanacho,Leicester City,NGA,FW,25,1996,28,1127
Premier League,Kiernan Dewsbury-Hall,Leicester City,ENG,MF,23,1998,31,2306
Premier League,Lewis Brunt,Leicester City,ENG,"DF,MF",21,2000,1,23
Premier League,Luke Thomas,Leicester City,ENG,DF,21,2001,17,1073
Premier League,Marc Albrighton,Leicester City,ENG,MF,32,1989,6,237
Premier League,Nampalys Mendy,Leicester City,SEN,MF,30,1992,19,757
Premier League,Patson Daka,Leicester City,ZAM,FW,23,1998,30,1187
Premier League,Ricardo Pereira,Leicester City,POR,"DF,MF",28,1993,10,454
Premier League,Tetê,Leicester City,BRA,"MF,FW",22,2000,13,734
Premier League,Timothy Castagne,Leicester City,BEL,"DF,MF",26,1995,37,3254
Premier League,Victor Bernth Kristiansen,Leicester City,DEN,DF,19,2002,12,892
Premier League,Wesley Fofana,Leicester City,FRA,DF,21,2000,2,180
Premier League,Wilfred Ndidi,Leicester City,NGA,"MF,DF",25,1996,27,1679
Premier League,Wout Faes,Leicester City,BEL,DF,24,1998,31,2786
Premier League,Youri Tielemans,Leicester City,BEL,MF,25,1997,31,2344
Premier League,Çağlar Söyüncü,Leicester City,TUR,DF,26,1996,7,529
Premier League,Alex Oxlade-Chamberlain,Liverpool,ENG,FW,28,1993,9,335
Premier League,Alisson,Liverpool,BRA,GK,29,1992,37,3330
Premier League,Andy Robertson,Liverpool,SCO,DF,28,1994,34,2583
Premier League,Ben Gannon-Doak,Liverpool,SCO,MF,16,2005,2,26
Premier League,Bobby Clark,Liverpool,ENG,MF,17,2005,1,8
Premier League,Caoimhín Kelleher,Liverpool,IRL,GK,23,1998,1,90
Premier League,Cody Gakpo,Liverpool,NED,FW,23,1999,21,1458
Premier League,Curtis Jones,Liverpool,ENG,MF,21,2001,18,1035
Premier League,Darwin Núñez,Liverpool,URU,FW,23,1999,29,1695
Premier League,Diogo Jota,Liverpool,POR,"FW,MF",25,1996,22,1131
Premier League,Fabinho,Liverpool,BRA,MF,28,1993,36,2671
Premier League,Fabio Carvalho,Liverpool,POR,"MF,FW",19,2002,13,347
Premier League,Harvey Elliott,Liverpool,ENG,MF,19,2003,32,1613
Premier League,Ibrahima Konaté,Liverpool,FRA,DF,23,1999,18,1552
Premier League,James Milner,Liverpool,ENG,"MF,DF",36,1986,31,913
Premier League,Joe Gomez,Liverpool,ENG,DF,25,1997,21,1466
Premier League,Jordan Henderson,Liverpool,ENG,MF,32,1990,35,2074
Premier League,Joël Matip,Liverpool,CMR,DF,30,1991,14,1092
Premier League,Kostas Tsimikas,Liverpool,GRE,DF,26,1996,20,771
Premier League,Luis Díaz,Liverpool,COL,FW,25,1997,17,996
Premier League,Mohamed Salah,Liverpool,EGY,FW,30,1992,38,3290
Premier League,Naby Keïta,Liverpool,GUI,MF,27,1995,8,293
Premier League,Nathaniel Phillips,Liverpool,ENG,DF,25,1997,2,66
Premier League,Roberto Firmino,Liverpool,BRA,FW,30,1991,25,1213
Premier League,Stefan Bajcetic,Liverpool,ESP,MF,17,2004,11,526
Premier League,Thiago Alcántara,Liverpool,ESP,MF,31,1991,18,1254
Premier League,Trent Alexander-Arnold,Liverpool,ENG,DF,23,1998,37,2923
Premier League,Virgil van Dijk,Liverpool,NED,DF,31,1991,32,2835
Premier League,Aymeric Laporte,Manchester City,ESP,"DF,MF",28,1994,12,993
Premier League,Bernardo Silva,Manchester City,POR,"MF,FW",27,1994,34,2205
Premier League,Cole Palmer,Manchester City,ENG,"MF,FW",20,2002,14,370
Premier League,Ederson Moraes,Manchester City,BRA,GK,28,1993,35,3150
Premier League,Erling Haaland,Manchester City,NOR,"FW,MF",22,2000,35,2769
Premier League,Jack Grealish,Manchester City,ENG,"FW,MF",26,1995,28,2055
Premier League,John Stones,Manchester City,ENG,"DF,MF",28,1994,23,1846
Premier League,João Cancelo,Manchester City,POR,DF,28,1994,17,1274
Premier League,Julián Álvarez,Manchester City,ARG,"MF,FW",22,2000,31,1465
Premier League,Kalvin Phillips,Manchester City,ENG,"MF,DF",26,1995,12,300
Premier League,Kevin De Bruyne,Manchester City,BEL,MF,31,1991,32,2417
Premier League,Kyle Walker,Manchester City,ENG,"DF,MF",32,1990,27,1958
Premier League,Manuel Akanji,Manchester City,SUI,"DF,MF",27,1995,29,2287
Premier League,Máximo Perrone,Manchester City,ARG,MF,19,2003,1,19
Premier League,Nathan Aké,Manchester City,NED,DF,27,1995,26,1873
Premier League,Phil Foden,Manchester City,ENG,"FW,MF",22,2000,32,1842
Premier League,Rico Lewis,Manchester City,ENG,"DF,MF",17,2004,14,903
Premier League,Riyad Mahrez,Manchester City,ALG,"MF,FW",31,1991,30,1920
Premier League,Rodri,Manchester City,ESP,"MF,DF",26,1996,36,2911
Premier League,Rúben Dias,Manchester City,POR,"DF,MF",25,1997,26,1998
Premier League,Sergio Gómez,Manchester City,ESP,"MF,FW",21,2000,12,349
Premier League,Shea Charles,Manchester City,NIR,"DF,MF",18,2003,1,28
Premier League,Stefan Ortega,Manchester City,GER,GK,29,1992,3,270
Premier League,İlkay Gündoğan,Manchester City,GER,MF,31,1990,31,2353
Premier League,Aaron Wan-Bissaka,Manchester Utd,COD,DF,24,1997,19,1435
Premier League,Alejandro Garnacho,Manchester Utd,ARG,MF,18,2004,19,569
Premier League,Anthony Elanga,Manchester Utd,SWE,MF,20,2002,16,426
Premier League,Anthony Martial,Manchester Utd,FRA,FW,26,1995,21,978
Premier League,Antony,Manchester Utd,BRA,MF,22,2000,25,1802
Premier League,Bruno Fernandes,Manchester Utd,POR,MF,27,1994,37,3316
Premier League,Casemiro,Manchester Utd,BRA,MF,30,1992,28,2124
Premier League,Christian Eriksen,Manchester Utd,DEN,MF,30,1992,28,2048
Premier League,Cristiano Ronaldo,Manchester Utd,POR,FW,37,1985,10,525
Premier League,David de Gea,Manchester Utd,ESP,GK,31,1990,38,3420
Premier League,Diogo Dalot,Manchester Utd,POR,DF,23,1999,26,2154
Premier League,Donny van de Beek,Manchester Utd,NED,MF,25,1997,7,167
Premier League,Facundo Pellistri,Manchester Utd,URU,"FW,MF",20,2001,4,64
Premier League,Fred,Manchester Utd,BRA,MF,29,1993,35,1249
Premier League,Harry Maguire,Manchester Utd,ENG,DF,29,1993,16,767
Premier League,Jadon Sancho,Manchester Utd,ENG,MF,22,2000,26,1686
Premier League,Kobbie Mainoo,Manchester Utd,ENG,MF,17,2005,1,11
Premier League,Lisandro Martínez,Manchester Utd,ARG,DF,24,1998,27,2114
Premier League,Luke Shaw,Manchester Utd,ENG,DF,27,1995,31,2552
Premier League,Marcel Sabitzer,Manchester Utd,AUT,MF,28,1994,11,627
Premier League,Marcus Rashford,Manchester Utd,ENG,"FW,MF",24,1997,35,2879
Premier League,Raphaël Varane,Manchester Utd,FRA,DF,29,1993,24,1911
Premier League,Scott McTominay,Manchester Utd,SCO,MF,25,1996,24,1160
Premier League,Tyrell Malacia,Manchester Utd,NED,DF,22,1999,22,1396
Premier League,Victor Lindelöf,Manchester Utd,SWE,DF,28,1994,20,1365
Premier League,Wout Weghorst,Manchester Utd,NED,"FW,MF",29,1992,17,797
Premier League,Alexander Isak,Newcastle,SWE,FW,22,1999,22,1522
Premier League,Allan Saint-Maximin,Newcastle,FRA,FW,25,1997,25,1120
Premier League,Anthony Gordon,Newcastle,ENG,"FW,MF",21,2001,16,487
Premier League,Bruno Guimarães,Newcastle,BRA,MF,24,1997,32,2726
Premier League,Callum Wilson,Newcastle,ENG,FW,30,1992,31,1877
Premier League,Chris Wood,Newcastle,NZL,FW,30,1991,18,446
Premier League,Dan Burn,Newcastle,ENG,DF,30,1992,38,3111
Premier League,Elliot Anderson,Newcastle,ENG,MF,19,2002,22,410
Premier League,Emil Krafth,Newcastle,SWE,DF,27,1994,1,1
Premier League,Fabian Schär,Newcastle,SUI,DF,30,1991,36,3206
Premier League,Jacob Murphy,Newcastle,ENG,FW,27,1995,36,1251
Premier League,Jamaal Lascelles,Newcastle,ENG,DF,28,1993,7,218
Premier League,Jamal Lewis,Newcastle,NIR,"DF,MF",24,1998,2,11
Premier League,Javier Manquillo,Newcastle,ESP,DF,28,1994,4,37
Premier League,Joe Willock,Newcastle,ENG,MF,22,1999,35,2558
Premier League,Joelinton,Newcastle,BRA,"MF,FW",25,1996,32,2661
Premier League,Jonjo Shelvey,Newcastle,ENG,MF,30,1992,3,37
Premier League,Kieran Trippier,Newcastle,ENG,DF,31,1990,38,3341
Premier League,Lewis Miley,Newcastle,ENG,MF,16,2006,1,15
Premier League,Martin Dúbravka,Newcastle,SVK,GK,33,1989,2,157
Premier League,Matt Ritchie,Newcastle,SCO,"DF,MF",32,1989,7,39
Premier League,Matt Targett,Newcastle,ENG,DF,26,1995,17,610
Premier League,Miguel Almirón,Newcastle,PAR,FW,28,1994,34,2491
Premier League,Nick Pope,Newcastle,ENG,GK,30,1992,37,3261
Premier League,Ryan Fraser,Newcastle,SCO,FW,28,1994,8,313
Premier League,Sean Longstaff,Newcastle,ENG,MF,24,1997,33,2518
Premier League,Sven Botman,Newcastle,NED,DF,22,2000,36,3127
Premier League,Alex Mighten,Nottingham,ENG,"FW,MF",20,2002,1,8
Premier League,André Ayew,Nottingham,GHA,FW,32,1989,13,316
Premier League,Brennan Johnson,Nottingham,WAL,"FW,MF",21,2001,38,2934
Premier League,Cafú,Nottingham,POR,MF,29,1993,1,7
Premier League,Cheikhou Kouyaté,Nottingham,SEN,"MF,DF",32,1989,21,882
Premier League,Chris Wood,Nottingham,NZL,FW,30,1991,7,372
Premier League,Danilo Santos,Nottingham,BRA,MF,21,2001,13,976
Premier League,Dean Henderson,Nottingham,ENG,GK,25,1997,18,1620
Premier League,Emmanuel Dennis,Nottingham,NGA,"MF,FW",24,1997,19,720
Premier League,Felipe,Nottingham,BRA,DF,33,1989,16,1418
Premier League,Giulian Biancone,Nottingham,FRA,"DF,MF",22,2000,2,17
Premier League,Gustavo Scarpa,Nottingham,BRA,MF,28,1994,6,181
Premier League,Harry Toffolo,Nottingham,ENG,"DF,MF",26,1995,19,940
Premier League,Jack Colback,Nottingham,ENG,MF,32,1989,11,497
Premier League,Jesse Lingard,Nottingham,ENG,"MF,FW",29,1992,17,923
Premier League,Joe Worrall,Nottingham,ENG,DF,25,1997,30,2224
Premier League,Jonjo Shelvey,Nottingham,ENG,MF,30,1992,8,540
Premier League,Keylor Navas,Nottingham,CRC,GK,35,1986,17,1529
Premier League,Lewis O'Brien,Nottingham,ENG,MF,23,1998,13,584
Premier League,Morgan Gibbs-White,Nottingham,ENG,"MF,FW",22,2000,35,2971
Premier League,Moussa Niakhaté,Nottingham,SEN,DF,26,1996,14,1163
Premier League,Neco Williams,Nottingham,WAL,"DF,MF",21,2001,31,1882
Premier League,Orel Mangala,Nottingham,BEL,MF,24,1998,27,1550
Premier League,Remo Freuler,Nottingham,SUI,MF,30,1992,28,2161
Premier League,Renan Lodi,Nottingham,BRA,"DF,MF",24,1998,28,2214
Premier League,Ryan Yates,Nottingham,ENG,MF,24,1997,26,1837
Premier League,Sam Surridge,Nottingham,ENG,FW,24,1998,20,323
Premier League,Scott McKenna,Nottingham,SCO,DF,25,1996,20,1571
Premier League,Serge Aurier,Nottingham,CIV,"DF,MF",29,1992,24,1943
Premier League,Steve Cook,Nottingham,ENG,DF,31,1991,12,957
Premier League,Taiwo Awoniyi,Nottingham,NGA,FW,24,1997,27,1404
Premier League,Wayne Hennessey,Nottingham,WAL,GK,35,1987,4,271
Premier League,Willy Boly,Nottingham,CIV,DF,31,1991,11,685
Premier League,Adam Armstrong,Southampton,ENG,"MF,FW",25,1997,30,1335
Premier League,Ainsley Maitland-Niles,Southampton,ENG,"DF,MF",24,1997,22,1407
Premier League,Alex McCarthy,Southampton,ENG,GK,32,1989,6,540
Premier League,Armel Bella Kotchap,Southampton,GER,DF,20,2001,24,1879
Premier League,Carlos Alcaraz,Southampton,ARG,"MF,FW",19,2002,18,1029
Premier League,Ché Adams,Southampton,SCO,FW,26,1996,28,1992
Premier League,Dominic Ballard,Southampton,ENG,FW,17,2005,2,26
Premier League,Duje Ćaleta-Car,Southampton,CRO,DF,25,1996,13,946
Premier League,Gavin Bazunu,Southampton,IRL,GK,20,2002,32,2880
Premier League,Ibrahima Diallo,Southampton,FRA,MF,23,1999,18,819
Premier League,Jack Stephens,Southampton,ENG,DF,28,1994,2,46
Premier League,James Bree,Southampton,ENG,DF,24,1997,5,367
Premier League,James Ward-Prowse,Southampton,ENG,MF,27,1994,38,3371
Premier League,Jan Bednarek,Southampton,POL,DF,26,1996,20,1672
Premier League,Joe Aribo,Southampton,NGA,"MF,FW",26,1996,21,1224
Premier League,Juan Larios,Southampton,ESP,DF,18,2004,5,152
Premier League,Kamaldeen Sulemana,Southampton,GHA,"FW,MF",20,2002,18,966
Premier League,Kami Doyle,Southampton,ENG,MF,16,2005,1,7
Premier League,Kyle Walker-Peters,Southampton,ENG,"DF,MF",25,1997,31,2650
Premier League,Lyanco,Southampton,BRA,DF,25,1997,21,1180
Premier League,Mislav Oršić,Southampton,CRO,"FW,MF",29,1992,1,7
Premier League,Mohamed Elyounoussi,Southampton,NOR,MF,27,1994,33,2168
Premier League,Mohammed Salisu,Southampton,GHA,DF,23,1999,22,1973
Premier League,Moussa Djenepo,Southampton,MLI,"DF,MF",24,1998,16,710
Premier League,Nathan Redmond,Southampton,ENG,"FW,MF",28,1994,1,1
Premier League,Oriol Romeu,Southampton,ESP,MF,30,1991,1,74
Premier League,Paul Onuachu,Southampton,NGA,FW,28,1994,11,407
Premier League,Romain Perraud,Southampton,FRA,DF,24,1997,29,1835
Premier League,Roméo Lavia,Southampton,BEL,MF,18,2004,29,2221
Premier League,Samuel Amo-Ameyaw,Southampton,ENG,"FW,MF",16,2006,1,4
Premier League,Samuel Edozie,Southampton,ENG,"MF,FW",19,2003,17,567
Premier League,Sekou Mara,Southampton,FRA,FW,20,2002,22,555
Premier League,Stuart Armstrong,Southampton,SCO,MF,30,1992,32,1408
Premier League,Theo Walcott,Southampton,ENG,"MF,FW",33,1989,20,1129
Premier League,Tino Livramento,Southampton,ENG,"DF,MF",19,2002,2,28
Premier League,Yan Valery,Southampton,TUN,DF,23,1999,1,45
Premier League,Arnaut Danjuma,Tottenham,NED,MF,25,1997,9,169
Premier League,Ben Davies,Tottenham,WAL,"DF,MF",29,1993,31,2288
Premier League,Bryan Gil,Tottenham,ESP,"MF,FW",21,2001,4,148
Premier League,Clément Lenglet,Tottenham,FRA,DF,27,1995,26,2019
Premier League,Cristian Romero,Tottenham,ARG,DF,24,1998,27,2364
Premier League,Davinson Sánchez,Tottenham,COL,DF,26,1996,18,858
Premier League,Dejan Kulusevski,Tottenham,SWE,"MF,FW",22,2000,30,2067
Premier League,Djed Spence,Tottenham,ENG,"DF,MF",21,2000,4,7
Premier League,Emerson,Tottenham,BRA,"MF,DF",23,1999,26,1735
Premier League,Eric Dier,Tottenham,ENG,DF,28,1994,33,2818
Premier League,Fraser Forster,Tottenham,ENG,GK,34,1988,14,1215
Premier League,George Abbott,Tottenham,ENG,MF,16,2005,1,1
Premier League,Harry Kane,Tottenham,ENG,FW,29,1993,38,3405
Premier League,Harvey White,Tottenham,ENG,MF,20,2001,1,5
Premier League,Hugo Lloris,Tottenham,FRA,GK,35,1986,25,2205
Premier League,Ivan Perišić,Tottenham,CRO,MF,33,1989,34,2108
Premier League,Japhet Tanganga,Tottenham,ENG,DF,23,1999,4,146
Premier League,Lucas Moura,Tottenham,BRA,"FW,MF",29,1992,15,153
Premier League,Matt Doherty,Tottenham,IRL,MF,30,1992,12,667
Premier League,Matthew Craig,Tottenham,SCO,MF,19,2003,1,14
Premier League,Oliver Skipp,Tottenham,ENG,MF,21,2000,23,1491
Premier League,Pape Matar Sarr,Tottenham,SEN,MF,19,2002,11,218
Premier League,Pedro Porro,Tottenham,ESP,MF,22,1999,15,1131
Premier League,Pierre Højbjerg,Tottenham,DEN,MF,26,1995,35,3131
Premier League,Richarlison,Tottenham,BRA,"MF,FW",25,1997,27,1010
Premier League,Rodrigo Bentancur,Tottenham,URU,MF,25,1997,18,1500
Premier League,Ryan Sessegnon,Tottenham,ENG,"MF,DF",22,2000,17,813
Premier League,Son Heung-min,Tottenham,KOR,"MF,FW",30,1992,36,2888
Premier League,Yves Bissouma,Tottenham,MLI,MF,25,1996,23,1010
Premier League,Aaron Cresswell,West Ham,ENG,DF,32,1989,28,2235
Premier League,Alphonse Areola,West Ham,FRA,GK,29,1993,5,309
Premier League,Angelo Ogbonna,West Ham,ITA,DF,34,1988,16,1237
Premier League,Ben Johnson,West Ham,ENG,"DF,MF",22,2000,17,866
Premier League,Conor Coventry,West Ham,IRL,MF,22,2000,1,1
Premier League,Craig Dawson,West Ham,ENG,DF,32,1990,8,720
Premier League,Danny Ings,West Ham,ENG,FW,30,1992,17,775
Premier League,Declan Rice,West Ham,ENG,MF,23,1999,37,3273
Premier League,Divin Mubama,West Ham,ENG,FW,17,2004,3,38
Premier League,Emerson Palmieri,West Ham,ITA,"MF,DF",27,1994,22,1320
Premier League,Flynn Downes,West Ham,ENG,MF,23,1999,21,762
Premier League,Gianluca Scamacca,West Ham,ITA,FW,23,1999,16,926
Premier League,Jarrod Bowen,West Ham,ENG,"MF,FW",25,1996,38,3233
Premier League,Kurt Zouma,West Ham,FRA,DF,27,1994,25,1989
Premier League,Lucas Paquetá,West Ham,BRA,MF,24,1997,28,2151
Premier League,Manuel Lanzini,West Ham,ARG,MF,29,1993,10,252
Premier League,Maxwel Cornet,West Ham,CIV,MF,25,1996,14,245
Premier League,Michail Antonio,West Ham,JAM,FW,32,1990,33,1829
Premier League,Nayef Aguerd,West Ham,MAR,DF,26,1996,18,1595
Premier League,Pablo Fornals,West Ham,ESP,MF,26,1996,32,1503
Premier League,Saïd Benrahma,West Ham,ALG,"MF,FW",26,1995,35,2069
Premier League,Thilo Kehrer,West Ham,GER,DF,25,1996,27,2230
Premier League,Tomáš Souček,West Ham,CZE,MF,27,1995,36,2815
Premier League,Vladimír Coufal,West Ham,CZE,"DF,MF",29,1992,27,2136
Premier League,Łukasz Fabiański,West Ham,POL,GK,37,1985,36,3111
Premier League,Adama Traoré,Wolves,ESP,"MF,FW",26,1996,34,1496
Premier League,Boubacar Traoré,Wolves,MLI,MF,20,2001,10,411
Premier League,Chem Campbell,Wolves,WAL,"FW,MF",19,2002,5,74
Premier League,Connor Ronan,Wolves,IRL,MF,24,1998,1,1
Premier League,Craig Dawson,Wolves,ENG,DF,32,1990,17,1414
Premier League,Daniel Bentley,Wolves,ENG,GK,29,1993,2,180
Premier League,Daniel Podence,Wolves,POR,"MF,FW",26,1995,32,1771
Premier League,Dexter Lembikisa,Wolves,JAM,"DF,MF",18,2003,1,23
Premier League,Diego Costa,Wolves,ESP,FW,33,1988,23,1241
Premier League,Gonçalo Guedes,Wolves,POR,"FW,MF",25,1996,13,707
Premier League,Hugo Bueno,Wolves,ESP,DF,19,2002,21,1310
Premier League,Hwang Hee-chan,Wolves,KOR,"FW,MF",26,1996,27,1130
Premier League,Joe Hodge,Wolves,IRL,MF,19,2002,6,175
Premier League,Jonny Castro,Wolves,ESP,DF,28,1994,18,1261
Premier League,José Sá,Wolves,POR,GK,29,1993,36,3240
Premier League,João Gomes,Wolves,BRA,MF,21,2001,11,653
Premier League,João Moutinho,Wolves,POR,MF,35,1986,31,1780
Premier League,Leander Dendoncker,Wolves,BEL,MF,27,1995,4,214
Premier League,Mario Lemina,Wolves,GAB,MF,28,1993,19,1299
Premier League,Matheus Cunha,Wolves,BRA,FW,23,1999,17,965
Premier League,Matheus Nunes,Wolves,POR,MF,23,1998,34,2467
Premier League,Max Kilman,Wolves,ENG,DF,25,1997,37,3307
Premier League,Morgan Gibbs-White,Wolves,ENG,MF,22,2000,2,180
Premier League,Nathan Collins,Wolves,IRL,DF,21,2001,26,1814
Premier League,Nélson Semedo,Wolves,POR,DF,28,1993,36,2632
Premier League,Pablo Sarabia,Wolves,ESP,"MF,FW",30,1992,13,765
Premier League,Pedro Neto,Wolves,POR,"MF,FW",22,2000,18,964
Premier League,Rayan Aït-Nouri,Wolves,ALG,"DF,MF",21,2001,21,1076
Premier League,Raúl Jiménez,Wolves,MEX,FW,31,1991,15,846
Premier League,Rúben Neves,Wolves,POR,MF,25,1997,35,3019
Premier League,Saša Kalajdžić,Wolves,AUT,FW,25,1997,1,45
Premier League,Toti Gomes,Wolves,POR,DF,23,1999,17,984
Serie A,Ademola Lookman,Atalanta,NGA,"FW,MF",24,1997,31,1729
Serie A,Berat Djimsiti,Atalanta,ALB,DF,29,1993,24,1797
Serie A,Brandon Soppy,Atalanta,FRA,MF,20,2002,15,643
Serie A,Caleb Okoli,Atalanta,ITA,DF,21,2001,17,960
Serie A,Davide Zappacosta,Atalanta,ITA,MF,30,1992,21,1471
Serie A,Duván Zapata,Atalanta,COL,FW,31,1991,25,1390
Serie A,Francesco Rossi,Atalanta,ITA,GK,31,1991,1,4
Serie A,Giorgio Scalvini,Atalanta,ITA,DF,18,2003,32,2335
Serie A,Hans Hateboer,Atalanta,NED,"MF,DF",28,1994,17,1397
Serie A,Jeremie Boga,Atalanta,CIV,"MF,FW",25,1997,23,782
Serie A,Joakim Mæhle,Atalanta,DEN,MF,25,1997,34,2209
Serie A,José Luis Palomino,Atalanta,ARG,DF,32,1990,15,759
Serie A,Juan Musso,Atalanta,ARG,GK,28,1994,24,2077
Serie A,Luis Muriel,Atalanta,COL,"FW,MF",31,1991,29,1073
Serie A,Lukáš Vorlický,Atalanta,CZE,FW,20,2002,3,24
Serie A,Marco Sportiello,Atalanta,ITA,GK,30,1992,15,1339
Serie A,Mario Pašalić,Atalanta,CRO,MF,27,1995,32,1769
Serie A,Marten de Roon,Atalanta,NED,MF,31,1991,35,2964
Serie A,Matteo Ruggeri,Atalanta,ITA,"MF,DF",20,2002,15,829
Serie A,Merih Demiral,Atalanta,TUR,DF,24,1998,28,1536
Serie A,Nadir Zortea,Atalanta,ITA,MF,23,1999,9,222
Serie A,Rafael Tolói,Atalanta,ITA,DF,31,1990,32,2784
Serie A,Rasmus Højlund,Atalanta,DEN,FW,19,2003,32,1834
Serie A,Ruslan Malinovskyi,Atalanta,UKR,MF,29,1993,15,553
Serie A,Teun Koopmeiners,Atalanta,NED,MF,24,1998,33,2858
Serie A,Tommaso De Nipoti,Atalanta,ITA,FW,19,2003,1,4
Serie A,Éderson Silva,Atalanta,BRA,MF,23,1999,35,2215
Serie A,Adama Soumaoro,Bologna,FRA,DF,30,1992,23,1867
Serie A,Andrea Cambiaso,Bologna,ITA,"DF,MF",22,2000,32,2170
Serie A,Antonio Raimondo,Bologna,ITA,FW,18,2004,2,15
Serie A,Babis Lykogiannis,Bologna,GRE,DF,28,1993,21,1108
Serie A,Denso Kasius,Bologna,NED,MF,19,2002,7,342
Serie A,Emanuel Vignato,Bologna,ITA,MF,21,2000,8,242
Serie A,Francesco Bardi,Bologna,ITA,GK,30,1992,1,90
Serie A,Gary Medel,Bologna,CHI,"MF,DF",34,1987,29,1478
Serie A,Giorgos Kyriakopoulos,Bologna,GRE,"DF,MF",26,1996,12,704
Serie A,Jerdy Schouten,Bologna,NED,MF,25,1997,33,2509
Serie A,Jhon Lucumí,Bologna,COL,DF,24,1998,33,2900
Serie A,Joaquin Sosa,Bologna,URU,DF,20,2002,10,688
Serie A,Joshua Zirkzee,Bologna,NED,FW,21,2001,19,822
Serie A,Kevin Bonifazi,Bologna,ITA,DF,26,1996,13,902
Serie A,Lewis Ferguson,Bologna,SCO,MF,22,1999,32,2314
Serie A,Lorenzo De Silvestri,Bologna,ITA,"DF,MF",34,1988,15,672
Serie A,Marko Arnautović,Bologna,AUT,FW,33,1989,21,1530
Serie A,Michel Aebischer,Bologna,SUI,"MF,FW",25,1997,32,1542
Serie A,Musa Barrow,Bologna,GAM,"MF,FW",23,1998,32,1960
Serie A,Nicola Sansone,Bologna,ITA,"FW,MF",30,1991,18,740
Serie A,Nicolás Domínguez,Bologna,ARG,MF,24,1998,31,2300
Serie A,Niklas Pyyhtiä,Bologna,FIN,MF,18,2003,6,110
Serie A,Nikola Moro,Bologna,CRO,MF,24,1998,26,1226
Serie A,Riccardo Orsolini,Bologna,ITA,"MF,FW",25,1997,32,2124
Serie A,Roberto Soriano,Bologna,ITA,MF,31,1991,27,1326
Serie A,Stefan Posch,Bologna,AUT,DF,25,1997,30,2532
Serie A,Łukasz Skorupski,Bologna,POL,GK,31,1991,37,3330
Serie A,Alberto Basso,Cremonese,ITA,FW,18,2004,1,16
Serie A,Alex Ferrari,Cremonese,ITA,DF,28,1994,16,1007
Serie A,Charles Pickel,Cremonese,COD,MF,25,1997,33,2483
Serie A,Christian Acella,Cremonese,ITA,MF,20,2002,1,15
Serie A,Cristian Buonaiuto,Cremonese,ITA,"MF,FW",29,1992,29,980
Serie A,Cyriel Dessers,Cremonese,NGA,FW,27,1994,26,1587
Serie A,Daniel Ciofani,Cremonese,ITA,FW,37,1985,32,1060
Serie A,David Okereke,Cremonese,NGA,"FW,MF",24,1997,33,2266
Serie A,Emanuel Aiwum,Cremonese,AUT,DF,21,2000,23,1653
Serie A,Emanuele Valeri,Cremonese,ITA,"MF,DF",23,1998,37,2785
Serie A,Felix Afena-Gyan,Cremonese,GHA,"FW,MF",19,2003,23,817
Serie A,Frank Tsadjout,Cremonese,ITA,FW,23,1999,20,1051
Serie A,Giacomo Quagliata,Cremonese,ITA,"MF,DF",22,2000,20,699
Serie A,Gonzalo Escalante,Cremonese,ARG,MF,29,1993,9,555
Serie A,Ionuț Radu,Cremonese,ROU,GK,25,1997,9,810
Serie A,Jack Hendry,Cremonese,SCO,DF,27,1995,4,220
Serie A,Jaime Báez,Cremonese,URU,MF,27,1995,2,96
Serie A,Johan Vásquez,Cremonese,MEX,DF,23,1998,25,1813
Serie A,Leonardo Sernicola,Cremonese,ITA,"MF,DF",25,1997,32,2317
Serie A,Luca Zanimacchia,Cremonese,ITA,MF,24,1998,15,746
Serie A,Luka Lochoshvili,Cremonese,GEO,DF,24,1998,25,1839
Serie A,Marco Benassi,Cremonese,ITA,MF,27,1994,15,998
Serie A,Marco Carnesecchi,Cremonese,ITA,GK,22,2000,27,2430
Serie A,Matteo Bianchetti,Cremonese,ITA,DF,29,1993,25,2132
Serie A,Michele Castagnetti,Cremonese,ITA,MF,32,1989,27,1412
Serie A,Mouhamadou Sarr,Cremonese,SEN,GK,25,1997,2,180
Serie A,Pablo Galdames Millán,Cremonese,CHI,MF,25,1996,13,734
Serie A,Paolo Ghiglione,Cremonese,ITA,MF,25,1997,15,711
Serie A,Samuel Di Carmine,Cremonese,ITA,FW,33,1988,2,28
Serie A,Santiago Ascacíbar,Cremonese,ARG,MF,25,1997,13,727
Serie A,Soualiho Meïté,Cremonese,FRA,MF,28,1994,31,2366
Serie A,Tommaso Milanese,Cremonese,ITA,MF,20,2002,2,27
Serie A,Vlad Chiricheș,Cremonese,ROU,DF,32,1989,16,983
Serie A,Alberto Grassi,Empoli,ITA,MF,27,1995,25,1194
Serie A,Ardian Ismajli,Empoli,ALB,DF,25,1996,25,2094
Serie A,Duccio Degl'Innocenti,Empoli,ITA,MF,19,2003,1,3
Serie A,Emanuel Vignato,Empoli,ITA,MF,21,2000,5,57
Serie A,Emmanuel Ekong,Empoli,SWE,FW,20,2002,2,20
Serie A,Fabiano Parisi,Empoli,ITA,DF,21,2000,33,2830
Serie A,Filippo Bandinelli,Empoli,ITA,MF,27,1995,35,2263
Serie A,Francesco Caputo,Empoli,ITA,FW,34,1987,21,1708
Serie A,Guglielmo Vicario,Empoli,ITA,GK,25,1996,31,2783
Serie A,Herculano Nabian,Empoli,POR,FW,18,2004,1,1
Serie A,Jacopo Fazzini,Empoli,ITA,MF,19,2003,21,825
Serie A,Jean-Daniel Akpa-Akpro,Empoli,CIV,MF,29,1992,24,1356
Serie A,Koni De Winter,Empoli,BEL,DF,20,2002,14,1024
Serie A,Liam Henderson,Empoli,SCO,MF,26,1996,25,1007
Serie A,Liberato Cacace,Empoli,NZL,DF,21,2000,12,587
Serie A,Lorenzo Tonelli,Empoli,ITA,DF,32,1990,1,19
Serie A,Marko Pjaca,Empoli,CRO,"MF,FW",27,1995,17,525
Serie A,Martin Satriano,Empoli,URU,FW,21,2001,31,1705
Serie A,Mattia Destro,Empoli,ITA,FW,31,1991,17,572
Serie A,Nedim Bajrami,Empoli,ALB,"MF,FW",23,1999,19,940
Serie A,Nicolas Haas,Empoli,SUI,MF,26,1996,24,1156
Serie A,Nicolò Cambiaghi,Empoli,ITA,"FW,MF",21,2000,28,1285
Serie A,Petar Stojanović,Empoli,SVN,DF,26,1995,27,1530
Serie A,Roberto Piccoli,Empoli,ITA,FW,21,2001,13,516
Serie A,Răzvan Marin,Empoli,ROU,MF,26,1996,33,2538
Serie A,Sam Lammers,Empoli,NED,FW,25,1997,14,883
Serie A,Samir Ujkani,Empoli,KVX,GK,34,1988,1,7
Serie A,Samuele Perisan,Empoli,ITA,GK,24,1997,7,630
Serie A,Sebastian Walukiewicz,Empoli,POL,DF,22,2000,11,603
Serie A,Sebastiano Luperto,Empoli,ITA,DF,25,1996,36,3135
Serie A,Tommaso Baldanzi,Empoli,ITA,MF,19,2003,26,1772
Serie A,Tyronne Ebuehi,Empoli,NGA,DF,26,1995,26,1923
Serie A,Aleksa Terzić,Fiorentina,SRB,DF,22,1999,22,935
Serie A,Alessandro Bianco,Fiorentina,ITA,MF,19,2002,7,153
Serie A,Alfred Duncan,Fiorentina,GHA,MF,29,1993,25,1103
Serie A,Antonín Barák,Fiorentina,CZE,MF,27,1994,30,1799
Serie A,Arthur Cabral,Fiorentina,BRA,FW,24,1998,28,1432
Serie A,Christian Kouamé,Fiorentina,CIV,"FW,MF",24,1997,28,1866
Serie A,Cristiano Biraghi,Fiorentina,ITA,DF,29,1992,33,2551
Serie A,Dodô,Fiorentina,BRA,DF,23,1998,33,2331
Serie A,Gaetano Castrovilli,Fiorentina,ITA,MF,25,1997,15,718
Serie A,Giacomo Bonaventura,Fiorentina,ITA,MF,32,1989,30,1911
Serie A,Igor,Fiorentina,BRA,DF,24,1998,27,2057
Serie A,Jonathan Ikone,Fiorentina,FRA,"MF,FW",24,1998,33,2007
Serie A,Josip Brekalo,Fiorentina,CRO,MF,24,1998,6,229
Serie A,Lorenzo Venuti,Fiorentina,ITA,DF,27,1995,17,924
Serie A,Luca Ranieri,Fiorentina,ITA,DF,23,1999,9,508
Serie A,Lucas Martínez Quarta,Fiorentina,ARG,DF,26,1996,27,2171
Serie A,Luka Jović,Fiorentina,SRB,FW,24,1997,31,1534
Serie A,Marco Benassi,Fiorentina,ITA,DF,27,1994,2,93
Serie A,Michele Cerofolini,Fiorentina,ITA,GK,23,1999,5,450
Serie A,Nicolás González,Fiorentina,ARG,"FW,MF",24,1998,24,1354
Serie A,Nikola Milenković,Fiorentina,SRB,DF,24,1997,27,2137
Serie A,Pierluigi Gollini,Fiorentina,ITA,GK,27,1995,3,270
Serie A,Pietro Terracciano,Fiorentina,ITA,GK,32,1990,29,2610
Serie A,Riccardo Saponara,Fiorentina,ITA,"MF,FW",30,1991,29,1208
Serie A,Riccardo Sottil,Fiorentina,ITA,"MF,FW",23,1999,18,833
Serie A,Rolando Mandragora,Fiorentina,ITA,MF,25,1997,29,1950
Serie A,Salvatore Sirigu,Fiorentina,ITA,GK,35,1987,1,90
Serie A,Sofyan Amrabat,Fiorentina,MAR,MF,25,1996,29,1998
Serie A,Szymon Żurkowski,Fiorentina,POL,MF,24,1997,2,32
Serie A,Youssef Maleh,Fiorentina,MAR,MF,23,1998,7,297
Serie A,Adolfo Gaich,Hellas Verona,ARG,FW,23,1999,16,726
Serie A,Adrien Tameze,Hellas Verona,CMR,MF,28,1994,37,3031
Serie A,Ajdin Hrustic,Hellas Verona,AUS,MF,26,1996,6,226
Serie A,Alessandro Cortinovis,Hellas Verona,ITA,MF,21,2001,1,6
Serie A,Antonín Barák,Hellas Verona,CZE,MF,27,1994,1,25
Serie A,Bruno Amione,Hellas Verona,ARG,DF,20,2002,1,58
Serie A,Cyril Ngonge,Hellas Verona,BEL,"MF,FW",22,2000,14,745
Serie A,Darko Lazović,Hellas Verona,SRB,MF,31,1990,30,2242
Serie A,Davide Faraoni,Hellas Verona,ITA,"MF,DF",30,1991,23,1485
Serie A,Deyovaisio Zeefuik,Hellas Verona,NED,"DF,MF",24,1998,1,10
Serie A,Diego Coppola,Hellas Verona,ITA,DF,18,2003,19,1177
Serie A,Fabio Depaoli,Hellas Verona,ITA,MF,25,1997,31,2173
Serie A,Federico Ceccherini,Hellas Verona,ITA,DF,30,1992,22,1417
Serie A,Filippo Terracciano,Hellas Verona,ITA,MF,19,2003,20,821
Serie A,Giangiacomo Magnani,Hellas Verona,ITA,DF,26,1995,24,1532
Serie A,Ibrahim Sulemana,Hellas Verona,GHA,MF,19,2003,16,651
Serie A,Isak Hien,Hellas Verona,SWE,DF,23,1999,32,2607
Serie A,Ivan Ilić,Hellas Verona,SRB,MF,21,2001,11,851
Serie A,Jayden Braaf,Hellas Verona,NED,MF,19,2002,6,288
Serie A,Josh Doig,Hellas Verona,SCO,MF,20,2002,22,1354
Serie A,Juan David Cabal,Hellas Verona,COL,DF,21,2001,11,444
Serie A,Kevin Lasagna,Hellas Verona,ITA,"FW,MF",29,1992,26,1572
Serie A,Koray Günter,Hellas Verona,GER,DF,27,1994,13,1003
Serie A,Lorenzo Montipò,Hellas Verona,ITA,GK,26,1996,37,3330
Serie A,Martin Hongla,Hellas Verona,CMR,MF,24,1998,9,523
Serie A,Miguel Veloso,Hellas Verona,POR,MF,36,1986,22,1163
Serie A,Milan Đurić,Hellas Verona,BIH,FW,32,1990,28,1366
Serie A,Oliver Abildgaard,Hellas Verona,DEN,MF,26,1996,13,592
Serie A,Ondrej Duda,Hellas Verona,SVK,MF,27,1994,15,1061
Serie A,Panagiotis Retsos,Hellas Verona,GRE,DF,23,1998,2,122
Serie A,Paweł Dawidowicz,Hellas Verona,POL,DF,27,1995,23,1632
Serie A,Roberto Piccoli,Hellas Verona,ITA,FW,21,2001,7,192
Serie A,Simone Perilli,Hellas Verona,ITA,GK,27,1995,1,90
Serie A,Simone Verdi,Hellas Verona,ITA,"MF,FW",30,1992,24,1096
Serie A,Thomas Henry,Hellas Verona,FRA,FW,27,1994,16,1030
Serie A,Yayah Kallon,Hellas Verona,SLE,MF,21,2001,22,860
Serie A,Alessandro Bastoni,Inter,ITA,DF,23,1999,29,2157
Serie A,Alex Cordaz,Inter,ITA,GK,39,1983,1,26
Serie A,André Onana,Inter,CMR,GK,26,1996,24,2160
Serie A,Danilo D'Ambrosio,Inter,ITA,DF,33,1988,15,733
Serie A,Denzel Dumfries,Inter,NED,MF,26,1996,34,2218
Serie A,Edin Džeko,Inter,BIH,FW,36,1986,33,1732
Serie A,Federico Dimarco,Inter,ITA,"MF,DF",24,1997,33,2069
Serie A,Francesco Acerbi,Inter,ITA,DF,34,1988,31,2425
Serie A,Hakan Çalhanoğlu,Inter,TUR,MF,28,1994,33,2363
Serie A,Henrikh Mkhitaryan,Inter,ARM,MF,33,1989,31,1986
Serie A,Joaquín Correa,Inter,ARG,FW,27,1994,26,950
Serie A,Kristjan Asllani,Inter,ALB,MF,20,2002,20,592
Serie A,Lautaro Martínez,Inter,ARG,FW,24,1997,38,2576
Serie A,Marcelo Brozović,Inter,CRO,MF,29,1992,28,1770
Serie A,Matteo Darmian,Inter,ITA,"MF,DF",32,1989,31,2025
Serie A,Mattia Zanotti,Inter,ITA,"DF,MF",19,2003,2,27
Serie A,Milan Škriniar,Inter,SVK,DF,27,1995,21,1769
Serie A,Nicolò Barella,Inter,ITA,MF,25,1997,35,2613
Serie A,Raoul Bellanova,Inter,ITA,MF,22,2000,18,496
Serie A,Roberto Gagliardini,Inter,ITA,MF,28,1994,19,783
Serie A,Robin Gosens,Inter,GER,MF,28,1994,32,1184
Serie A,Romelu Lukaku,Inter,BEL,FW,29,1993,25,1660
Serie A,Samir Handanović,Inter,SVN,GK,38,1984,14,1234
Serie A,Stefan de Vrij,Inter,NED,DF,30,1992,27,1945
Serie A,Valentin Carboni,Inter,ARG,MF,17,2005,5,25
Serie A,Adrien Rabiot,Juventus,FRA,MF,27,1995,32,2748
Serie A,Alex Sandro,Juventus,BRA,DF,31,1991,25,1787
Serie A,Arkadiusz Milik,Juventus,POL,FW,28,1994,27,1586
Serie A,Daniele Rugani,Juventus,ITA,DF,28,1994,9,564
Serie A,Danilo,Juventus,BRA,DF,31,1991,37,3184
Serie A,Denis Zakaria,Juventus,SUI,MF,25,1996,2,123
Serie A,Dušan Vlahović,Juventus,SRB,FW,22,2000,27,1925
Serie A,Enzo Barrenechea,Juventus,ARG,MF,21,2001,3,158
Serie A,Fabio Miretti,Juventus,ITA,"MF,FW",18,2003,27,1234
Serie A,Federico Chiesa,Juventus,ITA,"MF,FW",24,1997,21,852
Serie A,Federico Gatti,Juventus,ITA,DF,24,1998,18,1448
Serie A,Filip Kostić,Juventus,SRB,"MF,FW",29,1992,37,2564
Serie A,Gleison Bremer,Juventus,BRA,DF,25,1997,30,2634
Serie A,Juan Cuadrado,Juventus,COL,"MF,DF",34,1988,31,2078
Serie A,Leandro Paredes,Juventus,ARG,MF,28,1994,25,977
Serie A,Leonardo Bonucci,Juventus,ITA,DF,35,1987,16,879
Serie A,Manuel Locatelli,Juventus,ITA,MF,24,1998,32,2446
Serie A,Mattia De Sciglio,Juventus,ITA,"MF,DF",29,1992,17,1042
Serie A,Mattia Perin,Juventus,ITA,GK,29,1992,11,948
Serie A,Matìas Soulé,Juventus,ARG,"MF,FW",19,2003,13,420
Serie A,Moise Kean,Juventus,ITA,FW,22,2000,28,995
Serie A,Nicolò Fagioli,Juventus,ITA,MF,21,2001,26,1520
Serie A,Nicolò Rovella,Juventus,ITA,MF,20,2001,3,27
Serie A,Paul Pogba,Juventus,FRA,FW,29,1993,6,111
Serie A,Samuel Iling-Junior,Juventus,ENG,MF,18,2003,12,318
Serie A,Tommaso Barbieri,Juventus,ITA,MF,19,2002,3,109
Serie A,Weston McKennie,Juventus,USA,MF,23,1998,15,1052
Serie A,Wojciech Szczęsny,Juventus,POL,GK,32,1990,28,2472
Serie A,Ángel Di María,Juventus,ARG,"FW,MF",34,1988,26,1363
Serie A,Adam Marušić,Lazio,MNE,DF,29,1992,33,2760
Serie A,Alessio Romagnoli,Lazio,ITA,DF,27,1995,34,2922
Serie A,Ciro Immobile,Lazio,ITA,FW,32,1990,31,2219
Serie A,Danilo Cataldi,Lazio,ITA,MF,27,1994,29,1921
Serie A,Elseid Hysaj,Lazio,ALB,DF,28,1994,34,1998
Serie A,Felipe Anderson,Lazio,BRA,FW,29,1993,38,2958
Serie A,Ivan Provedel,Lazio,ITA,GK,28,1994,38,3413
Serie A,Luca Pellegrini,Lazio,ITA,DF,23,1999,7,180
Serie A,Luis Alberto,Lazio,ESP,MF,29,1992,35,2442
Serie A,Luka Romero,Lazio,ARG,FW,17,2004,6,151
Serie A,Luís Maximiano,Lazio,POR,GK,23,1999,1,5
Serie A,Manuel Lazzari,Lazio,ITA,DF,28,1993,28,1879
Serie A,Marco Bertini,Lazio,ITA,MF,19,2002,1,1
Serie A,Marcos Antônio,Lazio,BRA,MF,22,2000,16,594
Serie A,Mario Gila,Lazio,ESP,DF,21,2000,4,90
Serie A,Matteo Cancellieri,Lazio,ITA,FW,20,2002,20,256
Serie A,Mattia Zaccagni,Lazio,ITA,FW,27,1995,35,2770
Serie A,Matías Vecino,Lazio,URU,MF,30,1991,32,1691
Serie A,Nicolò Casale,Lazio,ITA,DF,24,1998,29,2437
Serie A,Patric,Lazio,ESP,DF,29,1993,18,1413
Serie A,Pedro,Lazio,ESP,FW,35,1987,36,1898
Serie A,Sergej Milinković-Savić,Lazio,SRB,MF,27,1995,36,3022
Serie A,Toma Bašić,Lazio,CRO,MF,25,1996,25,513
Serie A,Ștefan Radu,Lazio,ROU,DF,35,1986,1,1
Serie A,Alessandro Tuia,Lecce,ITA,DF,32,1990,7,509
Serie A,Alexis Blin,Lecce,FRA,MF,25,1996,35,2376
Serie A,Antonino Gallo,Lecce,ITA,DF,22,2000,32,2486
Serie A,Assan Ceesay,Lecce,GAM,FW,28,1994,34,1812
Serie A,Federico Baschirotto,Lecce,ITA,DF,25,1996,37,3330
Serie A,Federico Di Francesco,Lecce,ITA,"FW,MF",28,1994,36,2031
Serie A,Gabriel Strefezza,Lecce,BRA,"FW,MF",25,1997,35,2442
Serie A,Giuseppe Pezzella,Lecce,ITA,DF,24,1997,16,918
Serie A,Joan Gonzàlez,Lecce,ESP,MF,20,2002,35,2197
Serie A,Joel Voelkerling Persson,Lecce,SWE,FW,19,2003,9,99
Serie A,Kastriot Dermaku,Lecce,ALB,DF,30,1992,1,34
Serie A,Kristijan Bistrović,Lecce,CRO,MF,24,1998,11,461
Serie A,Kristoffer Askildsen,Lecce,NOR,MF,21,2001,21,728
Serie A,Lameck Banda,Lecce,ZAM,"FW,MF",21,2001,36,1636
Serie A,Lorenzo Colombo,Lecce,ITA,FW,20,2002,33,1515
Serie A,Marcin Listkowski,Lecce,POL,"FW,MF",24,1998,5,77
Serie A,Marin Pongračić,Lecce,CRO,DF,24,1997,9,790
Serie A,Morten Hjulmand,Lecce,DEN,MF,23,1999,35,2962
Serie A,Pablo Rodríguez,Lecce,ESP,"FW,MF",20,2001,4,54
Serie A,Pietro Ceccaroni,Lecce,ITA,DF,26,1995,2,43
Serie A,Remi Oudin,Lecce,FRA,"MF,FW",25,1996,31,1321
Serie A,Samuel Umtiti,Lecce,FRA,DF,28,1993,25,2113
Serie A,Simone Romagnoli,Lecce,ITA,DF,32,1990,7,167
Serie A,Tommaso Cassandro,Lecce,ITA,"DF,MF",22,2000,1,13
Serie A,Valentin Gendrey,Lecce,FRA,DF,22,2000,37,3101
Serie A,Wladimiro Falcone,Lecce,ITA,GK,27,1995,38,3420
Serie A,Youssef Maleh,Lecce,MAR,MF,23,1998,17,674
Serie A,Yıldırım Mert Çetin,Lecce,TUR,DF,25,1997,1,20
Serie A,Þórir Jóhann Helgason,Lecce,ISL,MF,21,2000,12,222
Serie A,Alessandro Florenzi,Milan,ITA,DF,31,1991,6,203
Serie A,Alexis Saelemaekers,Milan,BEL,MF,23,1999,30,1403
Serie A,Ante Rebić,Milan,CRO,"MF,FW",28,1993,23,980
Serie A,Antonio Mirante,Milan,ITA,GK,39,1983,1,2
Serie A,Aster Vranckx,Milan,BEL,MF,19,2002,9,240
Serie A,Brahim Díaz,Milan,MAR,MF,22,1999,33,1925
Serie A,Charles De Ketelaere,Milan,BEL,MF,21,2001,32,1116
Serie A,Ciprian Tătărușanu,Milan,ROU,GK,36,1986,16,1440
Serie A,Davide Calabria,Milan,ITA,DF,25,1996,25,1690
Serie A,Divock Origi,Milan,BEL,"FW,MF",27,1995,27,1027
Serie A,Fikayo Tomori,Milan,ENG,DF,24,1997,33,2760
Serie A,Fodé Ballo-Touré,Milan,SEN,"DF,MF",25,1997,10,523
Serie A,Ismaël Bennacer,Milan,ALG,MF,24,1997,28,2007
Serie A,Junior Messias,Milan,BRA,MF,31,1991,25,1498
Serie A,Malick Thiaw,Milan,GER,DF,20,2001,20,1362
Serie A,Marko Lazetić,Milan,SRB,FW,18,2004,1,9
Serie A,Matteo Gabbia,Milan,ITA,DF,22,1999,12,613
Serie A,Mike Maignan,Milan,FRA,GK,27,1995,22,1978
Serie A,Olivier Giroud,Milan,FRA,FW,35,1986,33,2139
Serie A,Pierre Kalulu,Milan,FRA,DF,22,2000,34,2548
Serie A,Rade Krunić,Milan,BIH,MF,28,1993,23,1657
Serie A,Rafael Leão,Milan,POR,MF,23,1999,35,2421
Serie A,Sandro Tonali,Milan,ITA,MF,22,2000,34,2713
Serie A,Sergiño Dest,Milan,USA,DF,21,2000,8,329
Serie A,Simon Kjær,Milan,DEN,DF,33,1989,17,1007
Serie A,Theo Hernández,Milan,FRA,"DF,MF",24,1997,32,2771
Serie A,Tiemoué Bakayoko,Milan,FRA,MF,27,1994,3,41
Serie A,Tommaso Pobega,Milan,ITA,MF,23,1999,19,883
Serie A,Yacine Adli,Milan,FRA,MF,22,2000,6,144
Serie A,Zlatan Ibrahimović,Milan,SWE,FW,40,1981,4,146
Serie A,Alessio Cragno,Monza,ITA,GK,28,1994,1,90
Serie A,Andrea Barberis,Monza,ITA,MF,28,1993,9,338
Serie A,Andrea Carboni,Monza,ITA,DF,21,2001,4,167
Serie A,Andrea Colpani,Monza,ITA,MF,23,1999,27,948
Serie A,Andrea Petagna,Monza,ITA,FW,27,1995,31,1663
Serie A,Andrea Ranocchia,Monza,ITA,DF,34,1988,1,47
Serie A,Armando Izzo,Monza,ITA,DF,30,1992,30,2466
Serie A,Carlos Augusto,Monza,BRA,MF,23,1999,35,3083
Serie A,Christian Gytkjær,Monza,DEN,FW,32,1990,22,559
Serie A,Dany Mota,Monza,POR,"FW,MF",24,1998,29,1912
Serie A,Filippo Ranocchia,Monza,ITA,"MF,FW",21,2001,14,530
Serie A,Franco Carboni,Monza,ITA,MF,19,2003,3,66
Serie A,Gianluca Caprari,Monza,ITA,"MF,FW",29,1993,37,2441
Serie A,Giulio Donati,Monza,ITA,"DF,MF",32,1990,8,422
Serie A,Luca Caldirola,Monza,ITA,DF,31,1991,31,2353
Serie A,Luca Marrone,Monza,ITA,DF,32,1990,2,135
Serie A,Marco D'Alessandro,Monza,ITA,MF,31,1991,8,290
Serie A,Marlon,Monza,BRA,DF,26,1995,28,1592
Serie A,Matteo Pessina,Monza,ITA,MF,25,1997,35,2932
Serie A,Mattia Valoti,Monza,ITA,"MF,FW",28,1993,16,453
Serie A,Michele Di Gregorio,Monza,ITA,GK,25,1997,37,3330
Serie A,Nicolò Rovella,Monza,ITA,MF,20,2001,25,1740
Serie A,Pablo Marí,Monza,ESP,DF,28,1993,30,2487
Serie A,Patrick Ciurria,Monza,ITA,MF,27,1995,36,2753
Serie A,Pepín,Monza,EQG,MF,25,1996,25,1123
Serie A,Salvatore Molina,Monza,ITA,MF,30,1992,5,229
Serie A,Samuele Birindelli,Monza,ITA,MF,23,1999,31,1400
Serie A,Samuele Vignato,Monza,ITA,MF,18,2004,5,62
Serie A,Stefano Sensi,Monza,ITA,MF,26,1995,28,1618
Serie A,Valentin Antov,Monza,BUL,DF,21,2000,9,306
Serie A,Warren Bondo,Monza,FRA,MF,18,2003,4,60
Serie A,Adam Ounas,Napoli,ALG,"FW,MF",25,1996,2,15
Serie A,Alessandro Zanoli,Napoli,ITA,MF,21,2000,1,12
Serie A,Alessio Zerbin,Napoli,ITA,"MF,FW",23,1999,10,198
Serie A,Alex Meret,Napoli,ITA,GK,25,1997,34,3060
Serie A,Amir Rrahmani,Napoli,KVX,DF,28,1994,29,2448
Serie A,Bartosz Bereszyński,Napoli,POL,DF,30,1992,3,166
Serie A,Diego Demme,Napoli,GER,MF,30,1991,7,146
Serie A,Elif Elmas,Napoli,MKD,"MF,FW",22,1999,36,1627
Serie A,Frank Anguissa,Napoli,CMR,MF,26,1995,36,3050
Serie A,Giacomo Raspadori,Napoli,ITA,"FW,MF",22,2000,25,911
Serie A,Gianluca Gaetano,Napoli,ITA,MF,22,2000,8,76
Serie A,Giovanni Di Lorenzo,Napoli,ITA,DF,28,1993,37,3257
Serie A,Giovanni Simeone,Napoli,ARG,FW,27,1995,25,406
Serie A,Hirving Lozano,Napoli,MEX,"FW,MF",27,1995,32,1605
Serie A,Juan Jesus,Napoli,BRA,DF,31,1991,15,933
Serie A,Karim Zedadka,Napoli,FRA,MF,22,2000,3,20
Serie A,Khvicha Kvaratskhelia,Napoli,GEO,FW,21,2001,34,2518
Serie A,Kim Min-jae,Napoli,KOR,DF,25,1996,35,3050
Serie A,Leo Østigård,Napoli,NOR,DF,22,1999,7,419
Serie A,Mathías Olivera,Napoli,URU,DF,24,1997,30,1643
Serie A,Matteo Politano,Napoli,ITA,FW,28,1993,27,1166
Serie A,Mário Rui,Napoli,POR,DF,31,1991,22,1749
Serie A,Pierluigi Gollini,Napoli,ITA,GK,27,1995,4,360
Serie A,Piotr Zieliński,Napoli,POL,MF,28,1994,37,2287
Serie A,Stanislav Lobotka,Napoli,SVK,MF,27,1994,38,3101
Serie A,Tanguy Ndombele,Napoli,FRA,MF,25,1996,30,807
Serie A,Victor Osimhen,Napoli,NGA,FW,23,1998,32,2566
Serie A,Andrea Belotti,Roma,ITA,FW,28,1993,31,1146
Serie A,Benjamin Tahirovic,Roma,BIH,MF,19,2003,11,355
Serie A,Bryan Cristante,Roma,ITA,MF,27,1995,36,2938
Serie A,Chris Smalling,Roma,ENG,DF,32,1989,32,2808
Serie A,Cristian Volpato,Roma,AUS,MF,18,2003,7,227
Serie A,Diego Llorente,Roma,ESP,DF,28,1993,9,573
Serie A,Edoardo Bove,Roma,ITA,"MF,DF",20,2002,22,992
Serie A,Eldor Shomurodov,Roma,UZB,FW,27,1995,6,119
Serie A,Filippo Missori,Roma,ITA,"MF,DF",18,2004,3,181
Serie A,Georginio Wijnaldum,Roma,NED,MF,31,1990,14,769
Serie A,Gianluca Mancini,Roma,ITA,DF,26,1996,35,2858
Serie A,Jordan Majchrzak,Roma,POL,FW,17,2004,1,14
Serie A,Leonardo Spinazzola,Roma,ITA,MF,29,1993,26,1654
Serie A,Lorenzo Pellegrini,Roma,ITA,MF,26,1996,32,2545
Serie A,Marash Kumbulla,Roma,ALB,DF,22,2000,7,259
Serie A,Matías Viña,Roma,URU,MF,24,1997,3,55
Serie A,Mile Svilar,Roma,SRB,GK,22,1999,3,270
Serie A,Mohamed Camara,Roma,GUI,MF,25,1997,15,696
Serie A,Nemanja Matić,Roma,SRB,MF,33,1988,35,1852
Serie A,Niccolò Pisilli,Roma,ITA,MF,17,2004,1,1
Serie A,Nicola Zalewski,Roma,POL,"MF,DF",20,2002,33,2197
Serie A,Nicolò Zaniolo,Roma,ITA,"MF,FW",23,1999,13,890
Serie A,Ola Solbakken,Roma,NOR,"MF,FW",23,1998,14,502
Serie A,Paulo Dybala,Roma,ARG,"MF,FW",28,1993,25,1739
Serie A,Rick Karsdorp,Roma,NED,MF,27,1995,13,711
Serie A,Roger Ibanez,Roma,BRA,DF,23,1998,33,2796
Serie A,Rui Patrício,Roma,POR,GK,34,1988,35,3150
Serie A,Stephan El Shaarawy,Roma,ITA,MF,29,1992,29,1523
Serie A,Tammy Abraham,Roma,ENG,FW,24,1997,38,2189
Serie A,Zeki Çelik,Roma,TUR,"MF,DF",25,1997,24,1504
Serie A,Antonio Candreva,Salernitana,ITA,MF,35,1987,35,2726
Serie A,Antonio Iervolino,Salernitana,ITA,MF,19,2003,1,5
Serie A,Boulaye Dia,Salernitana,SEN,"FW,MF",25,1996,33,2518
Serie A,Diego Valencia,Salernitana,CHI,"FW,MF",22,2000,12,231
Serie A,Domagoj Bradarić,Salernitana,CRO,"MF,DF",22,1999,31,2250
Serie A,Domen Črnigoj,Salernitana,SVN,MF,26,1995,7,296
Serie A,Dylan Bronn,Salernitana,TUN,DF,27,1995,24,1683
Serie A,Emil Bohinen,Salernitana,NOR,MF,23,1999,24,832
Serie A,Erik Botheim,Salernitana,NOR,"MF,FW",22,2000,28,866
Serie A,Federico Bonazzoli,Salernitana,ITA,FW,25,1997,24,1119
Serie A,Federico Fazio,Salernitana,ARG,DF,35,1987,14,1074
Serie A,Flavius Daniliuc,Salernitana,AUT,DF,21,2001,27,2195
Serie A,Franck Ribéry,Salernitana,FRA,"FW,MF",39,1983,1,37
Serie A,Giulio Maggiore,Salernitana,ITA,MF,24,1998,16,894
Serie A,Grigoris Kastanos,Salernitana,CYP,MF,24,1998,28,1286
Serie A,Guillermo Ochoa,Salernitana,MEX,GK,37,1985,20,1800
Serie A,Hans Nicolussi Caviglia,Salernitana,ITA,MF,22,2000,12,586
Serie A,Ivan Radovanović,Salernitana,SRB,"MF,DF",33,1988,10,671
Serie A,Julian Kristoffersen,Salernitana,NOR,FW,25,1997,1,18
Serie A,Junior Sambia,Salernitana,CTA,"MF,DF",25,1996,22,697
Serie A,Krzysztof Piątek,Salernitana,POL,FW,27,1995,33,2140
Serie A,Lassana Coulibaly,Salernitana,MLI,MF,26,1996,35,2892
Serie A,Lorenzo Pirola,Salernitana,ITA,DF,20,2002,26,1941
Serie A,Luigi Sepe,Salernitana,ITA,GK,31,1991,17,1530
Serie A,Matteo Lovato,Salernitana,ITA,DF,22,2000,17,814
Serie A,Norbert Gyömbér,Salernitana,SVK,DF,30,1992,27,1740
Serie A,Pasquale Mazzocchi,Salernitana,ITA,MF,27,1995,27,1958
Serie A,Tonny Vilhena,Salernitana,NED,MF,27,1995,33,2265
Serie A,Vincenzo Fiorillo,Salernitana,ITA,GK,32,1990,1,90
Serie A,William Troost-Ekong,Salernitana,NGA,DF,28,1993,9,444
Serie A,Abdelhamid Sabiri,Sampdoria,MAR,MF,25,1996,18,1069
Serie A,Alessandro Zanoli,Sampdoria,ITA,"MF,DF",21,2000,22,1540
Serie A,Alex Ferrari,Sampdoria,ITA,DF,28,1994,12,868
Serie A,Andrea Conti,Sampdoria,ITA,"DF,MF",28,1994,1,23
Serie A,Bartosz Bereszyński,Sampdoria,POL,"DF,MF",30,1992,15,1198
Serie A,Bram Nuytinck,Sampdoria,NED,DF,32,1990,19,1498
Serie A,Bruno Amione,Sampdoria,ARG,DF,20,2002,26,2086
Serie A,Daniele Montevago,Sampdoria,ITA,FW,19,2003,6,231
Serie A,Emil Audero,Sampdoria,IDN,GK,25,1997,25,2250
Serie A,Emirhan İlkhan,Sampdoria,TUR,MF,18,2004,8,113
Serie A,Fabio Depaoli,Sampdoria,ITA,DF,25,1997,3,136
Serie A,Fabio Quagliarella,Sampdoria,ITA,FW,39,1983,23,800
Serie A,Filip Đuričić,Sampdoria,SRB,MF,30,1992,32,2171
Serie A,Flavio Paoletti,Sampdoria,ITA,MF,19,2003,12,284
Serie A,Francesco Caputo,Sampdoria,ITA,FW,34,1987,15,1094
Serie A,Gerard Yepes,Sampdoria,ESP,MF,19,2002,5,198
Serie A,Gonzalo Villar,Sampdoria,ESP,MF,24,1998,15,696
Serie A,Harry Winks,Sampdoria,ENG,MF,26,1996,20,1716
Serie A,Ignacio Pussetto,Sampdoria,ARG,MF,26,1995,5,152
Serie A,Jeison Murillo,Sampdoria,COL,DF,30,1992,20,1057
Serie A,Jesé,Sampdoria,ESP,FW,29,1993,11,210
Serie A,Koray Günter,Sampdoria,GER,DF,27,1994,10,776
Serie A,Lorenzo Malagrida,Sampdoria,ITA,MF,18,2003,6,109
Serie A,Manolo Gabbiadini,Sampdoria,ITA,"FW,MF",30,1991,35,2354
Serie A,Manuel De Luca,Sampdoria,ITA,FW,24,1998,2,44
Serie A,Marios Oikonomou,Sampdoria,GRE,DF,29,1992,6,220
Serie A,Martin Turk,Sampdoria,SVN,GK,18,2003,4,360
Serie A,Mehdi Léris,Sampdoria,ALG,MF,24,1998,32,2460
Serie A,Mickaël Cuisance,Sampdoria,FRA,MF,22,1999,12,618
Serie A,Mihailo Ivanović,Sampdoria,SRB,FW,17,2004,1,4
Serie A,Nicola Murru,Sampdoria,ITA,DF,27,1994,20,784
Serie A,Nicola Ravaglia,Sampdoria,ITA,GK,33,1988,9,810
Serie A,Omar Colley,Sampdoria,GAM,DF,29,1992,16,1384
Serie A,Ronaldo Vieira,Sampdoria,GNB,MF,24,1998,16,815
Serie A,Sam Lammers,Sampdoria,NED,FW,25,1997,19,1100
Serie A,Samuel Ntanda,Sampdoria,COD,FW,17,2005,1,4
Serie A,Telasco Segovia,Sampdoria,VEN,MF,19,2003,1,4
Serie A,Tommaso Augello,Sampdoria,ITA,"MF,DF",27,1994,37,3061
Serie A,Tomás Rincón,Sampdoria,VEN,MF,34,1988,34,2555
Serie A,Valerio Verre,Sampdoria,ITA,MF,28,1994,18,677
Serie A,Abdou Harroui,Sassuolo,NED,MF,24,1998,23,647
Serie A,Agustín Álvarez,Sassuolo,URU,FW,21,2001,22,368
Serie A,Alessandro Russo,Sassuolo,ITA,GK,21,2001,1,90
Serie A,Andrea Consigli,Sassuolo,ITA,GK,35,1987,35,3150
Serie A,Andrea Pinamonti,Sassuolo,ITA,FW,23,1999,32,2161
Serie A,Armand Lauriente,Sassuolo,FRA,"FW,MF",23,1998,28,2175
Serie A,Davide Frattesi,Sassuolo,ITA,MF,22,1999,36,2873
Serie A,Domenico Berardi,Sassuolo,ITA,"FW,MF",27,1994,26,1866
Serie A,Emil Ceide,Sassuolo,NOR,FW,20,2001,19,515
Serie A,Filippo Romagna,Sassuolo,ITA,DF,25,1997,2,46
Serie A,Giacomo Raspadori,Sassuolo,ITA,"FW,MF",22,2000,1,45
Serie A,Gian Marco Ferrari,Sassuolo,ITA,DF,30,1992,33,2223
Serie A,Gianluca Pegolo,Sassuolo,ITA,GK,41,1981,2,180
Serie A,Giorgos Kyriakopoulos,Sassuolo,GRE,"FW,DF",26,1996,12,766
Serie A,Grégoire Defrel,Sassuolo,MTQ,FW,31,1991,27,1167
Serie A,Hamed Junior Traorè,Sassuolo,CIV,"MF,FW",22,2000,11,591
Serie A,Janis Antiste,Sassuolo,FRA,"FW,MF",19,2002,2,52
Serie A,Jeremy Toljan,Sassuolo,GER,DF,27,1994,31,2672
Serie A,Kaan Ayhan,Sassuolo,TUR,DF,27,1994,10,545
Serie A,Kristian Thorstvedt,Sassuolo,NOR,MF,23,1999,31,1136
Serie A,Luca D'Andrea,Sassuolo,ITA,FW,17,2004,5,316
Serie A,Martin Erlić,Sassuolo,CRO,DF,24,1998,28,2330
Serie A,Matheus Henrique,Sassuolo,BRA,MF,24,1997,30,1947
Serie A,Maxime Lopez,Sassuolo,FRA,MF,24,1997,30,2296
Serie A,Mert Müldür,Sassuolo,TUR,DF,23,1999,2,13
Serie A,Nadir Zortea,Sassuolo,ITA,DF,23,1999,10,657
Serie A,Nedim Bajrami,Sassuolo,ALB,FW,23,1999,18,819
Serie A,Pedro Obiang,Sassuolo,EQG,MF,30,1992,17,876
Serie A,Riccardo Marchizza,Sassuolo,ITA,DF,24,1998,10,283
Serie A,Rogério,Sassuolo,BRA,DF,24,1998,36,2996
Serie A,Ruan,Sassuolo,BRA,DF,23,1999,23,1711
Serie A,Albin Ekdal,Spezia,SWE,MF,33,1989,31,1734
Serie A,Arkadiusz Reca,Spezia,POL,"MF,DF",27,1995,30,2173
Serie A,Bartłomiej Drągowski,Spezia,POL,GK,24,1997,34,2946
Serie A,Daniel Maldini,Spezia,ITA,"FW,MF",20,2001,18,628
Serie A,Daniele Verde,Spezia,ITA,"FW,MF",26,1996,25,998
Serie A,Dimitris Nikolaou,Spezia,GRE,DF,23,1998,36,2958
Serie A,Dávid Strelec,Spezia,SVK,FW,21,2001,7,169
Serie A,Eldor Shomurodov,Spezia,UZB,FW,27,1995,15,809
Serie A,Emil Holm,Spezia,SWE,MF,22,2000,20,1393
Serie A,Emmanuel Gyasi,Spezia,GHA,"FW,MF",28,1994,35,2810
Serie A,Ethan Ampadu,Spezia,WAL,"DF,MF",21,2000,31,2639
Serie A,Federico Marchetti,Spezia,ITA,GK,39,1983,1,66
Serie A,Jacopo Sala,Spezia,ITA,MF,30,1991,6,112
Serie A,Jakub Kiwior,Spezia,POL,"DF,MF",22,2000,17,1443
Serie A,Jeroen Zoet,Spezia,NED,GK,31,1991,5,334
Serie A,João Moutinho,Spezia,POR,DF,24,1998,4,58
Serie A,Julius Beck,Spezia,DEN,MF,17,2005,1,10
Serie A,Kelvin Amian,Spezia,FRA,"DF,MF",24,1998,30,2372
Serie A,Kevin Agudelo,Spezia,COL,"MF,FW",23,1998,34,2131
Serie A,Leandro Sanca,Spezia,GNB,MF,22,2000,4,32
Serie A,M'Bala Nzola,Spezia,ANG,FW,25,1996,31,2653
Serie A,Mattia Caldara,Spezia,ITA,DF,28,1994,20,1253
Serie A,Mehdi Bourabia,Spezia,MAR,MF,30,1991,37,2771
Serie A,Mikael Ellertsson,Spezia,ISL,MF,20,2002,11,171
Serie A,Petar Zovko,Spezia,BIH,GK,20,2002,1,74
Serie A,Petko Hristov,Spezia,BUL,DF,23,1999,9,365
Serie A,Przemysław Wiśniewski,Spezia,POL,DF,24,1998,14,1003
Serie A,Raimonds Krollis,Spezia,LVA,FW,20,2001,4,36
Serie A,Salvador Ferrer,Spezia,ESP,MF,24,1998,5,136
Serie A,Salvatore Esposito,Spezia,ITA,MF,21,2000,15,971
Serie A,Simone Bastoni,Spezia,ITA,"MF,DF",25,1996,19,1189
Serie A,Szymon Żurkowski,Spezia,POL,MF,24,1997,10,427
Serie A,Tio Cipot,Spezia,SVN,MF,19,2003,8,139
Serie A,Viktor Kovalenko,Spezia,UKR,MF,26,1996,18,548
Serie A,Aleksei Miranchuk,Torino,RUS,MF,26,1995,29,2089
Serie A,Alessandro Buongiorno,Torino,ITA,DF,23,1999,34,2721
Serie A,Andrew Gravillon,Torino,GLP,DF,24,1998,7,312
Serie A,Antonio Sanabria,Torino,PAR,FW,26,1996,33,2433
Serie A,Brian Bayeye,Torino,COD,MF,22,2000,2,64
Serie A,David Zima,Torino,CZE,DF,21,2000,9,406
Serie A,Demba Seck,Torino,SEN,"MF,FW",21,2001,19,519
Serie A,Emirhan İlkhan,Torino,TUR,MF,18,2004,4,87
Serie A,Gvidas Gineitis,Torino,LTU,MF,18,2004,3,136
Serie A,Ivan Ilić,Torino,SRB,MF,21,2001,14,1177
Serie A,Jacopo Segre,Torino,ITA,MF,25,1997,1,21
Serie A,Karol Linetty,Torino,POL,MF,27,1995,32,1886
Serie A,Koffi Djidji,Torino,CIV,DF,29,1992,34,2424
Serie A,Michel Ndary Adopo,Torino,FRA,"MF,DF",22,2000,9,264
Serie A,Mërgim Vojvoda,Torino,KVX,MF,27,1995,29,1719
Serie A,Nemanja Radonjić,Torino,SRB,"MF,FW",26,1996,28,1461
Serie A,Nikola Vlašić,Torino,CRO,"MF,FW",24,1997,34,2728
Serie A,Ola Aina,Torino,NGA,MF,25,1996,19,876
Serie A,Perr Schuurs,Torino,NED,DF,22,1999,30,2326
Serie A,Pietro Pellegri,Torino,ITA,FW,21,2001,18,465
Serie A,Ricardo Rodríguez,Torino,SUI,"DF,MF",29,1992,35,2670
Serie A,Ronaldo Vieira,Torino,GNB,MF,24,1998,2,16
Serie A,Samuele Ricci,Torino,ITA,MF,20,2001,28,2070
Serie A,Saša Lukić,Torino,SRB,MF,25,1996,16,1195
Serie A,Valentino Lazaro,Torino,AUT,MF,26,1996,23,1373
Serie A,Vanja Milinković-Savić,Torino,SRB,GK,25,1997,38,3420
Serie A,Wilfried Singo,Torino,CIV,MF,21,2000,31,2046
Serie A,Yann Karamoh,Torino,FRA,MF,24,1998,21,716
Serie A,Adam Masina,Udinese,MAR,"DF,MF",28,1994,14,789
Serie A,Axel Guessand,Udinese,FRA,DF,17,2004,1,79
Serie A,Beto,Udinese,GNB,FW,24,1998,33,2129
Serie A,Bram Nuytinck,Udinese,NED,DF,32,1990,6,385
Serie A,Brandon Soppy,Udinese,FRA,MF,20,2002,1,90
Serie A,Destiny Udogie,Udinese,ITA,MF,19,2002,33,2704
Serie A,Enzo Ebosse,Udinese,CMR,"DF,MF",23,1999,20,930
Serie A,Festy Ebosele,Udinese,IRL,MF,19,2002,17,411
Serie A,Florian Thauvin,Udinese,FRA,"FW,MF",29,1993,16,546
Serie A,Gerard Deulofeu,Udinese,ESP,FW,28,1994,16,1211
Serie A,Ilija Nestorovski,Udinese,MKD,FW,32,1990,21,638
Serie A,Isaac Success,Udinese,NGA,FW,26,1996,30,1815
Serie A,Jaka Bijol,Udinese,SVN,DF,23,1999,32,2728
Serie A,James Abankwah,Udinese,IRL,DF,18,2004,2,63
Serie A,Jean-Victor Makengo,Udinese,FRA,MF,24,1998,16,805
Serie A,Kingsley Ehizibue,Udinese,NED,MF,27,1995,27,1535
Serie A,Lazar Samardzic,Udinese,SRB,"MF,FW",20,2002,37,1848
Serie A,Leonardo Buta,Udinese,POR,DF,20,2002,2,16
Serie A,Marco Silvestri,Udinese,ITA,GK,31,1991,38,3420
Serie A,Marvin Zeegelaar,Udinese,NED,"MF,DF",31,1990,7,353
Serie A,Mato Jajalo,Udinese,BIH,MF,34,1988,3,63
Serie A,Nehuén Pérez,Udinese,ARG,DF,22,2000,34,2818
Serie A,Nicolò Cocetta,Udinese,ITA,DF,18,2003,1,32
Serie A,Roberto Pereyra,Udinese,ARG,"MF,FW",31,1991,34,2820
Serie A,Rodrigo Becão,Udinese,BRA,DF,26,1996,28,2484
Serie A,Sandi Lovrić,Udinese,SVN,MF,24,1998,37,2335
Serie A,Simone Pafundi,Udinese,ITA,FW,16,2006,8,85
Serie A,Tolgay Arslan,Udinese,GER,MF,31,1990,36,1211
Serie A,Vivaldo Semedo,Udinese,POR,FW,17,2005,5,36
Serie A,Walace,Udinese,BRA,MF,27,1995,37,3190
